{"type": "FeatureCollection", "features": [{"type": "Feature", "properties": {"scalerank": 6, "featurecla": "Lake Centerline", "name": "Kama", "note": null, "min_zoom": 5.0, "name_alt": null, "name_en": "Kama", "min_label": 6.0}, "geometry": {"type": "LineString", "coordinates": [[51.937134, 55.701066], [51.880866, 55.686259], [51.820312, 55.697455], [51.747602, 55.693663], [51.662842, 55.608173], [51.578711, 55.599433], [51.513428, 55.583124], [51.508545, 55.529486], [51.48584, 55.496405], [51.369141, 55.467963], [51.213063, 55.50265], [51.134521, 55.482733], [51.079346, 55.467597], [50.980225, 55.466376], [50.834452, 55.45631], [50.688379, 55.420111], [50.411865, 55.40119], [50.078027, 55.381122], [49.822168, 55.334662], [49.532227, 55.260614], [49.382324, 55.17182], [49.248085, 55.113019]]}}, {"type": "Feature", "properties": {"scalerank": 6, "featurecla": "River", "name": "Kama", "note": null, "min_zoom": 5.0, "name_alt": null, "name_en": "Kama", "min_label": 6.0}, "geometry": {"type": "LineString", "coordinates": [[53.693848, 58.206317], [53.677148, 58.273456], [53.625879, 58.35705], [53.552344, 58.394477], [53.464746, 58.418769], [53.428955, 58.434882], [53.438867, 58.484565], [53.471436, 58.511005], [53.491797, 58.586737], [53.381104, 58.671942], [53.299561, 58.779975], [53.247168, 58.825214], [53.201172, 58.930365], [53.238672, 59.011298], [53.218652, 59.099482], [53.149902, 59.127997], [53.063086, 59.178241], [53.003174, 59.209247], [52.964258, 59.281855], [52.912012, 59.339667], [52.866211, 59.40246], [52.814551, 59.493769], [52.688965, 59.581562], [52.614746, 59.607733], [52.608643, 59.679755], [52.639063, 59.71015], [52.687402, 59.733759], [52.76709, 59.723651], [52.803223, 59.758173], [52.86582, 59.798358], [52.919922, 59.896308], [52.975, 59.956171], [53.035059, 59.973163], [53.126074, 59.989618], [53.220703, 60.014911], [53.322266, 60.052021], [53.400879, 60.055854], [53.450879, 60.07392], [53.492285, 60.124457], [53.526465, 60.138935], [53.594922, 60.137567], [53.732031, 60.18371], [53.825276, 60.209904], [53.896582, 60.258857], [53.946777, 60.292353], [53.986328, 60.322699], [54.038281, 60.337226], [54.105078, 60.335761], [54.154688, 60.357196], [54.266504, 60.361274], [54.313379, 60.336982], [54.391211, 60.276972], [54.520508, 60.238959], [54.849219, 60.245185], [55.035059, 60.225898], [55.146212, 60.20318], [55.25, 60.220966], [55.358301, 60.251288], [55.571191, 60.31081], [55.664258, 60.416523], [55.71543, 60.485419], [55.872656, 60.500116], [55.979395, 60.458686], [56.109619, 60.423847], [56.137207, 60.392279], [56.135254, 60.384711], [56.164551, 60.33393], [56.156152, 60.287299], [56.150098, 60.23371], [56.152246, 60.204657], [56.168213, 60.154853], [56.235742, 60.158515], [56.276855, 60.140497], [56.28125, 60.107367], [56.29873, 60.052436], [56.294336, 60.000507], [56.311035, 59.945258], [56.341406, 59.929511], [56.36377, 59.923041], [56.384668, 59.916571], [56.433838, 59.882685], [56.470898, 59.850458], [56.549561, 59.811469], [56.590918, 59.76557], [56.623242, 59.69123], [56.66084, 59.62453], [56.683496, 59.562079], [56.685791, 59.451923], [56.67832, 59.388788], [56.612305, 59.349066], [56.575293, 59.332782], [56.427002, 59.304267], [56.341553, 59.279364], [56.240137, 59.249579], [56.209082, 59.197455], [56.179297, 59.098163], [56.223527, 58.996622], [56.251855, 58.884833], [56.267822, 58.809516], [56.144531, 58.69599], [56.08877, 58.654853], [56.094824, 58.571845], [56.176855, 58.554462], [56.251221, 58.522162], [56.392822, 58.442694], [56.340723, 58.26142], [56.334473, 58.146015], [56.333252, 58.136054], [56.331348, 58.109735], [56.328223, 58.096381], [56.322021, 58.077753], [56.308496, 58.058539], [56.200781, 58.027899], [56.065888, 58.030233], [55.890869, 57.949286], [55.832031, 57.945575], [55.794461, 58.022366], [55.725586, 58.075507], [55.660645, 58.069037], [55.63252, 58.015082], [55.474854, 57.895819], [55.299219, 57.876654], [55.246582, 57.87414], [55.212305, 57.832465], [55.266992, 57.795966], [55.34668, 57.763251], [55.399805, 57.680487], [55.449316, 57.589911], [55.525098, 57.57746], [55.543701, 57.531562], [55.455566, 57.330439], [55.35498, 57.313056], [55.248242, 57.305609], [55.136475, 57.34162], [55.080664, 57.340839], [55.042578, 57.305439], [55.015723, 57.236591], [54.978516, 57.114447], [54.922266, 57.090839], [54.849854, 57.085565], [54.781494, 57.055365], [54.670313, 57.041938], [54.539438, 57.055183], [54.45332, 57.041938], [54.379004, 56.997748], [54.313477, 56.984076], [54.22168, 56.97912], [54.166992, 56.941913], [54.149658, 56.869892], [54.135937, 56.820258], [54.088379, 56.771186], [54.045654, 56.753046], [53.99585, 56.736151], [53.949463, 56.739814], [53.916992, 56.777411], [53.910156, 56.812201], [53.884521, 56.827899], [53.830957, 56.839057], [53.797461, 56.833686], [53.74585, 56.805365], [53.742578, 56.793647], [53.750488, 56.777118], [53.751953, 56.758734], [53.746973, 56.714716], [53.756592, 56.6737], [53.773926, 56.660907], [53.780518, 56.653876], [53.79248, 56.612665], [53.800098, 56.528144], [53.813965, 56.490058], [53.841797, 56.458075], [53.853516, 56.419379], [53.86582, 56.400653], [53.899902, 56.393183], [53.974512, 56.360297], [54.03457, 56.343085], [54.102051, 56.277777], [54.156641, 56.240107], [54.18457, 56.188349], [54.117188, 56.158271], [54.098633, 56.143671], [54.08291, 56.123114], [54.046777, 56.058051], [54.005859, 56.028925], [53.948828, 56.022284], [53.887939, 56.031806], [53.834473, 56.051215], [53.773682, 56.051215], [53.739355, 56.033564], [53.663477, 55.992621], [53.643311, 55.982294], [53.564941, 55.96955], [53.543457, 55.958686], [53.539551, 55.951044], [53.538574, 55.939716], [53.539648, 55.917743], [53.538574, 55.914252], [53.535645, 55.910761], [53.525781, 55.904071], [53.499268, 55.89289], [53.285742, 55.851996], [53.063477, 55.869818], [52.992187, 55.900336], [52.916602, 55.925849], [52.841797, 55.929877], [52.760254, 55.954169], [52.708496, 55.965155], [52.608643, 55.92829], [52.529541, 55.862812], [52.468262, 55.852362], [52.376709, 55.869818], [52.331527, 55.871444], [52.306396, 55.841986], [52.31582, 55.803241], [52.343514, 55.753289], [52.351758, 55.729315], [52.334952, 55.705342], [52.276563, 55.695746], [52.094141, 55.694892], [52.023193, 55.722113], [51.935653, 55.701066]]}}, {"type": "Feature", "properties": {"scalerank": 3, "featurecla": "Lake Centerline", "name": "Abay", "note": null, "min_zoom": 3.0, "name_alt": null, "name_en": "Abay", "min_label": 4.0}, "geometry": {"type": "LineString", "coordinates": [[37.113012, 11.854987], [37.150374, 11.893848], [37.196624, 11.905527], [37.26432, 11.902943], [37.320389, 11.834291], [37.387207, 11.632288]]}}, {"type": "Feature", "properties": {"scalerank": 3, "featurecla": "Lake Centerline", "name": "Al Furat", "note": null, "min_zoom": 3.0, "name_alt": null, "name_en": "Al Furat", "min_label": 4.0}, "geometry": {"type": "LineString", "coordinates": [[38.561192, 35.862643], [38.365338, 35.903261], [38.246224, 35.951139], [38.138634, 36.019843], [38.078534, 36.074129], [38.065822, 36.113972], [38.09197, 36.166682], [38.156875, 36.232156], [38.187985, 36.284297], [38.183851, 36.342485]]}}, {"type": "Feature", "properties": {"scalerank": 1, "featurecla": "Lake Centerline", "name": "Albert Nile", "note": null, "min_zoom": 2.0, "name_alt": null, "name_en": "Albert Nile", "min_label": 3.0}, "geometry": {"type": "LineString", "coordinates": [[31.366696, 2.193355], [31.355637, 2.254178], [31.382612, 2.305932], [31.474699, 2.400422]]}}, {"type": "Feature", "properties": {"scalerank": 2, "featurecla": "Lake Centerline", "name": "Angara", "note": null, "min_zoom": 2.1, "name_alt": null, "name_en": "Angara", "min_label": 3.1}, "geometry": {"type": "MultiLineString", "coordinates": [[[106.497304, 52.383108], [106.437772, 52.414889], [106.352196, 52.403675], [106.220628, 52.360112], [106.068699, 52.264407], [105.896203, 52.116664], [105.725258, 51.997757], [105.555759, 51.907788], [105.361094, 51.847327], [105.141262, 51.816372], [104.989902, 51.818569], [104.865672, 51.871511]], [[103.374187, 53.107275], [103.403487, 53.282097], [103.403591, 53.425008], [103.384212, 53.5943], [103.278895, 53.796717], [103.087382, 54.032258], [103.057772, 54.218293], [103.18996, 54.354874], [103.250783, 54.481481], [103.240241, 54.598166], [103.192441, 54.695628], [103.107381, 54.773815], [103.132651, 54.892076], [103.268147, 55.050335], [103.32928, 55.180353], [103.315947, 55.282052], [103.277965, 55.378532], [103.215333, 55.469896], [103.185568, 55.574541], [103.188772, 55.692467], [103.150583, 55.776802], [103.071104, 55.827549], [103.02382, 55.895219], [103.008628, 55.979865], [102.964599, 56.057199], [102.891632, 56.127272], [102.751486, 56.173057], [102.54416, 56.194555], [102.303968, 56.167554], [102.030806, 56.092055], [101.862858, 56.071772], [101.800174, 56.106705], [101.777385, 56.165823], [101.803223, 56.290776]], [[102.673971, 57.943079], [102.673868, 57.855074], [102.651233, 57.789496], [102.606068, 57.717046], [102.533721, 57.637619], [102.434296, 57.551164], [102.37125, 57.44559], [102.344585, 57.320843], [102.337971, 57.194752], [102.358021, 57.003704]]]}}, {"type": "Feature", "properties": {"scalerank": 6, "featurecla": "Lake Centerline", "name": "Atbara", "note": null, "min_zoom": 5.0, "name_alt": null, "name_en": "Atbara", "min_label": 6.0}, "geometry": {"type": "LineString", "coordinates": [[35.924144, 14.935368], [35.900166, 14.86346], [35.895411, 14.619625]]}}, {"type": "Feature", "properties": {"scalerank": 6, "featurecla": "Lake Centerline", "name": "Biya", "note": null, "min_zoom": 5.0, "name_alt": null, "name_en": "Biya", "min_label": 6.0}, "geometry": {"type": "LineString", "coordinates": [[87.755708, 51.364384], [87.685739, 51.635867], [87.594788, 51.735163], [87.39201, 51.761621]]}}, {"type": "Feature", "properties": {"scalerank": 6, "featurecla": "Lake Centerline", "name": "Dalälven", "note": null, "min_zoom": 5.0, "name_alt": null, "name_en": "Dalälven", "min_label": 6.0}, "geometry": {"type": "MultiLineString", "coordinates": [[[16.433964, 60.156044], [16.323169, 60.121679]], [[17.416023, 60.509589], [17.388892, 60.461013], [17.245904, 60.401688], [16.97791, 60.315337], [16.831769, 60.251956], [16.807274, 60.211467], [16.721026, 60.184234], [16.498869, 60.163253]], [[14.551495, 60.997724], [14.63242, 60.922121], [14.7289, 60.88078], [14.867909, 60.848483], [14.946251, 60.806366], [14.972761, 60.728335]], [[13.717437, 61.414184], [13.672272, 61.468496], [13.591088, 61.502086], [13.4589, 61.533144], [13.347537, 61.577353], [13.211731, 61.663472]]]}}, {"type": "Feature", "properties": {"scalerank": 6, "featurecla": "Lake Centerline", "name": "Dniester", "note": null, "min_zoom": 5.0, "name_alt": null, "name_en": "Dniester", "min_label": 6.0}, "geometry": {"type": "LineString", "coordinates": [[30.478326, 46.101166], [30.311204, 46.233483], [30.258856, 46.288209], [30.268778, 46.320041]]}}, {"type": "Feature", "properties": {"scalerank": 4, "featurecla": "Lake Centerline", "name": "Dnipro", "note": null, "min_zoom": 4.0, "name_alt": "Dnieper", "name_en": "Dnieper", "min_label": 5.0}, "geometry": {"type": "MultiLineString", "coordinates": [[[33.539896, 46.83125], [33.606456, 46.868767], [33.661594, 46.956979], [33.738747, 47.049583], [33.85874, 47.149215], [33.975839, 47.307216], [33.997543, 47.411241], [34.154897, 47.489556], [34.447903, 47.542215], [34.711504, 47.55255], [34.945805, 47.520666], [35.087967, 47.527539], [35.138093, 47.573272], [35.14879, 47.657479], [35.105692, 47.841576]], [[33.193974, 49.093903], [32.884484, 49.224903], [32.602848, 49.302211], [31.886457, 49.554702]], [[31.439869, 50.000101], [31.47966, 49.93287], [31.486482, 49.871375], [31.467361, 49.754173]], [[30.507627, 51.217313], [30.477706, 50.904335], [30.479463, 50.749151], [30.514655, 50.596602]]]}}, {"type": "Feature", "properties": {"scalerank": 6, "featurecla": "Lake Centerline", "name": "Don", "note": null, "min_zoom": 5.0, "name_alt": null, "name_en": "Don", "min_label": 6.0}, "geometry": {"type": "LineString", "coordinates": [[42.109709, 47.601772], [42.303392, 47.660657], [42.484157, 47.728457], [42.663009, 47.794344], [42.832456, 47.837649], [42.881393, 47.884726], [42.927075, 47.961156], [43.042365, 48.186051], [43.132231, 48.293848], [43.236772, 48.389424], [43.458619, 48.539389], [43.527504, 48.614268], [43.521613, 48.652612], [43.480581, 48.698527], [43.464872, 48.737387], [43.47438, 48.76922], [43.521561, 48.820741], [43.606414, 48.891951], [43.690284, 48.92859], [43.773173, 48.930709], [43.84366, 48.949002], [43.895905, 48.967632], [43.922828, 49.009567], [43.937815, 49.072457], [43.984633, 49.135812], [43.955746, 49.186249], [43.904845, 49.204206], [43.784801, 49.203147], [43.749144, 49.207178], [43.708165, 49.249707], [43.700103, 49.327894], [43.65933, 49.40192], [43.602383, 49.485714], [43.549104, 49.506643]]}}, {"type": "Feature", "properties": {"scalerank": 3, "featurecla": "Lake Centerline", "name": "El Bahr el Azraq", "note": null, "min_zoom": 3.0, "name_alt": "Blue Nile", "name_en": "Blue Nile", "min_label": 4.0}, "geometry": {"type": "LineString", "coordinates": [[34.379638, 11.78308], [34.409249, 11.638851], [34.508726, 11.517178], [34.777547, 11.296443]]}}, {"type": "Feature", "properties": {"scalerank": 2, "featurecla": "Lake Centerline", "name": "Ertis", "note": null, "min_zoom": 2.1, "name_alt": null, "name_en": "Ertis", "min_label": 3.1}, "geometry": {"type": "LineString", "coordinates": [[83.363728, 49.643843], [83.603197, 49.519872], [83.730528, 49.470547], [83.825612, 49.454475], [83.959454, 49.379415], [84.13195, 49.245367], [84.204091, 49.161961], [84.175772, 49.129301], [84.012423, 49.070028], [83.714043, 48.984142], [83.53271, 48.888747], [83.468425, 48.783844], [83.450442, 48.668451], [83.478864, 48.542515], [83.524287, 48.45451], [83.586816, 48.404384], [83.589038, 48.359038], [83.531057, 48.318472], [83.50651, 48.272713], [83.515502, 48.221837], [83.642471, 48.136804], [83.887314, 48.017638], [84.072471, 47.90227], [84.197838, 47.790701], [84.284602, 47.734218], [84.356846, 47.732126]]}}, {"type": "Feature", "properties": {"scalerank": 3, "featurecla": "Lake Centerline", "name": "Firat", "note": null, "min_zoom": 3.0, "name_alt": null, "name_en": "Firat", "min_label": 4.0}, "geometry": {"type": "LineString", "coordinates": [[38.767794, 38.812825], [38.812649, 38.874992], [38.739579, 39.078442]]}}, {"type": "Feature", "properties": {"scalerank": 6, "featurecla": "Lake Centerline", "name": "Gan", "note": null, "min_zoom": 5.0, "name_alt": null, "name_en": "Gan", "min_label": 6.0}, "geometry": {"type": "LineString", "coordinates": [[115.981893, 29.279195], [116.034396, 29.319193], [116.088294, 29.437222], [116.19759, 29.751388]]}}, {"type": "Feature", "properties": {"scalerank": 6, "featurecla": "Lake Centerline", "name": "Han", "note": null, "min_zoom": 5.0, "name_alt": null, "name_en": "Han", "min_label": 6.0}, "geometry": {"type": "LineString", "coordinates": [[111.477671, 32.567806], [111.000078, 32.740689]]}}, {"type": "Feature", "properties": {"scalerank": 3, "featurecla": "Lake Centerline", "name": "Huang", "note": null, "min_zoom": 3.0, "name_alt": null, "name_en": "Huang", "min_label": 4.0}, "geometry": {"type": "MultiLineString", "coordinates": [[[97.288253, 34.835445], [97.247791, 34.889318], [97.193685, 34.913115], [97.072039, 34.930607]], [[97.76285, 35.088091], [97.713654, 34.961897], [97.659393, 34.908877], [97.545912, 34.875985]]]}}, {"type": "Feature", "properties": {"scalerank": 3, "featurecla": "Lake Centerline", "name": "Indus", "note": null, "min_zoom": 3.0, "name_alt": null, "name_en": "Indus", "min_label": 4.0}, "geometry": {"type": "LineString", "coordinates": [[72.781635, 34.622538], [72.834759, 34.371494], [72.847574, 34.257961], [72.837963, 34.198223], [72.801582, 34.147658], [72.707015, 34.085568]]}}, {"type": "Feature", "properties": {"scalerank": 6, "featurecla": "Lake Centerline", "name": "Jordan", "note": null, "min_zoom": 5.0, "name_alt": null, "name_en": "Jordan", "min_label": 6.0}, "geometry": {"type": "MultiLineString", "coordinates": [[[35.422882, 31.325375], [35.465463, 31.562363], [35.499467, 31.672382], [35.558998, 31.765529]], [[35.598892, 32.899723], [35.576878, 32.720303]]]}}, {"type": "Feature", "properties": {"scalerank": 6, "featurecla": "Lake Centerline", "name": "Krishna", "note": null, "min_zoom": 5.0, "name_alt": null, "name_en": "Krishna", "min_label": 6.0}, "geometry": {"type": "LineString", "coordinates": [[78.997173, 16.230302], [79.156853, 16.235004], [79.210907, 16.300737], [79.212664, 16.429049], [79.238451, 16.514755], [79.31333, 16.579376]]}}, {"type": "Feature", "properties": {"scalerank": 6, "featurecla": "Lake Centerline", "name": "Mahäna Nadï", "note": null, "min_zoom": 5.0, "name_alt": null, "name_en": "Mahäna Nadï", "min_label": 6.0}, "geometry": {"type": "LineString", "coordinates": [[83.857652, 21.520134], [83.713165, 21.673148], [83.63596, 21.728235], [83.577979, 21.7364], [83.528473, 21.716737], [83.487545, 21.669246], [83.425223, 21.657903], [83.29965, 21.695162]]}}, {"type": "Feature", "properties": {"scalerank": 5, "featurecla": "Lake Centerline", "name": "Mouhoun", "note": null, "min_zoom": 4.7, "name_alt": "Black Volta", "name_en": "Black Volta", "min_label": 5.7}, "geometry": {"type": "LineString", "coordinates": [[-1.712836, 8.630585], [-1.57026, 8.681822], [-1.501712, 8.714197], [-1.436935, 8.756107], [-1.376009, 8.761817], [-1.299812, 8.714197], [-1.176641, 8.672443], [-0.97624, 8.661616]]}}, {"type": "Feature", "properties": {"scalerank": 6, "featurecla": "Lake Centerline", "name": "Nakanbé", "note": null, "min_zoom": 5.0, "name_alt": "White Volta", "name_en": "White Volta", "min_label": 6.0}, "geometry": {"type": "LineString", "coordinates": [[-0.974224, 8.661203], [-1.111115, 8.855661], [-1.155479, 8.969505], [-1.151681, 9.11655]]}}, {"type": "Feature", "properties": {"scalerank": 5, "featurecla": "Lake Centerline", "name": "Naryn", "note": null, "min_zoom": 4.7, "name_alt": null, "name_en": "Naryn", "min_label": 5.7}, "geometry": {"type": "LineString", "coordinates": [[73.30026, 41.77621], [72.932427, 41.789543], [72.770783, 41.762361], [72.653685, 41.667431]]}}, {"type": "Feature", "properties": {"scalerank": 5, "featurecla": "Lake Centerline", "name": "Neva", "note": null, "min_zoom": 4.7, "name_alt": null, "name_en": "Neva", "min_label": 5.7}, "geometry": {"type": "LineString", "coordinates": [[31.042788, 59.950992], [31.180867, 59.982954], [31.273678, 60.053906], [31.414031, 60.234825]]}}, {"type": "Feature", "properties": {"scalerank": 3, "featurecla": "Lake Centerline", "name": "Niger", "note": null, "min_zoom": 3.0, "name_alt": null, "name_en": "Niger", "min_label": 4.0}, "geometry": {"type": "MultiLineString", "coordinates": [[[4.625692, 9.864514], [4.529419, 10.238548], [4.537119, 10.424739], [4.656595, 10.609275]], [[-3.979545, 15.281238], [-4.166329, 15.365057], [-4.24741, 15.421488], [-4.303892, 15.506961]]]}}, {"type": "Feature", "properties": {"scalerank": 1, "featurecla": "Lake Centerline", "name": "Nile", "note": null, "min_zoom": 2.0, "name_alt": null, "name_en": "Nile", "min_label": 3.0}, "geometry": {"type": "LineString", "coordinates": [[32.879471, 23.987683], [32.90872, 23.80847], [32.902933, 23.69628], [32.871823, 23.591377], [32.877921, 23.480893], [32.902623, 23.41454], [32.914146, 23.331884], [32.85508, 23.207654], [32.679897, 23.009423], [32.58688, 22.875658], [32.576131, 22.806386], [32.514222, 22.740163], [32.418311, 22.671536], [32.326275, 22.652881], [32.231914, 22.718071], [32.137088, 22.733471], [32.041693, 22.69908], [31.960716, 22.629885], [31.894054, 22.525835], [31.735355, 22.395378], [31.544359, 22.25151], [31.399975, 22.093122], [31.362251, 21.979796], [31.280241, 21.844636], [31.09064, 21.609198]]}}, {"type": "Feature", "properties": {"scalerank": 4, "featurecla": "Lake Centerline", "name": "Ob", "note": null, "min_zoom": 4.0, "name_alt": null, "name_en": "Ob", "min_label": 5.0}, "geometry": {"type": "LineString", "coordinates": [[83.025351, 54.845206], [82.312423, 54.49086], [82.003967, 54.358362], [81.86227, 54.329604], [81.74052, 54.268936], [81.638666, 54.176332], [81.522084, 54.104088], [81.390619, 54.052257], [81.32716, 53.991149], [81.334085, 53.885626]]}}, {"type": "Feature", "properties": {"scalerank": 4, "featurecla": "Lake Centerline", "name": "Rhein", "note": null, "min_zoom": 4.0, "name_alt": null, "name_en": "Rhein", "min_label": 5.0}, "geometry": {"type": "MultiLineString", "coordinates": [[[9.127536, 47.670682], [8.881143, 47.656394]], [[9.18283, 47.670682], [9.554384, 47.511157]]]}}, {"type": "Feature", "properties": {"scalerank": 6, "featurecla": "Lake Centerline", "name": "Rhône", "note": null, "min_zoom": 5.0, "name_alt": null, "name_en": "Rhône", "min_label": 6.0}, "geometry": {"type": "LineString", "coordinates": [[6.1333, 46.204596], [6.23469, 46.332624], [6.321919, 46.393706], [6.42889, 46.4305], [6.578234, 46.437373], [6.866072, 46.402801]]}}, {"type": "Feature", "properties": {"scalerank": 6, "featurecla": "Lake Centerline", "name": "Sassandra", "note": null, "min_zoom": 5.0, "name_alt": null, "name_en": "Sassandra", "min_label": 6.0}, "geometry": {"type": "LineString", "coordinates": [[-7.043492, 7.041483], [-7.057445, 6.910793], [-7.039126, 6.824597], [-6.993134, 6.739331], [-6.988741, 6.585697], [-7.025638, 6.365374], [-7.007655, 6.263907]]}}, {"type": "Feature", "properties": {"scalerank": 6, "featurecla": "Lake Centerline", "name": "Semliki", "note": null, "min_zoom": 5.0, "name_alt": null, "name_en": "Semliki", "min_label": 6.0}, "geometry": {"type": "MultiLineString", "coordinates": [[[29.452187, -0.606939], [29.597191, -0.134152]], [[31.366696, 2.193355], [31.158801, 1.922002], [30.942535, 1.682792], [30.478171, 1.239046]]]}}, {"type": "Feature", "properties": {"scalerank": 4, "featurecla": "Lake Centerline", "name": "Shishhid Gol", "note": null, "min_zoom": 4.0, "name_alt": null, "name_en": "Shishhid Gol", "min_label": 5.0}, "geometry": {"type": "LineString", "coordinates": [[99.426727, 51.348701], [99.309835, 51.410428]]}}, {"type": "Feature", "properties": {"scalerank": 6, "featurecla": "Lake Centerline", "name": "Suez Canal", "note": null, "min_zoom": 5.0, "name_alt": null, "name_en": "Suez Canal", "min_label": 6.0}, "geometry": {"type": "LineString", "coordinates": [[32.560938, 30.180665], [32.359503, 30.424293]]}}, {"type": "Feature", "properties": {"scalerank": 4, "featurecla": "Lake Centerline", "name": "Sukhona", "note": null, "min_zoom": 4.0, "name_alt": null, "name_en": "Sukhona", "min_label": 5.0}, "geometry": {"type": "LineString", "coordinates": [[39.053462, 59.868439], [39.500101, 59.615845], [39.686394, 59.53001], [39.798636, 59.52523]]}}, {"type": "Feature", "properties": {"scalerank": 6, "featurecla": "Lake Centerline", "name": "Sutlej", "note": null, "min_zoom": 5.0, "name_alt": null, "name_en": "Sutlej", "min_label": 6.0}, "geometry": {"type": "MultiLineString", "coordinates": [[[81.294707, 30.791661], [81.199313, 30.852096]], [[76.764648, 31.408626], [76.743564, 31.333643], [76.714832, 31.298452], [76.67132, 31.277988], [76.595976, 31.306358], [76.435056, 31.422268]]]}}, {"type": "Feature", "properties": {"scalerank": 5, "featurecla": "Lake Centerline", "name": "Svir’", "note": null, "min_zoom": 4.7, "name_alt": null, "name_en": "Svir’", "min_label": 5.7}, "geometry": {"type": "LineString", "coordinates": [[31.414031, 60.234825], [31.594589, 60.407683], [31.798297, 60.519717], [32.085515, 60.628599], [32.356403, 60.654567], [32.611064, 60.597645], [32.710645, 60.543617], [32.821129, 60.483337]]}}, {"type": "Feature", "properties": {"scalerank": 5, "featurecla": "Lake Centerline", "name": "Syr Darya", "note": null, "min_zoom": 4.7, "name_alt": null, "name_en": "Syr Darya", "min_label": 5.7}, "geometry": {"type": "MultiLineString", "coordinates": [[[70.355013, 40.435362], [70.31853, 40.37118], [70.186497, 40.33051], [69.826984, 40.272684]], [[68.455801, 41.106768], [68.173183, 41.129531], [68.050451, 41.16524], [68.002702, 41.212368], [67.990817, 41.254717]], [[61.760189, 46.021119], [61.562372, 46.109537]]]}}, {"type": "Feature", "properties": {"scalerank": 5, "featurecla": "Lake Centerline", "name": "Tajo", "note": null, "min_zoom": 4.7, "name_alt": null, "name_en": "Tajo", "min_label": 5.7}, "geometry": {"type": "MultiLineString", "coordinates": [[[-5.995572, 39.851857], [-5.850878, 39.807157], [-5.655696, 39.797261], [-5.214896, 39.812299]], [[-2.7336, 40.52825], [-2.576814, 40.724388]]]}}, {"type": "Feature", "properties": {"scalerank": 4, "featurecla": "Lake Centerline", "name": "Ural", "note": null, "min_zoom": 4.0, "name_alt": null, "name_en": "Ural", "min_label": 5.0}, "geometry": {"type": "LineString", "coordinates": [[58.835096, 52.196814], [58.781663, 52.071499], [58.766884, 51.976414], [58.772775, 51.869702], [58.739547, 51.786038], [58.630871, 51.695088]]}}, {"type": "Feature", "properties": {"scalerank": 4, "featurecla": "Lake Centerline", "name": "Verkhniy Yenisey", "note": null, "min_zoom": 4.0, "name_alt": null, "name_en": "Verkhniy Yenisey", "min_label": 5.0}, "geometry": {"type": "LineString", "coordinates": [[91.510931, 53.735428], [91.454397, 53.830203], [91.466386, 53.903609], [91.527985, 53.987299], [91.555993, 54.045642], [91.550516, 54.078767], [91.484318, 54.16703], [91.357504, 54.310535], [91.285622, 54.41456], [91.268672, 54.479156], [91.178755, 54.550211], [91.015768, 54.627803], [90.938615, 54.721673], [90.947193, 54.831899], [90.988379, 54.925847], [91.062173, 55.003516], [91.351045, 55.086974], [91.85489, 55.176219], [92.18226, 55.291406], [92.408448, 55.503124]]}}, {"type": "Feature", "properties": {"scalerank": 1, "featurecla": "Lake Centerline", "name": "Victoria Nile", "note": null, "min_zoom": 2.0, "name_alt": null, "name_en": "Victoria Nile", "min_label": 3.0}, "geometry": {"type": "MultiLineString", "coordinates": [[[33.187256, 0.428191], [33.25888, 0.378634], [33.231646, 0.294298], [33.12943, 0.158802], [33.017913, -0.051883], [32.897093, -0.337602], [32.744389, -0.545444], [32.559698, -0.675462], [32.292427, -0.789254], [31.767601, -0.935705]], [[32.544712, 1.521845], [32.61432, 1.454459], [32.684651, 1.426502], [32.779529, 1.421593], [32.83534, 1.404695], [32.893114, 1.311445]], [[32.240957, 1.665842], [32.475362, 1.551637]]]}}, {"type": "Feature", "properties": {"scalerank": 6, "featurecla": "Lake Centerline", "name": "Vilyuy", "note": null, "min_zoom": 5.0, "name_alt": null, "name_en": "Vilyuy", "min_label": 6.0}, "geometry": {"type": "LineString", "coordinates": [[109.586831, 63.455455], [109.813587, 63.426], [109.938954, 63.435146], [110.038276, 63.473129], [110.142456, 63.480312], [110.251493, 63.456695], [110.345131, 63.422589], [110.423369, 63.377941], [110.448535, 63.312596], [110.420527, 63.226554], [110.474218, 63.176713], [110.609714, 63.163018], [110.64382, 63.128318], [110.576538, 63.072559], [110.665008, 63.007989], [110.909024, 62.934608], [111.056508, 62.93528], [111.107358, 63.010056], [111.233759, 63.056823], [111.435813, 63.075633], [111.576477, 63.126095], [111.655852, 63.208183], [111.740704, 63.238983], [111.830931, 63.218467], [111.886329, 63.176041], [111.906896, 63.111704], [111.868552, 63.059459], [111.771504, 63.019254], [111.776878, 62.964684], [111.884778, 62.895799], [111.994952, 62.859781], [112.107297, 62.856732], [112.207756, 62.905799], [112.296123, 63.007033], [112.375291, 63.048374], [112.479987, 63.020546]]}}, {"type": "Feature", "properties": {"scalerank": 5, "featurecla": "Lake Centerline", "name": "Vistula", "note": null, "min_zoom": 4.7, "name_alt": null, "name_en": "Vistula", "min_label": 5.7}, "geometry": {"type": "LineString", "coordinates": [[18.810459, 49.925041], [18.93686, 49.931888]]}}, {"type": "Feature", "properties": {"scalerank": 3, "featurecla": "Lake Centerline", "name": "Volga", "note": null, "min_zoom": 3.0, "name_alt": null, "name_en": "Volga", "min_label": 4.0}, "geometry": {"type": "MultiLineString", "coordinates": [[[45.663601, 50.222309], [45.831187, 50.357288], [45.835838, 50.457127], [45.733416, 50.566836], [45.679827, 50.646573], [45.675176, 50.696492], [45.743699, 50.741761], [45.885499, 50.782482], [45.980894, 50.824056], [46.029883, 50.866482], [46.043784, 50.925031], [46.022597, 50.999678], [45.96782, 51.065901], [45.879453, 51.123624], [45.835787, 51.188194], [45.836717, 51.259559], [45.869686, 51.321906], [45.934695, 51.375185], [45.971179, 51.422753], [45.979344, 51.464663], [46.032674, 51.506159], [46.131376, 51.54719], [46.218399, 51.614318], [46.293846, 51.707542], [46.365367, 51.745808], [46.477194, 51.773248], [46.565768, 51.752139], [46.679663, 51.743948], [46.774644, 51.747927]], [[49.058949, 55.48266], [49.285085, 55.234407], [49.248085, 55.113019], [49.023499, 55.035762], [48.900199, 54.90993], [48.878288, 54.735574], [48.781963, 54.616977], [48.611328, 54.55419], [48.507148, 54.489129], [48.469528, 54.421795], [48.453301, 54.344435], [48.458366, 54.256999], [48.585076, 54.134939], [48.833433, 53.978256], [48.964484, 53.826921], [48.978334, 53.680936], [49.006239, 53.579417], [49.048304, 53.522315], [49.104373, 53.482679], [49.209431, 53.460639], [49.567032, 53.467434], [49.904789, 53.456737]], [[43.432419, 56.674991], [43.343897, 56.733437], [43.286485, 56.814259], [43.230674, 56.93699], [43.174967, 57.023858], [43.119363, 57.074889], [43.088512, 57.118891], [43.082415, 57.15584], [43.103964, 57.212994], [43.177758, 57.329007], [42.874314, 57.409571], [42.723832, 57.431198], [42.575831, 57.415462]], [[37.151149, 56.753435], [36.881811, 56.782943], [36.736084, 56.749921], [36.624152, 56.664294], [36.519818, 56.642693], [36.374555, 56.706358]], [[37.760931, 57.290819], [37.943762, 57.311696], [38.078792, 57.381872], [38.300949, 57.571628]], [[41.342521, 57.493287], [41.206095, 57.517084], [41.099228, 57.587906], [40.976342, 57.713687], [40.889163, 57.784199], [40.83759, 57.79947], [40.70597, 57.789625], [40.494407, 57.754744], [40.293179, 57.694644], [40.007098, 57.566667]], [[38.437065, 58.017544], [38.325909, 58.082863], [38.319243, 58.149733], [38.407713, 58.287554], [38.704026, 58.113146]]]}}, {"type": "Feature", "properties": {"scalerank": 5, "featurecla": "Lake Centerline", "name": "Volta", "note": null, "min_zoom": 4.7, "name_alt": null, "name_en": "Volta", "min_label": 5.7}, "geometry": {"type": "LineString", "coordinates": [[-0.97624, 8.661616], [-0.725712, 8.36241], [-0.526396, 8.197898], [-0.294834, 8.068319], [-0.153086, 7.945123], [-0.101203, 7.828282], [-0.054022, 7.759113], [-0.011492, 7.737616], [0.03915, 7.648009], [0.097855, 7.490292], [0.154596, 7.394174], [0.209269, 7.359732], [0.23056, 7.244933], [0.218364, 7.049751], [0.194903, 6.922472], [0.160151, 6.863044], [0.1609, 6.802272], [0.197229, 6.740157], [0.194025, 6.687861], [0.134261, 6.634505], [0.107596, 6.550686], [0.103358, 6.338192]]}}, {"type": "Feature", "properties": {"scalerank": 6, "featurecla": "Lake Centerline", "name": "Vorma", "note": null, "min_zoom": 5.0, "name_alt": null, "name_en": "Vorma", "min_label": 6.0}, "geometry": {"type": "MultiLineString", "coordinates": [[[11.170202, 59.388649], [11.20126, 59.450971], [11.202862, 59.498229]], [[11.199554, 59.670208], [11.194335, 59.720257], [11.159092, 59.83149], [11.15687, 59.910814]]]}}, {"type": "Feature", "properties": {"scalerank": 6, "featurecla": "Lake Centerline", "name": "Vuoksi", "note": null, "min_zoom": 5.0, "name_alt": null, "name_en": "Vuoksi", "min_label": 6.0}, "geometry": {"type": "MultiLineString", "coordinates": [[[30.477964, 60.574184], [30.29782, 60.653662], [30.116539, 60.676323], [29.874074, 60.668623], [29.713722, 60.677795], [29.596364, 60.716992]], [[30.533878, 60.630098], [30.658315, 60.64896], [30.792984, 60.634671], [30.979329, 60.593485], [31.157406, 60.488608], [31.412067, 60.235703]]]}}, {"type": "Feature", "properties": {"scalerank": 6, "featurecla": "Lake Centerline", "name": "Yuan", "note": null, "min_zoom": 5.0, "name_alt": null, "name_en": "Yuan", "min_label": 6.0}, "geometry": {"type": "MultiLineString", "coordinates": [[[112.904871, 29.031381], [112.801156, 28.927227], [112.692636, 28.87431], [112.544738, 28.83793], [112.351313, 28.860978], [111.992885, 28.984717]], [[112.993548, 29.147446], [113.070752, 29.389188]]]}}, {"type": "Feature", "properties": {"scalerank": 3, "featurecla": "River", "name": "Abay", "note": null, "min_zoom": 3.0, "name_alt": null, "name_en": "Abay", "min_label": 4.0}, "geometry": {"type": "LineString", "coordinates": [[37.178951, 11.035761], [37.021958, 11.191875], [36.980927, 11.287012], [37.014826, 11.416254], [37.04976, 11.580069], [37.096682, 11.656395], [37.167065, 11.699751], [37.179984, 11.754864], [37.113012, 11.855065]]}}, {"type": "Feature", "properties": {"scalerank": 3, "featurecla": "River", "name": "Abay", "note": null, "min_zoom": 3.0, "name_alt": "Blue Nile", "name_en": "Blue Nile", "min_label": 4.0}, "geometry": {"type": "LineString", "coordinates": [[37.38669, 11.633993], [37.393408, 11.570844], [37.450459, 11.534387], [37.559909, 11.503639], [37.680419, 11.42137], [37.811987, 11.287632], [38.019106, 11.185674], [38.30188, 11.115523], [38.46218, 11.036794], [38.50011, 10.949409], [38.513753, 10.772056], [38.503211, 10.504682], [38.478148, 10.313789], [38.438564, 10.199326], [38.375673, 10.135712], [38.289374, 10.122897], [38.110418, 10.048069], [37.838704, 9.91123], [37.659955, 9.88379], [37.574275, 9.965749], [37.490456, 10.020681], [37.408601, 10.048586], [37.354444, 10.052358], [37.327882, 10.032049], [37.308297, 10.040059], [37.295584, 10.07644], [37.263442, 10.104603], [37.211869, 10.12455], [37.188666, 10.16447], [37.19373, 10.224363], [37.158797, 10.266402], [37.046142, 10.302731], [36.677276, 10.360195], [36.540798, 10.40381], [36.513823, 10.452721], [36.483438, 10.46949], [36.449641, 10.454091], [36.395278, 10.375026], [36.320347, 10.232296], [36.20702, 10.155091], [36.055195, 10.143464], [35.956958, 10.110985], [35.912206, 10.057733], [35.849316, 10.035563], [35.768184, 10.044478], [35.725809, 10.029853], [35.723794, 10.008743], [35.720383, 9.998098], [35.705707, 9.996057], [35.627883, 10.016753], [35.369035, 10.140467], [35.353377, 10.155091]]}}, {"type": "Feature", "properties": {"scalerank": 3, "featurecla": "River", "name": "Al Furat", "note": null, "min_zoom": 3.0, "name_alt": null, "name_en": "Al Furat", "min_label": 4.0}, "geometry": {"type": "MultiLineString", "coordinates": [[[38.559952, 35.863289], [38.915744, 35.912744], [39.227094, 35.880756], [39.612601, 35.783708], [39.833207, 35.683249], [39.888914, 35.579431], [40.004308, 35.472564], [40.179284, 35.3627], [40.263414, 35.297536], [40.256592, 35.277072], [40.294316, 35.253042], [40.376585, 35.225395], [40.424437, 35.167414], [40.43777, 35.079048], [40.47477, 35.015796], [40.535438, 34.977659], [40.583859, 34.918179], [40.620136, 34.837254], [40.710518, 34.75222], [40.854902, 34.663078], [40.927972, 34.580964], [40.929729, 34.505879], [40.946059, 34.458362], [40.992568, 34.428467]], [[38.025721, 36.835633], [38.056416, 36.741117], [38.102615, 36.694246], [38.174445, 36.663499], [38.231083, 36.618127], [38.272424, 36.558079], [38.265809, 36.481649], [38.183851, 36.342485]]]}}, {"type": "Feature", "properties": {"scalerank": 1, "featurecla": "River", "name": "Albert Nile", "note": null, "min_zoom": 2.0, "name_alt": null, "name_en": "Albert Nile", "min_label": 3.0}, "geometry": {"type": "LineString", "coordinates": [[32.015855, 3.613656], [31.935343, 3.528002], [31.885114, 3.508391], [31.838501, 3.526271], [31.784655, 3.522989], [31.72378, 3.498598], [31.623838, 3.363283], [31.484828, 3.117019], [31.404316, 2.950725], [31.382095, 2.864322], [31.387573, 2.804015], [31.420646, 2.769702], [31.433772, 2.718749], [31.42695, 2.651208], [31.449895, 2.588318], [31.502501, 2.530078], [31.515317, 2.475922], [31.474803, 2.400732]]}}, {"type": "Feature", "properties": {"scalerank": 5, "featurecla": "River", "name": "Amu  Darya", "note": null, "min_zoom": 4.7, "name_alt": null, "name_en": "Amu  Darya", "min_label": 5.7}, "geometry": {"type": "MultiLineString", "coordinates": [[[68.212095, 37.021513], [68.067815, 36.949812], [67.95795, 36.972007], [67.834444, 37.064198], [67.766024, 37.140111], [67.752898, 37.199797], [67.699982, 37.227263], [67.607378, 37.222509], [67.546503, 37.23566], [67.517254, 37.266666], [67.441703, 37.257985], [67.319747, 37.20959], [67.195465, 37.235195], [67.068857, 37.334827], [66.827684, 37.371311], [66.47184, 37.344723], [66.108451, 37.414771], [65.737414, 37.581531], [65.480169, 37.680465], [65.336818, 37.711652], [65.220443, 37.797383], [65.131043, 37.937633], [64.907387, 38.08765], [64.549476, 38.247381], [64.272284, 38.432228], [64.076017, 38.642138], [63.953182, 38.799544], [63.903883, 38.904499], [63.723687, 39.048625], [63.412698, 39.231973], [63.198448, 39.330261], [63.081142, 39.343542], [63.014376, 39.400179], [62.998357, 39.500173], [62.896967, 39.607867], [62.710209, 39.723209], [62.57306, 39.8447], [62.441595, 40.036213], [62.375035, 40.33206], [62.298038, 40.467504], [62.188484, 40.541195], [62.095001, 40.683305], [62.01759, 40.893783], [61.953562, 41.030597], [61.902816, 41.093694], [61.799877, 41.163431], [61.644537, 41.23986], [61.496949, 41.276086], [61.357113, 41.272106], [61.263062, 41.300089], [61.215003, 41.359982], [61.030621, 41.48677], [60.710021, 41.680402], [60.526983, 41.824579], [60.481508, 41.919199], [60.420064, 41.977541], [60.342653, 41.999607], [60.291132, 42.040277], [60.265603, 42.099601], [60.202558, 42.163525], [60.102203, 42.232048], [59.94955, 42.291372], [59.744808, 42.341499], [59.586679, 42.416274], [59.475161, 42.515777], [59.387001, 42.574042], [59.322199, 42.591096], [59.299564, 42.63223], [59.319305, 42.697394], [59.297962, 42.744006], [59.23564, 42.772015], [59.210267, 42.807852], [59.221843, 42.851519], [59.203756, 42.904074], [59.156007, 42.965543], [59.138954, 43.025591], [59.152596, 43.084244], [59.140608, 43.152353], [59.102884, 43.229894], [59.093375, 43.287694], [59.096656, 43.294364]], [[59.098543, 43.291725], [59.096656, 43.294364]], [[59.096656, 43.294364], [59.112082, 43.325728], [59.098336, 43.378593], [59.052137, 43.446237], [59.035911, 43.497862], [59.049554, 43.533364], [59.105571, 43.561192], [59.203859, 43.581268], [59.255433, 43.63297], [59.260083, 43.716221], [59.210732, 43.805492], [59.107276, 43.900732], [59.081593, 43.971037], [59.133786, 44.016358], [59.255123, 44.066303], [59.540997, 44.148262]], [[59.096656, 43.294364], [59.004595, 43.423138], [58.99302, 43.525716], [59.032397, 43.643176], [59.018858, 43.732008], [58.952195, 43.792108], [58.831066, 43.838746], [58.655469, 43.871844], [58.5701, 43.948119], [58.575164, 44.067491], [58.51217, 44.201953], [58.315748, 44.426333]]]}}, {"type": "Feature", "properties": {"scalerank": 2, "featurecla": "River", "name": "Angara", "note": null, "min_zoom": 2.1, "name_alt": null, "name_en": "Angara", "min_label": 3.1}, "geometry": {"type": "MultiLineString", "coordinates": [[[104.866912, 51.870219], [104.437016, 52.165085], [104.289583, 52.288592], [104.281418, 52.339079], [104.204627, 52.399386], [104.059416, 52.469511], [103.972806, 52.539584], [103.944901, 52.609606], [103.877205, 52.673994], [103.769873, 52.732802], [103.70998, 52.799], [103.697578, 52.872587], [103.617221, 52.933643], [103.46891, 52.982167], [103.389586, 53.031647], [103.374187, 53.107275]], [[101.803223, 56.290776], [101.817176, 56.560579], [101.77046, 56.687031], [101.667624, 56.760102], [101.560551, 56.800564], [101.449136, 56.808471], [101.391465, 56.847771], [101.387435, 56.918542], [101.460918, 56.969856], [101.61171, 57.001689], [101.777798, 56.98815], [101.958976, 56.929316], [102.112868, 56.897768], [102.239269, 56.89353], [102.316422, 56.919523], [102.358125, 57.003963]], [[102.673971, 57.943079], [102.795101, 58.121879], [102.836855, 58.245282], [102.839646, 58.372871], [102.780321, 58.523715], [102.659088, 58.697761], [102.479978, 58.829639], [102.46222, 58.836371]], [[102.489073, 58.829226], [102.46222, 58.836371]], [[102.46222, 58.836371], [102.1009, 58.932514]], [[102.46222, 58.836371], [102.243196, 58.919401], [102.1009, 58.932514]], [[102.1009, 58.932514], [101.84167, 58.956402], [101.275503, 58.940692], [100.979707, 58.898679], [100.954283, 58.830311], [100.81703, 58.757602], [100.56795, 58.680553], [100.437105, 58.627223], [100.424393, 58.597664], [100.433849, 58.555238], [100.465372, 58.499995], [100.441239, 58.438604], [100.361451, 58.371114], [100.250915, 58.346258], [100.109631, 58.363957], [99.986486, 58.411525], [99.88148, 58.488937], [99.753632, 58.536169], [99.603047, 58.553222], [99.472099, 58.594408], [99.360995, 58.659727], [99.241209, 58.700681], [99.112741, 58.717295], [98.961639, 58.700913], [98.787697, 58.651614], [98.690648, 58.600248], [98.670494, 58.546763], [98.62843, 58.505525], [98.564661, 58.476431], [98.321523, 58.44558], [97.89912, 58.412972], [97.571647, 58.408425], [97.339206, 58.431938], [97.170689, 58.430387], [97.0662, 58.403774], [96.983672, 58.393387], [96.923108, 58.39933], [96.850089, 58.431834], [96.764616, 58.491004], [96.513882, 58.527281], [96.097887, 58.540716], [95.776511, 58.522113], [95.549755, 58.471522], [95.418393, 58.424574], [95.382581, 58.381295], [95.234735, 58.30732], [94.974906, 58.202546], [94.599218, 58.139966], [94.107569, 58.119502], [93.730124, 58.128752], [93.466884, 58.167716], [93.278782, 58.161386], [93.165817, 58.109735], [93.079725, 58.086274], [92.998076, 58.100097]], [[102.1009, 58.932514], [101.947814, 58.973248]]]}}, {"type": "Feature", "properties": {"scalerank": 3, "featurecla": "River", "name": "Argun’", "note": null, "min_zoom": 3.0, "name_alt": "Ergun", "name_en": "Ergun", "min_label": 4.0}, "geometry": {"type": "LineString", "coordinates": [[121.405437, 53.317056], [120.985463, 53.284577], [120.704085, 53.171845], [120.421311, 52.968085], [120.21812, 52.839876], [120.09451, 52.787218], [120.04428, 52.718229], [120.067535, 52.632912], [120.172748, 52.602474], [120.360023, 52.627021], [120.52115, 52.615032], [120.656129, 52.566663], [120.699227, 52.493592], [120.650341, 52.395924], [120.665431, 52.299883], [120.744496, 52.20547], [120.749819, 52.09651], [120.681502, 51.973055], [120.510505, 51.848515], [120.236982, 51.722993], [120.066915, 51.600675], [119.966972, 51.422107], [119.813183, 51.267052], [119.756649, 51.179486], [119.746004, 51.107733], [119.684922, 51.030115], [119.573405, 50.946761], [119.512323, 50.863123], [119.501781, 50.779226], [119.44566, 50.702849], [119.344065, 50.633912], [119.280709, 50.560997], [119.255801, 50.48418], [119.216734, 50.432529], [119.163714, 50.406019], [119.191929, 50.379845], [119.301587, 50.353929], [119.346235, 50.278947], [119.326081, 50.154923], [119.259832, 50.066402], [119.147487, 50.013382], [118.979539, 49.978862], [118.755987, 49.962842], [118.451509, 49.844503], [117.873457, 49.51349]]}}, {"type": "Feature", "properties": {"scalerank": 6, "featurecla": "River", "name": "Atbara", "note": null, "min_zoom": 5.0, "name_alt": null, "name_en": "Atbara", "min_label": 6.0}, "geometry": {"type": "MultiLineString", "coordinates": [[[35.583389, 16.000031], [35.352292, 16.312545], [35.27302, 16.445327], [35.268473, 16.502585], [35.189615, 16.631983], [35.036446, 16.833521], [34.955055, 16.962789], [34.945444, 17.019788], [34.767315, 17.138386], [34.420566, 17.318633], [34.227503, 17.45294], [34.188125, 17.541307], [34.122496, 17.605592], [33.951861, 17.698507]], [[35.585663, 16.003752], [35.612793, 15.715656], [35.714441, 15.469366], [35.899546, 15.168894], [35.950395, 15.044612], [35.958405, 14.998749], [35.924144, 14.935368]]]}}, {"type": "Feature", "properties": {"scalerank": 2, "featurecla": "River", "name": "Ayeyarwady", "note": null, "min_zoom": 3.0, "name_alt": null, "name_en": "Ayeyarwady", "min_label": 4.0}, "geometry": {"type": "LineString", "coordinates": [[97.51904, 25.701016], [97.507981, 25.689647], [97.514906, 25.667943], [97.505708, 25.589756], [97.448967, 25.416743], [97.393776, 25.336955], [97.34024, 25.350443], [97.292077, 25.310032], [97.249289, 25.215722], [97.249703, 25.152496], [97.293214, 25.120353], [97.289804, 25.099812], [97.239367, 25.090924], [97.216113, 25.064104], [97.219937, 25.019352], [97.195649, 24.981008], [97.116998, 24.932975], [97.055451, 24.835306], [97.055089, 24.754923], [97.095397, 24.659244], [97.117101, 24.55168], [97.120098, 24.432204], [97.142474, 24.34699], [97.184074, 24.295933], [97.197768, 24.251543], [97.183402, 24.213716], [97.114465, 24.178163], [96.990907, 24.144806], [96.892412, 24.168706], [96.818721, 24.249838], [96.737072, 24.307199], [96.647259, 24.340788], [96.561269, 24.343941], [96.479104, 24.316656], [96.402209, 24.251285], [96.330792, 24.14788], [96.291363, 24.058635], [96.280356, 23.946084], [96.085226, 23.65282], [96.006368, 23.358549], [95.978669, 22.965575], [95.948903, 22.753599], [95.917174, 22.722696], [95.923479, 22.662751], [95.968024, 22.573765], [95.98363, 22.495113], [95.970401, 22.426693], [95.976034, 22.377342], [96.000477, 22.347008], [96.019907, 22.229755], [96.03417, 22.025555], [96.009365, 21.906673], [95.945648, 21.873032], [95.87945, 21.875048], [95.810824, 21.91272], [95.710365, 21.928016], [95.578073, 21.920988], [95.480715, 21.871378], [95.41829, 21.779188], [95.372866, 21.66581], [95.344393, 21.531193], [95.314937, 21.457554], [95.269152, 21.438433], [95.173499, 21.345028], [95.061051, 21.286505], [94.899924, 21.231728], [94.819618, 21.146358], [94.820135, 21.030345], [94.793573, 20.932728], [94.739933, 20.853508], [94.761121, 20.701631], [94.857135, 20.477097], [94.907468, 20.304704], [94.912119, 20.184453], [94.956096, 20.070817], [95.081153, 19.910361], [95.140374, 19.844887], [95.169416, 19.710348], [95.187916, 19.484935], [95.176754, 19.277118], [95.135723, 19.086871], [95.139754, 18.945201], [95.18864, 18.85208], [95.179803, 18.770896], [95.11314, 18.701649], [95.075623, 18.640723], [95.067252, 18.588065], [95.143009, 18.479027], [95.302896, 18.313508], [95.399686, 18.181345], [95.433483, 18.082514], [95.452293, 17.95632], [95.454877, 17.856094], [95.45622, 17.802764], [95.472498, 17.743672], [95.485056, 17.698067], [95.538696, 17.642179], [95.561123, 17.585697], [95.552338, 17.52862], [95.58014, 17.479786], [95.644736, 17.43922], [95.654968, 17.389843], [95.610836, 17.331656], [95.60324, 17.254399], [95.632075, 17.158074], [95.625099, 17.086167], [95.582311, 17.038624], [95.573836, 16.977155], [95.599571, 16.901734], [95.54314, 16.8375], [95.481438, 16.813909], [95.404337, 16.784428], [95.330647, 16.720969], [95.321965, 16.647098], [95.236285, 16.520336], [94.992373, 16.250791], [94.95222, 16.209812], [94.893154, 16.182837]]}}, {"type": "Feature", "properties": {"scalerank": 4, "featurecla": "River", "name": "Bafing", "note": null, "min_zoom": 4.0, "name_alt": null, "name_en": "Bafing", "min_label": 5.0}, "geometry": {"type": "LineString", "coordinates": [[-12.088249, 10.590103], [-12.005851, 10.52866], [-11.930455, 10.521839], [-11.834543, 10.549124], [-11.775064, 10.61881], [-11.752016, 10.730844], [-11.72809, 10.792468], [-11.691012, 10.809211], [-11.621171, 10.812002], [-11.602413, 10.863523], [-11.611405, 10.964706], [-11.58014, 11.072709], [-11.508672, 11.187612], [-11.443482, 11.251071], [-11.384648, 11.263111], [-11.302948, 11.316932], [-11.198355, 11.412534], [-11.128049, 11.498162], [-11.092056, 11.573919], [-11.058932, 11.599551], [-11.028753, 11.575056], [-10.965475, 11.573687], [-10.869176, 11.595442], [-10.743809, 11.734297], [-10.589503, 11.990276], [-10.465816, 12.138691], [-10.372772, 12.179541], [-10.340836, 12.230623], [-10.370059, 12.291912], [-10.345358, 12.394954], [-10.266758, 12.539752], [-10.238336, 12.635947], [-10.260066, 12.683516], [-10.252469, 12.724547], [-10.215495, 12.758963], [-10.222626, 12.796816], [-10.273812, 12.83808], [-10.293656, 12.883038], [-10.282183, 12.931614], [-10.292002, 12.957401], [-10.323034, 12.96045], [-10.351947, 13.020782], [-10.378715, 13.138475], [-10.429771, 13.211959], [-10.505064, 13.241311], [-10.609063, 13.255729], [-10.741716, 13.255238], [-10.804038, 13.297483], [-10.796028, 13.382439], [-10.772438, 13.427217], [-10.737711, 13.437578], [-10.734404, 13.454114], [-10.753447, 13.50282], [-10.832951, 13.640201], [-10.867316, 13.735131], [-10.873052, 13.751357], [-10.89243, 13.777867]]}}, {"type": "Feature", "properties": {"scalerank": 6, "featurecla": "River", "name": "Bahr el  Zeraf", "note": null, "min_zoom": 5.0, "name_alt": null, "name_en": "Bahr el  Zeraf", "min_label": 6.0}, "geometry": {"type": "LineString", "coordinates": [[30.535739, 7.767226], [30.620798, 8.030699], [30.646378, 8.212264], [30.6409, 8.399694], [30.669064, 8.515785], [30.730765, 8.56046], [30.783992, 8.641178], [30.828537, 8.757864], [30.840216, 8.872715], [30.819029, 8.985731], [30.891066, 9.138099], [31.139009, 9.425704]]}}, {"type": "Feature", "properties": {"scalerank": 1, "featurecla": "River", "name": "Bahr el Jebel", "note": null, "min_zoom": 2.0, "name_alt": "Mountain Nile", "name_en": "Mountain Nile", "min_label": 3.0}, "geometry": {"type": "LineString", "coordinates": [[32.015855, 3.613656], [31.711222, 3.944488], [31.587767, 4.101352], [31.543946, 4.194499], [31.517177, 4.326041], [31.507462, 4.495953], [31.525239, 4.606024], [31.570404, 4.656331], [31.635206, 4.816606], [31.719439, 5.086873], [31.770289, 5.29978], [31.787652, 5.455275], [31.788995, 5.589478], [31.774319, 5.702391], [31.743417, 5.80161], [31.672827, 5.929974], [31.460437, 6.356615], [31.329282, 6.581511], [31.148311, 6.829661]]}}, {"type": "Feature", "properties": {"scalerank": 1, "featurecla": "River", "name": "Bahr el Jebel", "note": null, "min_zoom": 2.0, "name_alt": "White Nile", "name_en": "White Nile", "min_label": 3.0}, "geometry": {"type": "LineString", "coordinates": [[31.148311, 6.829661], [30.921762, 6.982778], [30.769678, 7.152561], [30.616612, 7.390014], [30.546694, 7.520652], [30.560026, 7.544501], [30.548503, 7.581656], [30.512226, 7.632118], [30.507937, 7.693355], [30.535532, 7.765366], [30.508092, 7.880036], [30.425513, 8.037365], [30.365878, 8.124414], [30.329188, 8.141157], [30.323142, 8.227198], [30.347636, 8.382538], [30.338748, 8.484805], [30.29627, 8.534001], [30.283609, 8.590251], [30.300662, 8.653555], [30.288725, 8.703991], [30.247694, 8.741534], [30.218187, 8.817808], [30.2001, 8.93284], [30.232811, 9.042704], [30.316424, 9.147401], [30.349807, 9.236749], [30.333064, 9.31075], [30.369702, 9.394879], [30.459723, 9.489137], [30.618473, 9.530814], [30.845952, 9.51991], [31.00093, 9.493969], [31.124747, 9.432525]]}}, {"type": "Feature", "properties": {"scalerank": 6, "featurecla": "River", "name": "Bamingui", "note": null, "min_zoom": 5.0, "name_alt": null, "name_en": "Bamingui", "min_label": 6.0}, "geometry": {"type": "LineString", "coordinates": [[19.732884, 7.537731], [19.626999, 7.560417], [19.591704, 7.600725], [19.591704, 7.666199], [19.524059, 7.725317], [19.38877, 7.778079], [19.330583, 7.885927], [19.349496, 8.048863], [19.285159, 8.247456], [19.063881, 8.598829], [19.108684, 8.656139], [19.064191, 8.715437], [18.88601, 8.83605]]}}, {"type": "Feature", "properties": {"scalerank": 6, "featurecla": "River", "name": "Barito", "note": null, "min_zoom": 5.0, "name_alt": null, "name_en": "Barito", "min_label": 6.0}, "geometry": {"type": "LineString", "coordinates": [[114.837673, 0.564772], [114.871469, 0.458422], [114.852556, 0.416357], [114.792094, 0.403335], [114.73618, 0.354862], [114.658873, 0.228979], [114.659338, 0.183245], [114.637168, 0.159319], [114.592417, 0.142059], [114.52162, 0.144643], [114.424778, 0.16707], [114.349331, 0.174098], [114.295484, 0.16552], [114.25869, 0.142886], [114.239157, 0.106195], [114.218589, 0.094], [114.191614, 0.04067], [114.220863, -0.003772], [114.275743, -0.044803], [114.24851, -0.109554], [114.139111, -0.198179], [114.07865, -0.287269], [114.067384, -0.376824], [114.139989, -0.502553], [114.296517, -0.6643], [114.427465, -0.736854], [114.532782, -0.720111], [114.585957, -0.688175], [114.587094, -0.641046], [114.638615, -0.617998], [114.740676, -0.619032], [114.823565, -0.662078], [114.887282, -0.747138], [114.922732, -0.824549], [114.92976, -0.894364], [114.904232, -0.944593], [114.846251, -0.975341], [114.836123, -1.025157], [114.87395, -1.094041], [114.863925, -1.162771], [114.80615, -1.231242], [114.806512, -1.28049], [114.865113, -1.310462], [114.886145, -1.3856], [114.861237, -1.566054], [114.796435, -1.770899], [114.791268, -1.84335], [114.824134, -1.851825], [114.852866, -1.891305], [114.877464, -1.961999], [114.875914, -2.036981], [114.848112, -2.116356], [114.852659, -2.221725], [114.889349, -2.353086], [114.864958, -2.505118], [114.779382, -2.677821], [114.75158, -2.803084], [114.781656, -2.880909], [114.786513, -2.945815], [114.766359, -2.997698], [114.716027, -3.052061], [114.635515, -3.108906], [114.584045, -3.189934], [114.525547, -3.376693]]}}, {"type": "Feature", "properties": {"scalerank": 4, "featurecla": "River", "name": "Benue", "note": null, "min_zoom": 4.0, "name_alt": null, "name_en": "Benue", "min_label": 5.0}, "geometry": {"type": "LineString", "coordinates": [[11.924058, 9.490558], [11.783498, 9.496527], [11.574054, 9.40909], [11.248802, 9.230186], [11.037859, 9.060713], [10.941224, 8.900671], [10.857818, 8.795329], [10.787642, 8.744686], [10.635506, 8.707427], [10.401412, 8.683501], [10.218219, 8.59007], [10.085824, 8.427083], [9.976528, 8.327244], [9.847027, 8.272209], [9.530044, 8.12059], [9.39522, 8.038734], [9.337033, 7.976051], [9.140972, 7.89249], [8.807039, 7.788052], [8.437294, 7.799343], [7.828804, 7.989978], [7.421542, 8.018606], [7.156184, 7.967524], [6.776, 7.793013]]}}, {"type": "Feature", "properties": {"scalerank": 6, "featurecla": "River", "name": "Biya", "note": null, "min_zoom": 5.0, "name_alt": null, "name_en": "Biya", "min_label": 6.0}, "geometry": {"type": "LineString", "coordinates": [[87.39201, 51.761621], [87.176519, 51.84867], [87.107118, 51.975562], [87.111975, 52.171312], [87.070376, 52.293242], [86.982422, 52.341327], [86.929402, 52.386622], [86.911316, 52.429048], [86.867701, 52.453569], [86.798454, 52.460106], [86.688073, 52.507338], [86.536713, 52.595291], [86.431138, 52.632524], [86.371504, 52.619011], [86.33378, 52.58617], [86.31807, 52.5339], [86.247118, 52.539636], [86.120925, 52.603249], [86.019174, 52.616582], [85.941866, 52.579633], [85.854894, 52.57369], [85.758259, 52.598805], [85.603902, 52.60033], [85.391718, 52.578238], [85.228317, 52.533796], [85.056235, 52.433596]]}}, {"type": "Feature", "properties": {"scalerank": 2, "featurecla": "River", "name": "Borcea", "note": null, "min_zoom": 2.1, "name_alt": null, "name_en": "Borcea", "min_label": 3.1}, "geometry": {"type": "LineString", "coordinates": [[27.266584, 44.137797], [27.768776, 44.362667], [27.929954, 44.486174], [27.934605, 44.592266], [27.921841, 44.670039], [27.876676, 44.744117]]}}, {"type": "Feature", "properties": {"scalerank": 2, "featurecla": "River", "name": "Brahmaputra", "note": null, "min_zoom": 2.1, "name_alt": null, "name_en": "Brahmaputra", "min_label": 3.1}, "geometry": {"type": "MultiLineString", "coordinates": [[[89.739257, 24.330195], [89.713832, 24.135142], [89.707941, 23.962414], [89.744424, 23.858673], [89.867518, 23.720258], [89.993918, 23.621039], [90.074378, 23.573419], [90.266976, 23.459395]], [[89.739257, 24.330195], [89.80871, 24.171807], [89.922915, 24.082096], [90.115668, 23.971147], [90.214111, 23.869086], [90.218142, 23.775939], [90.243929, 23.73465], [90.291368, 23.745269], [90.355446, 23.708682], [90.476266, 23.582979], [90.561635, 23.537091]], [[95.396482, 28.002916], [95.443766, 27.883621], [95.369197, 27.805745], [95.188536, 27.729471], [95.116499, 27.698284], [95.10358, 27.683401], [95.108541, 27.678466], [95.122081, 27.675779], [95.137273, 27.665573], [95.138514, 27.644049], [95.083737, 27.615059], [94.972322, 27.586017], [94.877961, 27.543229], [94.80055, 27.486617], [94.725206, 27.412927], [94.651722, 27.322105], [94.630431, 27.278025], [94.597461, 27.234049], [94.567024, 27.188883], [94.558859, 27.130541], [94.517673, 27.072301], [94.443362, 27.014191], [94.335048, 26.951895], [94.192732, 26.885388], [94.119506, 26.867223], [94.023026, 26.867353], [93.751622, 26.732038], [93.403271, 26.738678], [93.245192, 26.717543], [93.161167, 26.670827], [93.008514, 26.635635], [92.787029, 26.612045], [92.655926, 26.579567], [92.615102, 26.538225], [92.54384, 26.521431], [92.442141, 26.529285], [92.312433, 26.494921], [92.154716, 26.418388], [92.071104, 26.360924], [92.061699, 26.322502], [91.965787, 26.270464], [91.643843, 26.163881], [91.546795, 26.14781], [91.436259, 26.150652], [91.250379, 26.183208], [91.1524, 26.204706], [91.052251, 26.191528], [90.917169, 26.150807], [90.759763, 26.155045], [90.579929, 26.204292], [90.356067, 26.174346], [90.088176, 26.065231], [89.8901, 25.901262], [89.761839, 25.68236], [89.698949, 25.490124], [89.701429, 25.324553], [89.680139, 25.168412], [89.621228, 25.026328], [89.612649, 24.948374], [89.619574, 24.894863], [89.729128, 24.649297], [89.749902, 24.41143], [89.739257, 24.330195]]]}}, {"type": "Feature", "properties": {"scalerank": 2, "featurecla": "River", "name": "Bratul Chillia", "note": null, "min_zoom": 2.1, "name_alt": null, "name_en": "Bratul Chillia", "min_label": 3.1}, "geometry": {"type": "LineString", "coordinates": [[29.705918, 45.259899], [29.651968, 45.313901], [29.567684, 45.370823], [29.403663, 45.419657], [29.223571, 45.402914], [29.027407, 45.320541], [28.894288, 45.289949], [28.824318, 45.311085], [28.781737, 45.309844], [28.766648, 45.286228], [28.769852, 45.266901], [28.791349, 45.251915], [28.7883, 45.24096], [28.760705, 45.234138], [28.780962, 45.218067], [28.883075, 45.180033]]}}, {"type": "Feature", "properties": {"scalerank": 2, "featurecla": "River", "name": "Bratul Sfintu Gheorghe", "note": null, "min_zoom": 2.1, "name_alt": null, "name_en": "Bratul Sfintu Gheorghe", "min_label": 3.1}, "geometry": {"type": "LineString", "coordinates": [[28.883075, 45.180033], [29.075363, 45.099935], [29.146779, 45.084122], [29.174685, 45.089186], [29.204657, 45.080143], [29.276487, 45.006866], [29.348317, 44.970227], [29.420148, 44.970304], [29.494769, 44.949763], [29.605459, 44.915476]]}}, {"type": "Feature", "properties": {"scalerank": 2, "featurecla": "River", "name": "Bratul Sulina", "note": null, "min_zoom": 2.1, "name_alt": null, "name_en": "Bratul Sulina", "min_label": 3.1}, "geometry": {"type": "LineString", "coordinates": [[28.882713, 45.179827], [29.678633, 45.151637]]}}, {"type": "Feature", "properties": {"scalerank": 6, "featurecla": "River", "name": "Busira", "note": null, "min_zoom": 5.0, "name_alt": null, "name_en": "Busira", "min_label": 6.0}, "geometry": {"type": "LineString", "coordinates": [[20.7537, -0.281585], [20.612158, -0.2944], [20.503379, -0.279828], [20.380183, -0.24231], [20.29719, -0.233577], [20.254299, -0.253783], [20.220709, -0.227221], [20.196318, -0.153892], [20.15632, -0.129863], [20.100613, -0.155184], [20.027543, -0.146761], [19.937006, -0.104748], [19.864142, -0.105058], [19.808848, -0.147639], [19.713247, -0.150016], [19.577234, -0.112138], [19.410836, -0.113636], [19.214052, -0.154667], [19.098504, -0.199161], [19.064191, -0.247271], [19.023056, -0.258227], [18.951226, -0.219159]]}}, {"type": "Feature", "properties": {"scalerank": 4, "featurecla": "River", "name": "Bénoué", "note": null, "min_zoom": 4.0, "name_alt": null, "name_en": "Bénoué", "min_label": 5.0}, "geometry": {"type": "LineString", "coordinates": [[13.524167, 7.777458], [13.673512, 7.854508], [13.717075, 7.922256], [13.70457, 8.006333], [13.736247, 8.070929], [13.850039, 8.13847], [13.959903, 8.240376], [13.997523, 8.312335], [13.999487, 8.388377], [13.977059, 8.453024], [13.930137, 8.506251], [13.926571, 8.597383], [13.966362, 8.726444], [13.924504, 8.833105], [13.800998, 8.917415], [13.68116, 9.054461], [13.564991, 9.244242], [13.475178, 9.314212], [13.411616, 9.264396], [13.319063, 9.226], [13.197417, 9.198974], [13.084194, 9.222797], [12.926943, 9.334728], [12.820799, 9.375035], [12.71724, 9.351264], [12.580917, 9.276747], [12.455809, 9.307339], [12.34181, 9.443041], [12.194636, 9.505803], [11.924058, 9.490558]]}}, {"type": "Feature", "properties": {"scalerank": 1, "featurecla": "River", "name": "Chang Jiang", "note": null, "min_zoom": 2.0, "name_alt": "Yangtze", "name_en": "Yangtze", "min_label": 3.0}, "geometry": {"type": "LineString", "coordinates": [[103.850747, 28.668044], [103.942317, 28.62678], [104.093729, 28.620656], [104.335472, 28.635901], [104.492155, 28.678715], [104.563675, 28.74915], [104.620364, 28.779355], [104.650491, 28.795374], [104.752759, 28.81744], [104.833426, 28.81558], [104.892544, 28.789793], [104.939466, 28.793049], [104.985354, 28.790465], [105.011606, 28.777675], [105.042664, 28.745739], [105.091343, 28.724371], [105.127981, 28.732148], [105.152579, 28.769045], [105.208648, 28.786486], [105.296188, 28.784522], [105.351017, 28.805064], [105.373031, 28.848162], [105.423777, 28.877075], [105.503049, 28.891829], [105.547077, 28.91467], [105.576533, 28.921853], [105.619476, 28.905885], [105.673271, 28.897668], [105.741277, 28.918028], [105.784685, 28.906091], [105.803392, 28.861753], [105.828921, 28.838705], [105.861063, 28.836948], [105.881579, 28.852193], [105.890364, 28.884335], [105.875739, 28.914721], [105.837809, 28.943247], [105.834295, 28.979989], [105.865197, 29.024844], [105.945761, 29.058097], [106.075882, 29.079698], [106.146317, 29.125199], [106.156963, 29.194652], [106.252977, 29.274079], [106.434155, 29.363479], [106.518129, 29.426215], [106.504797, 29.462388], [106.522728, 29.516467], [106.571821, 29.588504], [106.617503, 29.611552], [106.659671, 29.58561], [106.721114, 29.577833], [106.801833, 29.588168], [106.894282, 29.649973], [106.998358, 29.763248], [107.083676, 29.787071], [107.150132, 29.721494], [107.23731, 29.698601], [107.345107, 29.718341], [107.418798, 29.770948], [107.458278, 29.856369], [107.530109, 29.890476], [107.634185, 29.873267], [107.841718, 30.043386], [108.308149, 30.579529], [108.391245, 30.691848], [108.418323, 30.755436], [108.417238, 30.807681], [108.443076, 30.853363], [108.495838, 30.89243], [108.7567, 30.936484], [109.460017, 31.01002], [109.54549, 31.034488], [109.598096, 31.031259], [109.646362, 31.008495], [109.74155, 31.016195], [109.883867, 31.054358], [109.984119, 31.06136], [110.042513, 31.037124], [110.142662, 31.031853], [110.284669, 31.045496], [110.47365, 31.019657], [110.827582, 30.921705], [110.970932, 30.852226], [111.045036, 30.834914], [111.097746, 30.846696], [111.158931, 30.828558], [111.228488, 30.78055], [111.308586, 30.673218], [111.399227, 30.506562], [111.465269, 30.41773], [111.506713, 30.406749], [111.520459, 30.384347], [111.506507, 30.350603], [111.512295, 30.318201], [111.537823, 30.287196], [111.570792, 30.287221], [111.612288, 30.310889], [111.735588, 30.389334], [111.818271, 30.425998], [111.860335, 30.420831], [111.910513, 30.386673], [111.968701, 30.323421], [112.058101, 30.292725], [112.178765, 30.294559], [112.246927, 30.277506], [112.26274, 30.241565], [112.252094, 30.190767], [112.214991, 30.125138], [112.251836, 30.067674], [112.362527, 30.018375], [112.405573, 29.926907], [112.380975, 29.793324], [112.409707, 29.738495], [112.491873, 29.762421], [112.543653, 29.792342], [112.569388, 29.784151], [112.593417, 29.765677], [112.604476, 29.752448], [112.628712, 29.752448], [112.631968, 29.764928], [112.657031, 29.787975], [112.706537, 29.799396], [112.738938, 29.785521], [112.732323, 29.772292], [112.744674, 29.753688], [112.781881, 29.743947], [112.81883, 29.73741], [112.884614, 29.760277], [112.94182, 29.740252], [112.955101, 29.69072], [112.939908, 29.668577], [112.916963, 29.599641], [112.924095, 29.529981], [112.950605, 29.507708], [112.988587, 29.505202], [113.016544, 29.494376], [113.030962, 29.480836], [113.052666, 29.46908], [113.096849, 29.456445], [113.1277, 29.462776]]}}, {"type": "Feature", "properties": {"scalerank": 6, "featurecla": "River", "name": "Chari", "note": null, "min_zoom": 5.0, "name_alt": null, "name_en": "Chari", "min_label": 6.0}, "geometry": {"type": "MultiLineString", "coordinates": [[[18.88601, 8.83605], [18.842292, 8.815586], [18.760023, 8.84375], [18.624734, 8.91372], [18.475648, 9.041335], [18.231477, 9.319251], [17.79109, 9.722146], [17.6234, 9.912832], [17.581542, 10.025693], [17.520512, 10.128943], [17.372098, 10.296168], [17.315667, 10.349704], [17.248333, 10.387583], [17.170094, 10.409804], [17.104362, 10.455693], [17.051135, 10.525172], [17.004161, 10.564291], [16.963337, 10.57305], [16.875901, 10.548064], [16.741852, 10.48936], [16.610904, 10.480756], [16.483263, 10.5222], [16.339706, 10.597855], [16.180232, 10.707719], [16.016625, 10.772728], [15.84878, 10.792933], [15.710804, 10.833732], [15.602593, 10.895175], [15.520944, 10.95698], [15.465651, 11.019121], [15.433095, 11.104852], [15.423173, 11.214148], [15.386224, 11.344372], [15.322249, 11.4955], [15.300803, 11.63823], [15.321887, 11.772512], [15.282923, 11.895347], [15.183807, 12.006658], [15.07508, 12.084999]], [[15.07508, 12.084999], [14.949817, 12.042728], [14.843363, 12.07332], [14.691744, 12.143884], [14.583534, 12.218841], [14.518938, 12.298268], [14.415379, 12.344131], [14.272855, 12.356507], [14.197459, 12.383792], [14.176117, 12.471177]], [[15.07508, 12.084999], [14.956741, 12.130345], [14.880673, 12.269381], [14.847084, 12.50208], [14.761249, 12.65561], [14.623273, 12.729921], [14.544777, 12.820226], [14.516251, 12.979751]]]}}, {"type": "Feature", "properties": {"scalerank": 6, "featurecla": "River", "name": "Chenab", "note": null, "min_zoom": 5.0, "name_alt": null, "name_en": "Chenab", "min_label": 6.0}, "geometry": {"type": "MultiLineString", "coordinates": [[[72.138781, 31.183317], [72.139194, 31.116344], [72.103124, 31.047769], [71.994603, 30.908966], [71.771464, 30.614152], [71.678602, 30.582888], [71.576748, 30.508422], [71.434844, 30.380265], [71.316298, 30.206167], [71.22111, 29.986025], [71.173, 29.829161], [71.17207, 29.735524], [71.130625, 29.649457], [71.048666, 29.570909], [71.017195, 29.504969], [71.036109, 29.451588], [71.035127, 29.392005], [71.014146, 29.326246], [70.98743, 29.274803], [70.95508, 29.237751], [70.911672, 29.220568], [70.857412, 29.223333], [70.797364, 29.177909], [70.731528, 29.084375], [70.683779, 29.037401], [70.611639, 29.023112]], [[77.435615, 32.293094], [77.133928, 32.45696], [76.939831, 32.593256], [76.767439, 32.671081], [76.552051, 32.735883], [76.43733, 32.841742], [76.423377, 32.988633], [76.338111, 33.122397], [76.181531, 33.24301], [76.020197, 33.323238], [75.853903, 33.363106], [75.759438, 33.370935], [75.736597, 33.346802], [75.746002, 33.305254], [75.78755, 33.246343], [75.801503, 33.201695], [75.78786, 33.171309], [75.676652, 33.152085], [75.46788, 33.143946], [75.308303, 33.173505], [75.197922, 33.24071], [75.121958, 33.246395], [75.080306, 33.190507], [74.999226, 33.170275], [74.878613, 33.185675], [74.808695, 33.122991], [74.789471, 32.982328], [74.582766, 32.7888], [74.188475, 32.542458], [73.843689, 32.371306], [73.548204, 32.275369], [73.335193, 32.146048], [73.139133, 31.902084], [72.974337, 31.758217], [72.853569, 31.699254], [72.721794, 31.67724], [72.582319, 31.621662], [72.435042, 31.532572], [72.333859, 31.45715], [72.278772, 31.395422], [72.246991, 31.328476], [72.238413, 31.256335], [72.210301, 31.211015], [72.138574, 31.183317]]]}}, {"type": "Feature", "properties": {"scalerank": 6, "featurecla": "River", "name": "Chulyshman", "note": null, "min_zoom": 5.0, "name_alt": null, "name_en": "Chulyshman", "min_label": 6.0}, "geometry": {"type": "LineString", "coordinates": [[89.656368, 50.504514], [89.402533, 50.598075], [89.193812, 50.622285], [88.945662, 50.608332], [88.759782, 50.655565], [88.636275, 50.764085], [88.512045, 50.831239], [88.387298, 50.856999], [88.219763, 50.929243], [88.009646, 51.047996], [87.860508, 51.150987], [87.772452, 51.238216], [87.735245, 51.302476], [87.755708, 51.364384]]}}, {"type": "Feature", "properties": {"scalerank": 2, "featurecla": "River", "name": "Congo", "note": null, "min_zoom": 2.1, "name_alt": null, "name_en": "Congo", "min_label": 3.1}, "geometry": {"type": "MultiLineString", "coordinates": [[[26.854067323600972, -8.0], [26.92769, -7.94923], [26.972752, -7.900138], [26.973269, -7.863757], [26.928569, -7.803813], [26.838548, -7.720304], [26.865368, -7.528791], [27.009132, -7.229171], [27.048716, -6.991253], [26.984121, -6.815139], [26.961331, -6.663624], [26.980245, -6.536707], [26.970168, -6.421882], [26.931101, -6.319149], [26.906089, -6.172594], [26.895237, -5.982219], [26.89994, -5.817784], [26.930481, -5.610252]], [[24.292295, 0.78171], [24.178194, 0.923717], [24.004871, 1.021592], [23.734397, 1.122671], [23.460718, 1.341831], [23.183836, 1.679019], [22.967828, 1.873245], [22.734871, 1.950036], [22.557001, 2.101216], [22.396494, 2.160592], [22.194026, 2.178498], [21.96882, 2.177619], [21.720773, 2.157931], [21.499288, 2.112507], [21.304261, 2.041374], [20.943818, 1.994711], [20.417855, 1.97249], [19.901866, 1.864434], [19.142842, 1.573599], [18.714135, 1.223233], [18.526136, 1.052184], [18.435909, 0.943664], [18.342943, 0.691999], [18.199231, 0.099788], [18.184348, 0.063097], [18.108538, -0.124075], [17.899817, -0.390829], [17.75285, -0.549062], [17.542837, -0.774991], [17.27877, -0.999577], [17.107618, -1.064483], [16.974706, -1.13993], [16.879931, -1.22592], [16.84908, -1.27248], [16.780092, -1.376401], [16.622479, -1.698966], [16.540727, -1.840146], [16.433602, -1.960862], [16.273922, -2.108243], [16.215372, -2.1778], [16.19155, -2.279137], [16.201833, -2.464707], [16.217336, -3.030254], [16.190619, -3.19443], [16.146746, -3.464129], [15.990063, -3.766178], [15.872448, -3.934282], [15.754625, -3.985545], [15.600061, -4.030916], [15.526009, -4.087967], [15.480947, -4.171786], [15.394647, -4.24496], [15.267213, -4.307592], [15.106293, -4.461071], [14.912093, -4.705604], [14.779284, -4.84575], [14.707867, -4.881717], [14.63397, -4.885076], [14.557592, -4.855776], [14.493927, -4.851642], [14.417653, -4.883061], [14.233943, -4.912413], [14.133122, -4.945021], [14.053851, -4.990599], [14.004551, -5.051991], [13.985224, -5.129247], [13.93794, -5.204643], [13.862803, -5.27823], [13.831694, -5.300968], [13.809008, -5.30288], [13.776555, -5.278696], [13.751802, -5.278696], [13.734749, -5.30288], [13.691909, -5.309908], [13.623386, -5.299676], [13.573673, -5.315903], [13.542977, -5.358536], [13.550005, -5.413778], [13.594757, -5.481577], [13.590726, -5.512945], [13.565198, -5.53129], [13.553106, -5.576042], [13.563545, -5.655003], [13.512126, -5.743422], [13.398748, -5.8414], [13.30263, -5.881863], [13.184343, -5.856283], [13.068174, -5.864861]]]}}, {"type": "Feature", "properties": {"scalerank": 6, "featurecla": "River", "name": "Dadu", "note": null, "min_zoom": 5.0, "name_alt": null, "name_en": "Dadu", "min_label": 6.0}, "geometry": {"type": "LineString", "coordinates": [[100.070202, 33.00566], [100.165184, 32.895693], [100.240424, 32.839055], [100.371269, 32.779111], [100.508728, 32.627182], [100.615905, 32.546231], [100.738585, 32.48564], [100.800804, 32.426884], [100.802457, 32.369962], [100.842455, 32.326089], [100.921003, 32.295264], [100.969837, 32.212091], [100.998828, 32.008796], [101.214318, 31.836558], [101.422264, 31.799661], [101.694393, 31.840615], [101.879498, 31.823458], [101.977373, 31.748192], [102.038971, 31.646363], [102.064189, 31.517999], [102.054784, 31.432294], [102.010756, 31.389195], [102.003728, 31.350386], [102.0337, 31.315763], [102.009619, 31.257576], [101.931587, 31.175772], [101.887352, 31.104949], [101.875518, 30.984982], [101.882443, 30.924728], [101.928177, 30.845818], [102.012719, 30.748149], [102.058401, 30.655493], [102.065326, 30.567747], [102.102326, 30.446307], [102.169402, 30.291123], [102.19493, 30.174799], [102.178704, 30.097362], [102.18506, 30.032095], [102.213896, 29.978997], [102.212914, 29.8396], [102.182115, 29.6138], [102.206196, 29.439159], [102.285054, 29.315653], [102.397295, 29.2778], [102.61568, 29.349501], [102.759702, 29.313017], [102.8182, 29.279402], [102.839232, 29.23651], [102.876801, 29.23713], [102.931061, 29.281262], [102.979482, 29.288264], [103.022063, 29.258111], [103.060924, 29.258214], [103.096167, 29.288497], [103.150841, 29.289169], [103.225152, 29.260126], [103.277862, 29.261263], [103.309074, 29.292528], [103.35889, 29.310821], [103.427413, 29.316144], [103.50591, 29.291546], [103.594483, 29.237027], [103.644299, 29.236097], [103.655358, 29.288704], [103.639235, 29.321156], [103.595879, 29.333352], [103.569213, 29.359604], [103.559188, 29.399911], [103.594638, 29.454792], [103.641767, 29.495228], [103.676804, 29.525175], [103.71923, 29.537035]]}}, {"type": "Feature", "properties": {"scalerank": 6, "featurecla": "River", "name": "Dalälven", "note": null, "min_zoom": 5.0, "name_alt": null, "name_en": "Dalälven", "min_label": 6.0}, "geometry": {"type": "MultiLineString", "coordinates": [[[16.433033, 60.155812], [16.498663, 60.163253]], [[17.417263, 60.509614], [17.457054, 60.641777]], [[14.973071, 60.728076], [15.047175, 60.710558], [15.057459, 60.680612], [15.028623, 60.632372], [15.045108, 60.591082], [15.10681, 60.556614], [15.206028, 60.540026], [15.342557, 60.541266], [15.477743, 60.505248], [15.611378, 60.431971], [15.753695, 60.400629], [15.904487, 60.411222], [16.005979, 60.389803], [16.057966, 60.336317], [16.073262, 60.27968], [16.051661, 60.219787], [16.111503, 60.172813], [16.323169, 60.121679]], [[13.718057, 61.413332], [13.724155, 61.333724], [13.740278, 61.299566], [13.768287, 61.284322], [13.948637, 61.267578], [14.033903, 61.237348], [14.093641, 61.182958], [14.230687, 61.116166], [14.552218, 60.997466]], [[12.095107, 62.150083], [12.211896, 62.15724], [12.290754, 62.119516], [12.410333, 61.999265], [13.211731, 61.663472]]]}}, {"type": "Feature", "properties": {"scalerank": 1, "featurecla": "River", "name": "Damietta Branch", "note": null, "min_zoom": 2.0, "name_alt": null, "name_en": "Damietta Branch", "min_label": 3.0}, "geometry": {"type": "LineString", "coordinates": [[31.163297, 30.151261], [31.078134, 30.324764], [31.107332, 30.418919], [31.210374, 30.507699], [31.249804, 30.623247], [31.225722, 30.765693], [31.223965, 30.868555], [31.244739, 30.931911], [31.310007, 31.01852], [31.419871, 31.128385], [31.509426, 31.186365], [31.578776, 31.192412], [31.671225, 31.277936], [31.839225, 31.526319]]}}, {"type": "Feature", "properties": {"scalerank": 2, "featurecla": "River", "name": "Danube", "note": null, "min_zoom": 2.1, "name_alt": null, "name_en": "Danube", "min_label": 3.1}, "geometry": {"type": "LineString", "coordinates": [[17.206423, 48.061098], [17.480618, 47.88762], [17.635286, 47.809899], [17.761893, 47.770159], [18.14559, 47.763416], [18.753615, 47.788375], [18.794543, 47.809433], [19.000164, 47.8192], [19.071322, 47.806514], [19.103465, 47.779229], [19.123309, 47.731247], [19.123929, 47.709078], [19.073389, 47.552033], [19.060005, 47.48103], [19.029671, 47.412739], [18.958822, 47.36468], [18.907198, 47.259984], [18.883633, 47.151153], [18.928178, 47.08325], [18.93531, 47.033047], [18.939961, 46.999819], [18.936498, 46.884761], [18.944922, 46.803603], [18.982852, 46.740196], [18.96585, 46.685109], [18.89402, 46.638291], [18.873608, 46.585865], [18.904614, 46.527832], [18.918825, 46.422929], [18.916241, 46.271155], [18.859139, 46.151085], [18.747518, 46.062667], [18.72695, 46.014401], [18.7593, 45.93469], [18.839088, 45.835756], [18.894485, 45.767103], [18.947299, 45.655818], [18.917843, 45.600834], [18.953706, 45.557995], [19.055096, 45.527247], [19.064294, 45.515], [19.033288, 45.502184], [19.007657, 45.465804], [19.004659, 45.399503], [19.093078, 45.336923], [19.272808, 45.27796], [19.474708, 45.243337], [19.698777, 45.233053], [19.82833, 45.241477], [19.863367, 45.26871], [19.907033, 45.25915], [19.959433, 45.212899], [20.044803, 45.186183], [20.163142, 45.179051], [20.253265, 45.14988], [20.282308, 45.125773], [20.314967, 45.098695], [20.3391, 45.03844], [20.325561, 44.96909], [20.352898, 44.910902], [20.421007, 44.863825], [20.500434, 44.842586], [20.591074, 44.847185], [20.635619, 44.828401], [20.634069, 44.786285], [20.66585, 44.74099], [20.731066, 44.692595], [20.91276, 44.707969], [21.360071, 44.82667], [21.523162, 44.790083], [21.597059, 44.755408], [21.636127, 44.71045], [21.740203, 44.680684], [21.909288, 44.666111], [22.026904, 44.619861], [22.09305, 44.541933], [22.20095, 44.560691], [22.350708, 44.676136], [22.497676, 44.706264], [22.64206, 44.65097], [22.720918, 44.605521], [22.734354, 44.569915], [22.700765, 44.555524], [22.620149, 44.562345], [22.554004, 44.540331], [22.502327, 44.489584], [22.494576, 44.435428], [22.530646, 44.377963], [22.581805, 44.338328], [22.647951, 44.316468], [22.683298, 44.28647], [22.687845, 44.248307], [22.775179, 44.195236], [22.945401, 44.127281], [23.028497, 44.077982], [23.024466, 44.047234], [22.985398, 44.017003], [22.911294, 43.987186], [22.8683, 43.947886], [22.856414, 43.899026], [22.867679, 43.864558], [22.919046, 43.834456], [23.224609, 43.873886], [23.534564, 43.853577], [23.950766, 43.786656], [24.22677, 43.763479], [24.430581, 43.794381], [25.159633, 43.686326], [25.49708, 43.670797], [25.686112, 43.711751], [25.818817, 43.766838], [25.933436, 43.870552], [26.215796, 44.007288], [26.489216, 44.083976], [26.847747, 44.146195], [27.086905, 44.167408], [27.221729, 44.143301], [27.266584, 44.137797], [27.338311, 44.133379], [27.412467, 44.137668], [27.594109, 44.179267], [27.860243, 44.262622], [28.022145, 44.342617], [28.079919, 44.419305], [28.083382, 44.4762], [28.032429, 44.513304], [28.012895, 44.558107], [28.024677, 44.610662], [27.992121, 44.663708], [27.907165, 44.718769], [27.876676, 44.744117], [27.850114, 44.768379], [27.830167, 44.795612], [27.830684, 44.83008], [27.862827, 44.864755], [27.894556, 44.967617], [27.925975, 45.138718], [27.964836, 45.26871], [28.011241, 45.357593], [28.078938, 45.414128], [28.21247, 45.450456], [28.317683, 45.347129], [28.451266, 45.292197], [28.760705, 45.234138]]}}, {"type": "Feature", "properties": {"scalerank": 5, "featurecla": "River", "name": "Daugava", "note": null, "min_zoom": 4.7, "name_alt": "Zapadnaya Dvina", "name_en": "Zapadnaya Dvina", "min_label": 5.7}, "geometry": {"type": "LineString", "coordinates": [[32.077557, 56.907741], [32.062157, 56.877045], [32.096832, 56.861129], [32.176517, 56.849812], [32.241681, 56.820615], [32.317749, 56.750102], [32.272894, 56.60931], [32.233103, 56.551846], [32.183597, 56.530762], [32.134917, 56.478336], [32.087065, 56.394568], [32.072647, 56.315142], [32.091561, 56.240056], [32.067841, 56.193857], [32.001489, 56.176546], [31.974307, 56.14355], [31.986296, 56.094871], [31.875295, 56.068878], [31.641408, 56.065519], [31.479454, 56.038905], [31.38964, 55.989038], [31.37946, 55.888837], [31.449016, 55.738355], [31.415323, 55.655104], [31.278381, 55.639085], [31.171359, 55.600638], [31.05581, 55.509325], [30.643226, 55.436074], [30.408615, 55.36936], [30.214415, 55.284739], [30.166976, 55.234872], [30.147855, 55.194719], [30.087497, 55.183144], [29.925233, 55.203814], [29.814956, 55.205003], [29.756768, 55.186709], [29.725762, 55.161388], [29.722041, 55.128935], [29.686798, 55.115964], [29.620032, 55.122475], [29.554817, 55.106973], [29.491255, 55.06943], [29.452394, 55.070954], [29.438234, 55.11152], [29.40573, 55.132139], [29.354777, 55.132811], [29.315606, 55.155342], [29.288218, 55.199732], [29.202073, 55.257687], [29.057069, 55.329181], [29.00069, 55.380186], [28.993042, 55.408866], [28.91868, 55.454652], [28.723549, 55.52364], [28.503925, 55.566014], [28.259908, 55.581776], [28.087154, 55.620223], [27.985765, 55.681408], [27.928146, 55.739957], [27.914297, 55.795871], [27.880862, 55.816748], [27.855179, 55.819229], [27.764021, 55.80848], [27.604135, 55.79768], [27.45913, 55.803493], [27.34906, 55.831476], [27.014817, 55.898526], [26.809248, 55.907234], [26.620835, 55.879897], [26.489164, 55.899121], [26.41413, 55.964853], [26.364469, 56.038905], [26.340181, 56.121329], [26.294344, 56.17838], [26.226958, 56.210058], [26.18417, 56.264473], [26.165876, 56.341626], [26.06428, 56.417719], [25.879382, 56.492831], [25.77851, 56.552879], [25.761663, 56.597838], [25.70978, 56.60931], [25.622757, 56.587192], [25.53408, 56.589776], [25.443646, 56.617113], [25.357708, 56.619464], [25.276163, 56.596907], [25.174464, 56.594324], [25.052611, 56.611687], [24.890708, 56.668324], [24.688654, 56.764236], [24.505409, 56.827384], [24.340975, 56.85777], [24.22031, 56.893944], [24.143519, 56.935827], [24.091377, 56.985333], [24.054325, 57.066129]]}}, {"type": "Feature", "properties": {"scalerank": 4, "featurecla": "River", "name": "Dicle", "note": null, "min_zoom": 4.0, "name_alt": null, "name_en": "Dicle", "min_label": 5.0}, "geometry": {"type": "LineString", "coordinates": [[39.64309, 38.415588], [40.018467, 38.347737], [40.024358, 38.305621], [40.06756, 38.268724], [40.149932, 38.223042], [40.178251, 38.178626], [40.152516, 38.135502], [40.171429, 38.106305], [40.234991, 38.091112], [40.261863, 38.023261], [40.251941, 37.902751], [40.427383, 37.832006], [40.96859, 37.800484], [41.155349, 37.757334], [41.358282, 37.744053], [41.639712, 37.746353], [41.800477, 37.70881], [41.840475, 37.631502], [41.853859, 37.555589], [41.840527, 37.481123], [41.882333, 37.440842], [41.979278, 37.434795], [42.093689, 37.39516], [42.225671, 37.321934], [42.312849, 37.229614], [42.376566, 37.062493]]}}, {"type": "Feature", "properties": {"scalerank": 2, "featurecla": "River", "name": "Dihang", "note": null, "min_zoom": 2.1, "name_alt": null, "name_en": "Dihang", "min_label": 3.1}, "geometry": {"type": "LineString", "coordinates": [[94.356029, 29.309529], [94.525734, 29.438746], [94.641025, 29.484299], [94.758537, 29.48926], [94.843958, 29.521196], [94.897391, 29.580107], [94.91894, 29.636176], [94.908657, 29.689403], [94.958783, 29.728082], [95.069267, 29.752189], [95.125491, 29.793246], [95.127713, 29.851227], [95.17076, 29.875954], [95.254579, 29.867428], [95.294473, 29.850194], [95.290339, 29.824201], [95.312198, 29.801179], [95.36005, 29.781128], [95.395139, 29.691082], [95.417566, 29.53104], [95.385217, 29.41035], [95.29809, 29.329063], [95.19112, 29.258369], [95.064306, 29.19827], [94.944004, 29.089801], [94.830315, 28.93286], [94.808921, 28.846069], [94.879925, 28.829352], [94.961005, 28.750597], [95.052266, 28.609753], [95.096552, 28.505961], [95.093865, 28.439143], [95.067614, 28.375917], [95.017901, 28.316256], [95.002708, 28.258224], [95.022242, 28.201819], [95.087767, 28.172234], [95.199388, 28.169444], [95.290546, 28.126759], [95.396482, 28.002916]]}}, {"type": "Feature", "properties": {"scalerank": 4, "featurecla": "River", "name": "Dnepre", "note": null, "min_zoom": 4.0, "name_alt": null, "name_en": "Dnepre", "min_label": 5.0}, "geometry": {"type": "LineString", "coordinates": [[33.735337, 55.873696], [33.817709, 55.82667], [33.82608, 55.801969], [33.787736, 55.783934], [33.803033, 55.76409], [33.871866, 55.742489], [33.890986, 55.713034], [33.845201, 55.657068], [33.767893, 55.569787], [33.702057, 55.545809], [33.621855, 55.556041], [33.584545, 55.498215], [33.590126, 55.372331], [33.56992, 55.28722], [33.523928, 55.24283], [33.473337, 55.1448], [33.390655, 54.917217]]}}, {"type": "Feature", "properties": {"scalerank": 6, "featurecla": "River", "name": "Dniester", "note": null, "min_zoom": 5.0, "name_alt": null, "name_en": "Dniester", "min_label": 6.0}, "geometry": {"type": "MultiLineString", "coordinates": [[[30.478326, 46.101166], [30.49295, 46.090159]], [[22.846595, 49.267071], [23.082343, 49.460651], [23.388371, 49.55403], [23.607376, 49.564753], [23.841263, 49.52398], [24.018617, 49.481011], [24.13923, 49.435923], [24.226615, 49.372361], [24.280668, 49.290351], [24.360457, 49.245211], [24.46598, 49.237047], [24.594292, 49.181908], [24.745394, 49.079795], [24.851176, 49.02786], [24.911637, 49.026], [24.98693, 48.998198], [25.122116, 48.917635], [25.154517, 48.878464], [25.185367, 48.881874], [25.210534, 48.88451], [25.230274, 48.864253], [25.250738, 48.841903], [25.301898, 48.841903], [25.339001, 48.832472], [25.397654, 48.845288], [25.520541, 48.808907], [25.668232, 48.689406], [25.731226, 48.658917], [25.780577, 48.659873], [25.826982, 48.649176], [25.894058, 48.607524], [25.95793, 48.601943], [26.005421, 48.613803], [26.036633, 48.617239], [26.071928, 48.572281], [26.092909, 48.562669], [26.130374, 48.572152], [26.168718, 48.547244], [26.253106, 48.529441], [26.397903, 48.535126], [26.498466, 48.516677], [26.554793, 48.474096], [26.59107, 48.466293], [26.607296, 48.493268], [26.638819, 48.504223], [26.668378, 48.516574], [26.694319, 48.539001], [26.720468, 48.549957], [26.758708, 48.561842], [26.78403, 48.564788], [26.80377, 48.579076], [26.834983, 48.582565], [26.883558, 48.558251], [26.996678, 48.560344], [27.271907, 48.600548], [27.432982, 48.58365], [27.479904, 48.509597], [27.573749, 48.464897], [27.714412, 48.449498], [27.820039, 48.41627], [27.890629, 48.365214], [27.963389, 48.333562], [28.038423, 48.321289], [28.080126, 48.295812], [28.088498, 48.257055], [28.158829, 48.237986], [28.291018, 48.238555], [28.347138, 48.213052], [28.326984, 48.161428], [28.340524, 48.144452], [28.387549, 48.162125], [28.423051, 48.146881], [28.442016, 48.108692], [28.463049, 48.090502], [28.495656, 48.095928], [28.539168, 48.104093], [28.574463, 48.068746], [28.571776, 48.027973], [28.604384, 48.008956], [28.653321, 48.017121], [28.765562, 47.98658], [28.933924, 47.897904], [29.010199, 47.795739], [28.994386, 47.680087], [29.017485, 47.582677], [29.079497, 47.503561], [29.103475, 47.449559], [29.089419, 47.420775], [29.102958, 47.391785], [29.119908, 47.368504], [29.116445, 47.340547], [29.103733, 47.310187], [29.153859, 47.234792], [29.144557, 47.180971], [29.131948, 47.153246], [29.136961, 47.135573], [29.172256, 47.135573], [29.215147, 47.143143], [29.264963, 47.146037], [29.313591, 47.115781], [29.35917, 47.06643], [29.360255, 47.029404], [29.316743, 47.004625], [29.300207, 46.983851], [29.310645, 46.967108], [29.423558, 46.954705], [29.472444, 46.911814], [29.498593, 46.828718], [29.537298, 46.80058], [29.588665, 46.8274], [29.635173, 46.812595], [29.676825, 46.756113], [29.689795, 46.715004], [29.673982, 46.689192], [29.693413, 46.664542], [29.748086, 46.640926], [29.763434, 46.620462], [29.769842, 46.601032], [29.805137, 46.580878], [29.898258, 46.553438], [30.131009, 46.423084], [30.219685, 46.426288], [30.254102, 46.400527], [30.268778, 46.320041]]]}}, {"type": "Feature", "properties": {"scalerank": 4, "featurecla": "River", "name": "Dnipro", "note": null, "min_zoom": 4.0, "name_alt": "Dnieper", "name_en": "Dnieper", "min_label": 5.0}, "geometry": {"type": "MultiLineString", "coordinates": [[[32.577991, 46.615605], [32.645481, 46.649608], [32.93368, 46.717278], [33.066644, 46.758748], [33.236969, 46.777455], [33.35691, 46.785878], [33.451271, 46.808797], [33.539896, 46.83125]], [[35.105279, 47.840129], [35.129928, 47.971982], [35.117629, 48.037585], [35.076598, 48.08089], [35.087192, 48.10833], [35.14941, 48.119957], [35.184912, 48.150033], [35.193697, 48.198609], [35.169564, 48.279844], [35.112617, 48.393713], [34.958828, 48.477067], [34.818578, 48.492157], [34.708197, 48.529906], [34.410127, 48.640184], [34.225384, 48.736405], [34.064619, 48.807822], [33.717353, 48.942207], [33.507599, 49.008068], [33.36306, 49.065403], [33.193974, 49.093903]], [[31.888007, 49.554443], [31.690655, 49.636144], [31.4624, 49.756705]], [[31.439869, 50.000101], [31.244326, 49.978913], [31.07121, 50.0232], [30.855512, 50.125778], [30.706684, 50.221999], [30.624829, 50.311813], [30.566589, 50.416665], [30.514655, 50.596602]], [[33.390655, 54.917217], [33.109277, 54.985791], [32.977915, 55.001139], [32.902778, 54.986153], [32.822834, 54.957886], [32.738085, 54.916287], [32.687028, 54.870966], [32.669769, 54.821925], [32.611271, 54.762937], [32.511535, 54.694052], [32.381621, 54.694853], [32.221424, 54.765391], [32.005571, 54.777122], [31.598309, 54.706687], [30.973748, 54.65514], [30.71764, 54.613411], [30.621728, 54.56437], [30.55212, 54.544216], [30.508815, 54.553001], [30.462565, 54.536594], [30.413265, 54.494969], [30.360245, 54.424792], [30.303505, 54.326038], [30.318387, 54.184703], [30.404894, 54.000839], [30.406651, 53.89901], [30.323555, 53.879244], [30.275134, 53.801548], [30.261388, 53.665975], [30.283661, 53.522832], [30.371201, 53.296592], [30.27901, 53.250497], [30.260303, 53.205977], [30.284178, 53.147635], [30.251467, 53.120169], [30.162066, 53.123579], [30.090804, 53.100609], [30.037578, 53.051232], [30.03427, 52.954003], [30.080883, 52.808844], [30.143411, 52.710168], [30.222063, 52.657923], [30.258081, 52.606221], [30.25157, 52.555009], [30.279423, 52.50708], [30.341539, 52.462379], [30.365465, 52.429823], [30.351099, 52.409308], [30.396987, 52.379956], [30.503131, 52.341793], [30.545815, 52.3058], [30.525042, 52.271952], [30.583901, 52.196608], [30.72229, 52.079767], [30.796188, 51.99569], [30.805386, 51.944323], [30.772933, 51.893887], [30.698623, 51.844381], [30.624829, 51.765729], [30.551345, 51.657881], [30.547262, 51.544916], [30.612478, 51.426784], [30.610721, 51.330123], [30.507627, 51.217313]]]}}, {"type": "Feature", "properties": {"scalerank": 6, "featurecla": "River", "name": "Don", "note": null, "min_zoom": 5.0, "name_alt": null, "name_en": "Don", "min_label": 6.0}, "geometry": {"type": "MultiLineString", "coordinates": [[[42.109709, 47.601772], [42.014728, 47.560327], [41.852981, 47.563893], [41.754744, 47.590093], [41.592738, 47.598671], [41.406806, 47.598671], [41.295289, 47.563893], [41.183926, 47.547331], [41.072821, 47.548984], [41.009208, 47.566864], [40.993085, 47.601022], [40.970244, 47.61004], [40.926009, 47.585907], [40.588458, 47.491443], [40.411622, 47.401396], [40.283051, 47.284349], [40.112363, 47.222493], [39.89956, 47.21593], [39.68934, 47.187172], [39.377886, 47.11082], [39.293447, 47.105756]], [[43.549104, 49.506643], [43.379192, 49.486644], [43.315734, 49.455922], [43.301988, 49.407811], [43.251913, 49.365463], [43.165407, 49.328876], [43.095489, 49.324018], [43.042055, 49.350812], [43.015907, 49.380035], [43.017044, 49.411661], [42.956634, 49.44215], [42.834781, 49.471503], [42.796851, 49.515634], [42.769876, 49.57253], [42.730963, 49.581522], [42.647092, 49.566561], [42.446484, 49.578524], [42.296726, 49.599479], [42.006253, 49.610254], [41.832568, 49.596508], [41.712937, 49.615757], [41.467061, 49.613019], [41.379521, 49.588033], [41.313634, 49.586767], [41.269502, 49.609194], [41.260975, 49.629684], [41.288054, 49.648184], [41.279269, 49.683066], [41.234517, 49.734303], [41.140363, 49.770296], [40.996599, 49.791121], [40.921048, 49.827269], [40.913606, 49.878765], [40.889577, 49.921759], [40.848959, 49.956202], [40.778007, 49.963824], [40.676618, 49.944549], [40.644372, 49.953385], [40.621221, 49.976536], [40.5959, 50.026559], [40.501539, 50.120404], [40.431569, 50.139162], [40.385887, 50.082886], [40.321808, 50.06511], [40.197991, 50.096322], [40.039655, 50.10335], [40.001414, 50.132548], [40.030456, 50.186239], [40.026529, 50.238381], [39.989632, 50.289024], [40.001931, 50.345635], [40.063632, 50.40819], [40.036347, 50.475369], [39.920282, 50.547096], [39.907001, 50.617376], [39.879406, 50.649829], [39.794347, 50.691867], [39.757191, 50.733441], [39.768043, 50.774627], [39.794088, 50.7969], [39.814242, 50.833125], [39.788507, 50.874156], [39.774658, 50.918727], [39.777862, 50.952187], [39.744789, 50.962109], [39.677403, 50.954565], [39.512865, 50.95968], [39.266162, 50.987017], [39.14312, 51.024147], [39.143844, 51.071121], [39.181567, 51.110524], [39.256292, 51.142408], [39.262079, 51.173259], [39.198931, 51.203128], [39.176762, 51.237571], [39.16007, 51.294182], [39.13108, 51.363997], [39.051808, 51.429574], [39.051653, 51.477091], [39.058939, 51.507115], [39.037235, 51.539671], [39.017701, 51.567654], [39.011914, 51.597213], [39.038165, 51.625893], [39.045813, 51.656744], [39.034961, 51.689817], [39.060335, 51.757151], [39.122036, 51.85867], [39.139968, 51.934091], [39.13294, 52.011735]], [[39.13294, 52.018556], [39.151647, 52.051604], [39.163791, 52.08416], [39.154386, 52.124881], [39.096456, 52.179348], [38.990003, 52.247664], [38.957653, 52.289367], [38.958067, 52.327194], [38.904943, 52.43773], [38.930678, 52.576223], [38.932745, 52.664589], [38.910938, 52.702882], [38.964371, 52.794142], [39.092942, 52.938371], [39.155367, 53.117843], [39.151543, 53.332611], [39.111649, 53.448572], [39.056045, 53.518594], [39.021319, 53.560917], [38.998064, 53.576213], [38.87125, 53.6182], [38.64098, 53.686827], [38.530961, 53.753722], [38.541193, 53.818886], [38.529256, 53.860873], [38.478096, 53.889011], [38.306117, 54.063755]]]}}, {"type": "Feature", "properties": {"scalerank": 2, "featurecla": "River", "name": "Donau", "note": null, "min_zoom": 2.1, "name_alt": "Danube", "name_en": "Danube", "min_label": 3.1}, "geometry": {"type": "MultiLineString", "coordinates": [[[8.219788, 48.046809], [8.490056, 47.930718], [8.695831, 47.936299], [8.835874, 47.976348], [8.978708, 48.0527], [9.131877, 48.086419], [9.295381, 48.077531], [9.421058, 48.116133], [9.508805, 48.202329], [9.588697, 48.243955], [9.660734, 48.240983], [9.784034, 48.289094], [9.958803, 48.388261], [10.127165, 48.452908], [10.289119, 48.483087], [10.385031, 48.516212], [10.414693, 48.552334], [10.523575, 48.606697], [10.711574, 48.679406], [11.025095, 48.73532], [11.683556, 48.794128], [11.765928, 48.870919], [11.850367, 48.906007], [11.964366, 48.924921], [12.024207, 48.957658], [12.032992, 49.027499], [12.242437, 49.018094], [12.360827, 48.992204], [12.506555, 48.923836]], [[17.206423, 48.061098], [17.165495, 48.117425], [17.110822, 48.146467], [17.028656, 48.167086], [16.878071, 48.171789], [16.659066, 48.160627], [16.486467, 48.212536], [16.36048, 48.32749], [16.209481, 48.37958], [16.033678, 48.368831], [15.861389, 48.379373], [15.692717, 48.411283], [15.573034, 48.423711], [15.502341, 48.416683], [15.431182, 48.370898], [15.359559, 48.286304], [15.264733, 48.228788], [15.146704, 48.19835], [15.035754, 48.197885], [14.931885, 48.227392], [14.82879, 48.227212], [14.726471, 48.197317], [14.583431, 48.218737], [14.399669, 48.291549], [14.24309, 48.328265], [14.113795, 48.328885], [14.036797, 48.352346], [14.012199, 48.398622], [13.871588, 48.461771], [13.48665, 48.581841], [13.316273, 48.602305], [13.199949, 48.636411], [13.080887, 48.690982], [13.004767, 48.747619], [12.971591, 48.806324], [12.908804, 48.835702], [12.816303, 48.835702], [12.704217, 48.859602], [12.506555, 48.931277]]]}}, {"type": "Feature", "properties": {"scalerank": 6, "featurecla": "River", "name": "Drava", "note": null, "min_zoom": 5.0, "name_alt": null, "name_en": "Drava", "min_label": 6.0}, "geometry": {"type": "LineString", "coordinates": [[13.821823, 47.090459], [14.36732, 47.147381], [14.507001, 47.209108], [14.619656, 47.224405], [14.751844, 47.213759], [14.860623, 47.245256], [14.946096, 47.318921], [15.062006, 47.371011], [15.145153, 47.400156], [15.208457, 47.401526], [15.303025, 47.393671], [15.34571, 47.34742], [15.352479, 47.316208], [15.323437, 47.300059], [15.315582, 47.252568], [15.328915, 47.17371], [15.361368, 47.121103], [15.412941, 47.0948], [15.475934, 46.996925], [15.55965, 46.831302], [15.581716, 46.767352], [15.630188, 46.736476], [15.701295, 46.722833], [16.04205, 46.662682], [16.211497, 46.570491], [16.321206, 46.534628], [16.427659, 46.524396], [16.569976, 46.484992], [16.748053, 46.416418], [16.871456, 46.339291], [16.939979, 46.253663], [17.032687, 46.18731], [17.149579, 46.140336], [17.242183, 46.076619], [17.310603, 45.996159], [17.406307, 45.951097], [17.529194, 45.94133], [17.607019, 45.913787], [17.639678, 45.868363], [17.706392, 45.827255], [17.807161, 45.790409], [17.963844, 45.770281], [18.28274, 45.765166], [18.550837, 45.626724], [18.712067, 45.573653], [18.953706, 45.557995]]}}, {"type": "Feature", "properties": {"scalerank": 6, "featurecla": "River", "name": "Duero", "note": null, "min_zoom": 5.0, "name_alt": null, "name_en": "Duero", "min_label": 6.0}, "geometry": {"type": "LineString", "coordinates": [[-2.837496, 41.928061], [-2.541932, 41.849952], [-2.444006, 41.796777], [-2.445272, 41.742517], [-2.423697, 41.687869], [-2.357086, 41.605316], [-2.498317, 41.521445], [-2.61676, 41.505012], [-2.759542, 41.52806], [-2.865582, 41.529093], [-2.93488, 41.508009], [-3.038336, 41.524442], [-3.175899, 41.578367], [-3.410975, 41.632782], [-3.743487, 41.687688], [-3.940555, 41.692959], [-4.002153, 41.648595], [-4.146072, 41.630793], [-4.372312, 41.639629], [-4.681905, 41.592345], [-5.074801, 41.488992], [-5.306906, 41.463516], [-5.378271, 41.515993], [-5.51803, 41.527466], [-5.726105, 41.497932], [-5.837571, 41.492145], [-5.8878, 41.473593], [-5.970922, 41.490388], [-6.091948, 41.542839], [-6.178015, 41.549635], [-6.244316, 41.515916], [-6.289352, 41.455041], [-6.403144, 41.375408], [-6.565924, 41.303732], [-6.690155, 41.214487], [-6.775782, 41.107724], [-6.882804, 41.062403], [-7.011272, 41.078527], [-7.084808, 41.112995], [-7.103489, 41.165756], [-7.244384, 41.189424], [-7.651207, 41.181208], [-8.234815, 41.091833], [-8.425475, 41.084211], [-8.555493, 41.127567], [-8.674607, 41.154491]]}}, {"type": "Feature", "properties": {"scalerank": 5, "featurecla": "River", "name": "Ebro", "note": null, "min_zoom": 4.7, "name_alt": null, "name_en": "Ebro", "min_label": 5.7}, "geometry": {"type": "LineString", "coordinates": [[-4.18886, 43.011173], [-4.102251, 43.001484], [-4.05476, 42.952521], [-4.01745, 42.861053], [-3.962672, 42.825035], [-3.890377, 42.844414], [-3.821958, 42.841856], [-3.757388, 42.817283], [-3.709251, 42.832631], [-3.677522, 42.887899], [-3.626776, 42.898002], [-3.522131, 42.845447], [-3.451231, 42.806922], [-3.336613, 42.791859], [-3.15466, 42.787414], [-3.010896, 42.75522], [-2.905424, 42.695275], [-2.842793, 42.644167], [-2.823052, 42.601844], [-2.755795, 42.559676], [-2.641022, 42.517612], [-2.563146, 42.506863], [-2.522192, 42.527327], [-2.39543, 42.513788], [-2.182936, 42.466245], [-1.994421, 42.39085], [-1.747614, 42.235924], [-1.405206, 41.978265], [-1.110185, 41.8021], [-0.748398, 41.621517], [-0.526422, 41.478916], [-0.444231, 41.374322], [-0.301087, 41.309417], [-0.097069, 41.284199], [0.040339, 41.306058], [0.111136, 41.374994], [0.167101, 41.410651], [0.208132, 41.413131], [0.262754, 41.398895], [0.330864, 41.367966], [0.362206, 41.328434], [0.356754, 41.280271], [0.364299, 41.255725], [0.39502, 41.254304], [0.525426, 41.248904], [0.589866, 41.219629], [0.631724, 41.164697], [0.652498, 41.119196], [0.651981, 41.083126], [0.613844, 41.037521], [0.53788, 40.982383], [0.517054, 40.903886], [0.551264, 40.802032], [0.650586, 40.744619], [0.89114, 40.722347]]}}, {"type": "Feature", "properties": {"scalerank": 1, "featurecla": "River", "name": "El Bahr el Abyad", "note": null, "min_zoom": 2.0, "name_alt": "White Nile", "name_en": "White Nile", "min_label": 3.0}, "geometry": {"type": "LineString", "coordinates": [[31.124747, 9.432525], [31.345922, 9.365501], [31.452582, 9.353977], [31.518418, 9.375655], [31.580843, 9.444876], [31.639651, 9.561665], [31.745794, 9.65693], [31.899066, 9.730647], [32.036422, 9.834284], [32.157758, 9.967764], [32.23455, 10.072254], [32.266796, 10.147701], [32.270103, 10.246481], [32.244368, 10.368566], [32.200857, 10.435074], [32.139362, 10.445978], [32.107736, 10.471041], [32.105875, 10.510289], [32.240441, 10.655939], [32.511329, 10.908017], [32.645326, 11.102785], [32.642328, 11.240348], [32.672766, 11.413929], [32.736638, 11.62358], [32.763716, 11.795146], [32.749144, 11.99534], [32.729506, 12.190006], [32.743149, 12.332891], [32.783457, 12.488954], [32.790795, 12.651941], [32.76506, 12.821853], [32.766713, 12.939314], [32.795652, 13.004297], [32.751727, 13.116848], [32.634939, 13.276994], [32.585536, 13.424401], [32.603623, 13.559069], [32.586828, 13.638238], [32.535255, 13.661854], [32.500011, 13.703789], [32.481098, 13.763992], [32.438775, 13.82466], [32.373042, 13.885819], [32.295011, 14.032141], [32.204577, 14.263652], [32.171711, 14.465216], [32.196206, 14.636859], [32.262248, 14.782561], [32.369838, 14.902347], [32.440222, 15.130317], [32.490141, 15.63455]]}}, {"type": "Feature", "properties": {"scalerank": 3, "featurecla": "River", "name": "El Bahr el Azraq", "note": null, "min_zoom": 3.0, "name_alt": "Blue Nile", "name_en": "Blue Nile", "min_label": 4.0}, "geometry": {"type": "MultiLineString", "coordinates": [[[35.353377, 10.155091], [35.342577, 10.186665], [35.293174, 10.411148], [35.242325, 10.517084], [35.147447, 10.572843], [35.181657, 10.974447], [35.161038, 11.139605], [35.097062, 11.202159], [34.993193, 11.249184], [34.777547, 11.296443]], [[34.379638, 11.78308], [34.323983, 12.048205], [34.317161, 12.193778], [34.340623, 12.308112], [34.301142, 12.402835], [34.198719, 12.477947], [34.15712, 12.534274], [34.176447, 12.571894], [34.175206, 12.636723], [34.153502, 12.728758], [34.116812, 12.804283], [34.065239, 12.86335], [34.039711, 12.872031], [34.000023, 12.901797], [33.981316, 12.958253], [33.960956, 13.14403], [33.930415, 13.257977], [33.889797, 13.300093], [33.827579, 13.325492], [33.74376, 13.334173], [33.692032, 13.380915], [33.672291, 13.46569], [33.639373, 13.529562], [33.593175, 13.572531], [33.582374, 13.618962], [33.606869, 13.668882], [33.602115, 13.708259], [33.577517, 13.733581], [33.580824, 13.755905], [33.596534, 13.771614], [33.599014, 13.793112], [33.580256, 13.819208], [33.574209, 13.839414], [33.581444, 13.855976], [33.595707, 13.866699], [33.603665, 13.887421], [33.591366, 13.937341], [33.609143, 14.01129], [33.657202, 14.109217], [33.566355, 14.344164], [33.336601, 14.716079], [33.210717, 14.955883], [33.1886, 15.063577], [33.133823, 15.159514], [33.04649, 15.243695], [32.949131, 15.30364], [32.841954, 15.339374], [32.734984, 15.422573], [32.628427, 15.553211], [32.553548, 15.622044], [32.490141, 15.63455]]]}}, {"type": "Feature", "properties": {"scalerank": 5, "featurecla": "River", "name": "Elbe", "note": null, "min_zoom": 4.7, "name_alt": null, "name_en": "Elbe", "min_label": 5.7}, "geometry": {"type": "MultiLineString", "coordinates": [[[15.582749, 50.692798], [15.614996, 50.613913], [15.652564, 50.575983], [15.706204, 50.552677], [15.734058, 50.522188], [15.736022, 50.484412], [15.782272, 50.440126], [15.864179, 50.394082], [15.883816, 50.372274], [15.889036, 50.327523], [15.844852, 50.272022], [15.819376, 50.196626], [15.817205, 50.106968], [15.677421, 50.051932], [15.399918, 50.031417], [15.235587, 50.034698], [15.158796, 50.075213], [15.088103, 50.152365], [14.96935, 50.17903], [14.778871, 50.180942], [14.630973, 50.222103], [14.472946, 50.342716], [14.388197, 50.43811], [14.332438, 50.460434], [14.277351, 50.441573], [14.240557, 50.454156], [14.222057, 50.49821], [14.178081, 50.520069], [14.108731, 50.519656], [14.062481, 50.535365], [14.039433, 50.567095], [14.039588, 50.589393], [14.062946, 50.60226], [14.06739, 50.618513], [14.06956, 50.641431], [14.083978, 50.660732], [14.160356, 50.68626], [14.202885, 50.749667], [14.211567, 50.850979], [14.136171, 50.917874], [13.976698, 50.950327], [13.87381, 50.991358], [13.827611, 51.040993], [13.743792, 51.078691], [13.622456, 51.104478], [13.522203, 51.141401], [13.443035, 51.189511], [13.39756, 51.234961], [13.385778, 51.277801], [13.344953, 51.312424], [13.275087, 51.33883], [13.226201, 51.382445], [13.184343, 51.473628]], [[13.191164, 51.473628], [12.934229, 51.622586], [12.842038, 51.711418], [12.828912, 51.789707], [12.741579, 51.842779], [12.579935, 51.870633], [12.381705, 51.880968], [12.14699, 51.873785], [11.994751, 51.908692], [11.925195, 51.985639], [11.843339, 52.031295], [11.749392, 52.045661], [11.690842, 52.071602], [11.667795, 52.109068], [11.668208, 52.155292], [11.692083, 52.210198], [11.757247, 52.272753], [11.916927, 52.377966], [11.977905, 52.43773], [12.003433, 52.561857], [12.013768, 52.770319], [11.920544, 52.918476], [11.723864, 53.006274], [11.555088, 53.054178], [11.414322, 53.062188], [11.296913, 53.093039], [11.202965, 53.146834], [11.1393, 53.16629], [11.105917, 53.151459], [10.994347, 53.200112], [10.804488, 53.312173], [10.682428, 53.369094], [10.601038, 53.371678], [10.412988, 53.416843], [10.305139, 53.425525], [10.214808, 53.412812], [10.082, 53.439943]], [[10.082, 53.439943], [9.818967, 53.54035], [9.784034, 53.554638], [9.899789, 53.551719], [9.987639, 53.538102], [10.047532, 53.515907], [10.082, 53.439943]]]}}, {"type": "Feature", "properties": {"scalerank": 2, "featurecla": "River", "name": "Ertis", "note": null, "min_zoom": 2.1, "name_alt": null, "name_en": "Ertis", "min_label": 3.1}, "geometry": {"type": "MultiLineString", "coordinates": [[[85.267075, 47.994383], [84.998564, 47.927669], [84.880018, 47.879584], [84.821831, 47.82783], [84.728503, 47.782665], [84.599932, 47.744011], [84.490946, 47.726545], [84.356846, 47.732126]], [[83.363728, 49.643843], [83.128291, 49.681877], [82.990676, 49.748282], [82.872337, 49.855769], [82.696276, 49.946719], [82.462388, 50.021185], [82.321208, 50.100663], [82.272736, 50.185154], [82.150056, 50.219028], [81.953169, 50.202311], [81.774575, 50.22758], [81.614171, 50.294837], [81.482448, 50.325197], [81.379405, 50.318686], [81.248302, 50.33778], [81.089035, 50.382455], [80.962945, 50.39217], [80.870031, 50.366978], [80.691023, 50.360441], [80.425923, 50.372533], [80.241852, 50.409947], [80.138706, 50.472733], [80.018713, 50.495781], [79.881874, 50.479141], [79.701936, 50.51671], [79.479004, 50.608436], [79.312813, 50.662076], [79.203362, 50.677579], [79.115926, 50.667011], [79.050297, 50.630347], [78.899505, 50.650862], [78.545315, 50.767289], [78.348221, 50.857594], [78.245488, 50.922758], [78.171487, 50.992908], [78.106168, 51.093729], [78.049634, 51.225297], [77.959821, 51.335291], [77.836831, 51.423709], [77.690586, 51.498717], [77.520984, 51.560316], [77.441196, 51.651008], [77.451118, 51.77082], [77.333554, 51.886239], [77.088504, 51.99724], [76.960088, 52.108267], [76.948203, 52.219294], [76.899627, 52.303371], [76.814257, 52.360448], [76.779738, 52.411065], [76.796171, 52.455196], [76.794414, 52.502248], [76.77457, 52.552219], [76.734107, 52.588754], [76.673026, 52.611854], [76.654267, 52.63963], [76.677935, 52.672134], [76.679485, 52.704173], [76.659021, 52.735799], [76.549777, 52.816156], [76.513811, 52.827267], [76.493709, 52.830135], [76.479342, 52.850237], [76.484975, 52.885041], [76.460894, 52.898735], [76.31434, 52.905246], [76.260286, 52.930077], [76.241889, 52.979945], [76.144324, 53.014594], [75.967487, 53.034076], [75.854626, 53.077742], [75.805637, 53.145645], [75.727192, 53.201869], [75.619188, 53.246363], [75.56839, 53.282459], [75.566685, 53.304008], [75.544878, 53.321836], [75.520538, 53.332507], [75.503278, 53.344005], [75.506172, 53.361213], [75.50333, 53.396586], [75.457441, 53.455497], [75.357395, 53.520093], [75.20309, 53.590424], [75.10077, 53.65378], [75.050231, 53.71021], [75.039947, 53.789327], [75.069816, 53.891078], [75.061961, 53.952883], [74.993593, 53.985594]]]}}, {"type": "Feature", "properties": {"scalerank": 2, "featurecla": "River", "name": "Ertix", "note": null, "min_zoom": 2.1, "name_alt": "Irtysh", "name_en": "Irtysh", "min_label": 3.1}, "geometry": {"type": "LineString", "coordinates": [[90.325371, 47.650167], [90.283823, 47.4909], [90.25261, 47.430387], [90.20052, 47.408011], [90.132411, 47.40119], [90.063991, 47.355714], [89.972524, 47.26926], [89.872323, 47.212958], [89.763286, 47.186732], [89.654507, 47.125909], [89.54609, 47.030411], [89.40553, 46.990181], [89.233034, 47.005219], [89.032426, 47.061469], [88.80381, 47.158982], [88.51499, 47.233035], [88.165968, 47.283729], [87.847279, 47.348221], [87.559028, 47.426563], [87.386997, 47.495396], [87.33129, 47.55472], [87.265713, 47.580197], [87.190162, 47.571825], [87.100245, 47.590765], [86.943562, 47.660114], [86.607251, 47.832352], [86.433412, 47.877595], [86.310112, 47.853307], [86.154152, 47.875657], [85.965637, 47.944645], [85.792314, 47.980198], [85.634081, 47.982317], [85.543647, 47.994383], [85.520806, 48.016449], [85.448873, 48.019188], [85.267075, 47.994383]]}}, {"type": "Feature", "properties": {"scalerank": 3, "featurecla": "River", "name": "Euphrates", "note": null, "min_zoom": 3.0, "name_alt": null, "name_en": "Euphrates", "min_label": 4.0}, "geometry": {"type": "MultiLineString", "coordinates": [[[45.463096, 31.305195], [45.540766, 31.22874], [45.685098, 31.18404], [45.922086, 31.145541], [46.121144, 31.086087], [46.363093, 30.965371], [46.483292, 30.902584], [46.579617, 30.90168], [46.692065, 30.941781], [46.885542, 30.958834], [47.16015, 30.952917], [47.331406, 30.96656], [47.399309, 30.999814], [47.442097, 31.004439], [47.468452, 30.968472]], [[40.992568, 34.428467], [41.119072, 34.38772], [41.176898, 34.392888], [41.208214, 34.430405], [41.275858, 34.442859], [41.379935, 34.43025], [41.430061, 34.436038], [41.448251, 34.439888], [41.470523, 34.449164], [41.501788, 34.436038], [41.590723, 34.448337], [41.717123, 34.497119], [41.827194, 34.509057], [41.920935, 34.484149], [41.989613, 34.446115], [42.055035, 34.369324], [42.122163, 34.301731], [42.169602, 34.28814], [42.219728, 34.305942], [42.248047, 34.296977], [42.26293, 34.289561], [42.286184, 34.292197], [42.303237, 34.33408], [42.329851, 34.346483], [42.365921, 34.329429], [42.366334, 34.301834], [42.330988, 34.263645], [42.331814, 34.231218], [42.368918, 34.204502], [42.383284, 34.165408], [42.375119, 34.113887], [42.417236, 34.058981], [42.446536, 34.040506], [42.509736, 34.000638], [42.551129, 33.943587], [42.541414, 33.887803], [42.563428, 33.870336], [42.617172, 33.891213], [42.672879, 33.889611], [42.730446, 33.865478], [42.747551, 33.819641], [42.72409, 33.751997], [42.767292, 33.671123], [42.877156, 33.576917], [42.965471, 33.520848], [43.03234, 33.502813], [43.078952, 33.504622], [43.105514, 33.526171], [43.155227, 33.515009], [43.228194, 33.471136], [43.287673, 33.454832], [43.333665, 33.466149], [43.45433, 33.442429], [43.535617, 33.417986], [43.649667, 33.383673], [43.775757, 33.31143], [43.832498, 33.225698], [43.872289, 33.198646], [43.905362, 33.198646], [43.947633, 33.194667], [44.029075, 33.159708], [44.122041, 33.052944], [44.253661, 32.828177], [44.262549, 32.792934], [44.263583, 32.726995], [44.236608, 32.624004], [44.25547, 32.496363], [44.321305, 32.348517], [44.354947, 32.235449], [44.356497, 32.157211], [44.387348, 32.072461], [44.447603, 31.981278], [44.476851, 31.877874], [44.475094, 31.762299], [44.548113, 31.648094], [44.769805, 31.478854], [45.041882, 31.440717], [45.158154, 31.402657], [45.209313, 31.352014], [45.292874, 31.321318], [45.46692, 31.305195]]]}}, {"type": "Feature", "properties": {"scalerank": 6, "featurecla": "River", "name": "Ferenc Csatorna", "note": null, "min_zoom": 5.0, "name_alt": null, "name_en": "Ferenc Csatorna", "min_label": 6.0}, "geometry": {"type": "LineString", "coordinates": [[18.919858, 46.26684], [18.908593, 45.949935], [18.905389, 45.931719], [18.893555, 45.865521], [18.839088, 45.835756]]}}, {"type": "Feature", "properties": {"scalerank": 3, "featurecla": "River", "name": "Firat", "note": null, "min_zoom": 3.0, "name_alt": null, "name_en": "Firat", "min_label": 4.0}, "geometry": {"type": "MultiLineString", "coordinates": [[[38.767794, 38.812825], [38.554629, 38.768022], [38.449881, 38.713735], [38.382598, 38.635032], [38.355055, 38.580901], [38.367354, 38.551342], [38.452361, 38.507624], [38.610078, 38.449746], [38.719322, 38.425665], [38.780093, 38.435458], [38.847169, 38.412901], [38.92055, 38.357969], [38.996617, 38.333784], [39.075476, 38.340296], [39.114853, 38.305879], [39.114853, 38.230457], [39.14927, 38.189504], [39.218206, 38.182993], [39.248127, 38.153795], [39.239135, 38.102016], [39.17056, 38.033596], [39.042403, 37.948537], [38.978221, 37.887068], [38.978014, 37.849189], [38.95569, 37.819862], [38.948868, 37.797228], [38.92365, 37.745293], [38.841485, 37.713099], [38.828876, 37.69031], [38.838488, 37.665557], [38.812753, 37.644679], [38.701338, 37.631037], [38.607907, 37.593313], [38.532563, 37.53156], [38.439132, 37.494611], [38.327718, 37.482519], [38.25041, 37.460582], [38.207312, 37.428775], [38.136722, 37.420869], [38.03864, 37.436837], [37.966293, 37.424564], [37.919681, 37.384101], [37.854568, 37.291884], [37.847799, 37.217212], [37.862165, 37.115874], [37.896736, 37.061407], [37.95141, 37.053863], [37.990529, 36.996476], [38.025721, 36.835633]], [[41.455485, 40.180183], [41.328258, 40.016317], [40.984713, 39.943712], [40.769791, 39.928054], [40.568976, 39.945107], [40.396222, 39.942213], [40.251425, 39.919372], [40.169362, 39.894878], [40.149829, 39.86873], [40.169931, 39.823823], [40.229565, 39.760157], [40.240469, 39.694373], [40.202642, 39.62647], [40.163265, 39.584406], [40.122234, 39.568231], [39.938989, 39.595361], [39.613427, 39.665796], [39.414576, 39.683444], [39.34254, 39.648252], [39.196295, 39.618538], [38.97605, 39.594302], [38.739786, 39.536476], [38.487501, 39.44506], [38.426006, 39.342457], [38.555301, 39.228614], [38.642789, 39.170271], [38.688574, 39.167429], [38.718495, 39.144123], [38.739579, 39.078494]]]}}, {"type": "Feature", "properties": {"scalerank": 6, "featurecla": "River", "name": "Gan", "note": null, "min_zoom": 5.0, "name_alt": null, "name_en": "Gan", "min_label": 6.0}, "geometry": {"type": "LineString", "coordinates": [[114.412479, 24.707045], [114.479607, 24.708311], [114.529888, 24.735441], [114.613707, 24.815566], [114.730083, 24.881918], [114.762019, 24.953154], [114.748273, 25.051443], [114.782586, 25.112576], [114.864751, 25.136657], [114.899065, 25.19593], [114.885422, 25.29042], [114.929915, 25.429895], [115.032545, 25.614302], [115.089544, 25.746336], [115.101016, 25.826021], [115.068408, 25.863745], [114.991824, 25.859507], [114.939889, 25.881547], [114.912707, 25.929865], [114.90878, 25.991876], [114.937925, 26.105435], [114.904129, 26.125486], [114.908056, 26.152797], [114.938545, 26.19406], [114.946245, 26.237417], [114.931259, 26.282892], [114.861858, 26.369321], [114.738144, 26.496729], [114.716595, 26.614422], [114.797314, 26.7224], [114.878911, 26.788546], [114.96149, 26.812731], [114.995079, 26.848801], [114.979783, 26.896705], [114.988361, 26.942077], [115.020711, 26.984968], [115.021383, 27.031942], [114.990273, 27.082998], [115.008515, 27.138473], [115.076005, 27.19834], [115.098226, 27.284071], [115.075074, 27.395692], [115.130265, 27.512378], [115.263693, 27.634179], [115.368648, 27.785281], [115.445026, 27.965787], [115.577008, 28.109938], [115.764593, 28.217787], [115.848257, 28.316696], [115.817768, 28.451675], [115.816373, 28.585], [115.868773, 28.715612], [115.974503, 28.888004], [116.015999, 29.050423], [115.981893, 29.279195]]}}, {"type": "Feature", "properties": {"scalerank": 3, "featurecla": "River", "name": "Ganges", "note": null, "min_zoom": 3.0, "name_alt": null, "name_en": "Ganges", "min_label": 4.0}, "geometry": {"type": "MultiLineString", "coordinates": [[[89.483148, 22.27554], [89.425271, 22.495526], [89.372147, 22.58118], [89.299697, 22.618852]], [[89.299697, 22.618852], [89.260785, 22.573558], [89.255462, 22.445349], [89.286468, 22.307579], [89.35375, 22.160301], [89.378555, 22.058085], [89.3522, 21.972303], [89.350547, 21.885641], [89.335819, 21.788386], [89.35375, 21.721103]], [[88.439749, 22.986478], [88.385024, 22.867958], [88.34668, 22.735253], [88.343786, 22.629265], [88.290043, 22.549399], [88.185346, 22.495604], [88.117547, 22.410234], [88.087058, 22.217714]], [[88.439749, 22.986478], [88.518453, 22.975342], [88.597931, 22.974774], [88.682164, 22.953793], [88.756268, 22.914984], [88.82045, 22.858373], [88.842619, 22.802846], [88.822878, 22.748328], [88.845254, 22.700243], [88.909643, 22.65854], [88.971448, 22.510926], [89.049945, 22.274636], [89.055836, 22.186243], [89.051443, 22.093174]], [[90.074378, 23.573419], [90.096031, 23.340307], [90.127243, 23.25194], [90.180883, 23.205922], [90.228426, 23.178482], [90.243619, 23.138252], [90.265219, 23.115592], [90.298757, 23.088074], [90.302116, 23.05451], [90.315242, 23.015598], [90.361648, 22.961054], [90.361338, 22.875865], [90.394307, 22.774838], [90.435028, 22.751919]], [[89.109373, 23.991921], [89.218565, 23.80847], [89.301764, 23.732505], [89.381242, 23.6938], [89.447181, 23.640185], [89.499581, 23.571662], [89.520045, 23.524766], [89.508676, 23.499444], [89.526866, 23.483373], [89.574719, 23.476552], [89.598335, 23.443091], [89.597818, 23.383043], [89.615026, 23.336974], [89.632493, 23.301084], [89.637557, 23.252483], [89.659727, 23.222924], [89.709491, 23.192331], [89.718638, 23.133394], [89.765353, 23.020068], [89.926274, 22.840182], [90.007561, 22.685231], [90.013555, 22.563481], [89.985133, 22.466381]], [[89.109373, 23.991921], [89.199755, 23.932648], [89.280887, 23.930788], [89.37995, 23.901125], [89.497049, 23.843558], [89.604019, 23.823094], [89.749282, 23.848054]], [[88.396961, 24.389261], [88.510133, 24.261388], [88.533749, 24.208471], [88.526928, 24.165554], [88.554213, 24.128863], [88.615708, 24.098478], [88.642993, 24.059359], [88.636172, 24.011584], [88.690225, 23.967762], [88.805257, 23.92792], [88.864426, 23.855909], [88.867837, 23.751729], [88.837193, 23.665791], [88.772391, 23.598095], [88.763709, 23.530657], [88.811045, 23.463478], [88.852799, 23.440714], [88.884683, 23.423454], [88.905509, 23.389942], [88.925973, 23.363484], [88.988915, 23.332788], [89.001731, 23.263361], [89.027517, 23.186079], [89.088754, 23.112595], [89.112938, 23.04048], [89.099812, 22.969684], [89.113455, 22.892556], [89.153866, 22.809125], [89.208436, 22.748741], [89.268433, 22.707503], [89.275512, 22.702671], [89.270861, 22.678952], [89.299697, 22.618852]], [[88.396961, 24.389261], [88.498557, 24.346628], [88.642321, 24.325957], [88.723505, 24.274901], [88.742212, 24.193407], [88.769755, 24.144289], [88.806239, 24.127494], [88.858277, 24.131086], [88.925973, 24.155063], [89.009637, 24.108684], [89.109373, 23.991921]], [[87.919833, 24.825048], [87.940193, 24.666014], [88.018845, 24.542533], [88.174598, 24.388796], [88.238056, 24.234258], [88.209014, 24.07897], [88.205397, 23.944689], [88.226998, 23.831414], [88.215422, 23.739637], [88.183383, 23.700104], [88.213717, 23.636749], [88.271853, 23.587346], [88.303789, 23.542672], [88.344613, 23.530321], [88.360736, 23.460558], [88.352158, 23.333356], [88.375206, 23.255428], [88.429983, 23.226774], [88.46688, 23.18613], [88.486051, 23.133524], [88.458715, 23.027484], [88.439749, 22.986478]], [[87.919833, 24.825048], [87.946291, 24.753166], [87.999363, 24.661441], [88.079048, 24.549923], [88.145452, 24.485793], [88.225034, 24.460626], [88.287149, 24.479746], [88.337533, 24.453857], [88.396961, 24.389261]], [[79.840739, 30.888477], [79.820276, 30.836826], [79.828802, 30.78701], [79.859498, 30.72182], [79.864614, 30.679006], [79.833918, 30.648285], [79.744931, 30.543201], [79.667107, 30.522117], [79.570782, 30.550022], [79.470219, 30.515993], [79.313123, 30.372074], [79.232094, 30.30089], [79.158921, 30.284767], [79.066523, 30.300063], [78.939296, 30.291846], [78.777238, 30.260065], [78.668718, 30.201361], [78.613838, 30.115733], [78.519786, 30.089817], [78.386565, 30.12364], [78.281041, 30.092892], [78.203113, 29.997601], [78.17035, 29.889132], [78.182856, 29.767537], [78.139448, 29.673073], [78.040126, 29.605687], [78.022194, 29.491844], [78.085549, 29.331543], [78.106013, 29.180881], [78.083586, 29.03983], [78.098313, 28.882113], [78.176035, 28.620501], [78.242491, 28.521722], [78.271016, 28.443329], [78.283728, 28.352378], [78.336852, 28.253418], [78.430386, 28.146422], [78.60314, 28.026429], [78.855218, 27.893492], [79.02482, 27.824762], [79.111947, 27.820214], [79.167499, 27.786289], [79.19158, 27.722985], [79.255142, 27.680171], [79.358392, 27.657795], [79.44619, 27.620356], [79.51864, 27.567775], [79.590574, 27.466489], [79.661991, 27.316498], [79.732787, 27.217435], [79.838052, 27.145243], [79.922491, 27.12558], [79.998352, 27.024862], [80.093851, 26.836553], [80.237718, 26.648038], [80.429851, 26.459264], [80.543901, 26.317309], [80.579764, 26.222172], [80.651749, 26.138353], [80.75996, 26.065954], [80.868687, 26.037532], [80.978138, 26.05319], [81.122832, 25.988776], [81.302769, 25.844366], [81.394598, 25.745509], [81.398215, 25.692256], [81.45754, 25.645851], [81.572572, 25.606344], [81.648743, 25.563608], [81.686053, 25.517668], [81.755558, 25.498935], [81.857154, 25.50741], [81.906815, 25.48692], [81.903249, 25.412764], [82.042052, 25.312357], [82.11998, 25.284659], [82.183129, 25.296234], [82.215168, 25.272463], [82.217028, 25.258924], [82.225865, 25.243498], [82.239094, 25.241302], [82.254494, 25.245694], [82.274286, 25.261766], [82.299866, 25.260474], [82.318366, 25.230192], [82.344979, 25.226523], [82.379809, 25.249364], [82.43562, 25.235049], [82.512618, 25.183579], [82.55215, 25.183967], [82.563467, 25.202777], [82.584965, 25.218409], [82.619588, 25.219701], [82.785934, 25.144021], [82.878797, 25.141618], [82.965096, 25.187662], [83.016618, 25.238796], [83.033258, 25.294968], [83.07403, 25.330134], [83.138936, 25.344241], [83.159297, 25.376539], [83.135215, 25.426975], [83.138729, 25.47152], [83.170045, 25.510174], [83.241565, 25.518856], [83.353497, 25.497591], [83.439589, 25.465707], [83.489251, 25.444158], [83.513487, 25.461779], [83.513487, 25.497074], [83.518138, 25.533842], [83.59958, 25.584072], [83.669653, 25.607016], [83.712751, 25.590325], [83.752232, 25.54162], [83.803392, 25.518934], [83.86623, 25.522318], [83.959093, 25.577044], [84.081979, 25.683187], [84.171018, 25.7221], [84.226208, 25.693833], [84.283517, 25.701041], [84.342894, 25.743752], [84.42847, 25.747163], [84.539987, 25.711247], [84.634142, 25.708328], [84.710933, 25.738326], [84.826688, 25.747008], [84.981408, 25.734399], [85.11897, 25.682567], [85.23917, 25.591565], [85.338492, 25.543971], [85.412441, 25.534798], [85.456107, 25.53777], [85.500807, 25.544901], [85.555119, 25.543635], [85.617751, 25.493741], [85.696609, 25.473794], [85.78601, 25.494568], [85.880061, 25.462219], [85.978969, 25.376694], [86.097825, 25.323623], [86.236731, 25.303004], [86.370728, 25.340805], [86.499816, 25.437104], [86.571026, 25.447672], [86.584359, 25.372534], [86.61676, 25.315354], [86.668126, 25.27608], [86.74285, 25.279827], [86.840932, 25.32662], [86.964956, 25.320083], [87.115127, 25.260241], [87.218584, 25.266985], [87.275324, 25.340366], [87.350462, 25.382715], [87.443893, 25.394006], [87.517635, 25.366436], [87.571689, 25.299981], [87.643726, 25.25696], [87.733746, 25.2374], [87.779325, 25.193191], [87.780461, 25.124358], [87.824335, 25.064362], [87.911048, 25.013202], [87.942415, 24.955945], [87.918541, 24.892641], [87.919833, 24.825048]]]}}, {"type": "Feature", "properties": {"scalerank": 6, "featurecla": "River", "name": "Ariège", "note": null, "min_zoom": 5.0, "name_alt": null, "name_en": "Ariège", "min_label": 6.0}, "geometry": {"type": "LineString", "coordinates": [[1.809017, 42.626959], [1.824933, 42.693053], [1.791395, 42.732172], [1.674968, 42.783487], [1.616263, 42.856454], [1.593526, 42.970091], [1.587221, 43.148633], [1.540402, 43.297616], [1.454465, 43.41527]]}}, {"type": "Feature", "properties": {"scalerank": 6, "featurecla": "River", "name": "Genala", "note": null, "min_zoom": 5.0, "name_alt": null, "name_en": "Genala", "min_label": 6.0}, "geometry": {"type": "LineString", "coordinates": [[38.774099, 6.604791], [38.723663, 6.540919], [38.760043, 6.453043], [38.91962, 6.25321], [38.990623, 6.125673], [39.110409, 6.054463], [39.356906, 5.980927], [39.387911, 5.968525], [39.407342, 5.951704], [39.478035, 5.795305], [39.559477, 5.724199], [39.654148, 5.708696], [39.700761, 5.65795], [39.699417, 5.572063], [39.735901, 5.526433], [39.810211, 5.521162], [39.880284, 5.487779], [39.946017, 5.426284], [40.031025, 5.385305], [40.135308, 5.364841], [40.272819, 5.369853], [40.443454, 5.400343], [40.627216, 5.48659], [40.824103, 5.628546], [40.953707, 5.702236], [41.016029, 5.707611], [41.072977, 5.6934], [41.124343, 5.659526], [41.195863, 5.525555], [41.287537, 5.29146], [41.393887, 5.090258], [41.514913, 4.921922], [41.579406, 4.800999], [41.58726, 4.727515], [41.684825, 4.598996], [41.965842, 4.323664]]}}, {"type": "Feature", "properties": {"scalerank": 4, "featurecla": "River", "name": "Gharraf Canal", "note": null, "min_zoom": 4.0, "name_alt": null, "name_en": "Gharraf Canal", "min_label": 5.0}, "geometry": {"type": "LineString", "coordinates": [[45.809122, 32.502202], [45.900744, 32.430682], [45.928494, 32.376706], [45.922913, 32.316426], [45.942963, 32.263922], [45.988542, 32.219222], [45.997534, 32.132974], [45.969835, 32.005127], [45.985958, 31.921669], [46.046006, 31.88255], [46.089311, 31.772712], [46.115976, 31.592103], [46.15401, 31.456995], [46.203309, 31.367388], [46.275656, 31.282406], [46.370844, 31.202075], [46.405416, 31.112313], [46.366193, 30.963588]]}}, {"type": "Feature", "properties": {"scalerank": 6, "featurecla": "River", "name": "Glomma", "note": null, "min_zoom": 5.0, "name_alt": "Glåma", "name_en": "Glåma", "min_label": 6.0}, "geometry": {"type": "LineString", "coordinates": [[11.483568, 62.686975], [11.187772, 62.495746], [11.085195, 62.443011], [10.983702, 62.390869], [10.772759, 62.308548], [10.655402, 62.245245], [10.631527, 62.200906], [10.624344, 62.156516], [10.633749, 62.112023], [10.699327, 62.061949], [10.820973, 62.006293], [10.888152, 61.949966], [10.900658, 61.893018], [10.882985, 61.834934], [10.834926, 61.775713], [10.863348, 61.699593], [10.968147, 61.606628], [11.033466, 61.525754], [11.072224, 61.422763], [11.246683, 61.317446], [11.317945, 61.232878], [11.344093, 61.133917], [11.402281, 61.02935], [11.492508, 60.919124], [11.578756, 60.848663], [11.660922, 60.817942], [11.736576, 60.763371], [11.805616, 60.684927], [11.880857, 60.633405], [11.962402, 60.608807], [12.009221, 60.578577], [12.027618, 60.524833]]}}, {"type": "Feature", "properties": {"scalerank": 5, "featurecla": "River", "name": "Godävari", "note": null, "min_zoom": 4.7, "name_alt": null, "name_en": "Godävari", "min_label": 5.7}, "geometry": {"type": "MultiLineString", "coordinates": [[[81.738815, 16.942248], [81.832556, 16.669164], [81.855655, 16.552943], [81.839429, 16.502533], [81.79969, 16.465326], [81.736334, 16.441296], [81.706414, 16.400033], [81.711736, 16.334455]], [[81.738815, 16.942248], [81.88816, 16.776547], [82.034094, 16.713037], [82.338675, 16.706526]], [[73.652487, 20.012784], [73.888648, 19.990201], [73.98983, 19.998883], [74.034686, 20.031336], [74.083571, 20.036348], [74.162946, 20.002862], [74.422465, 19.917673], [74.588967, 19.834862], [74.748957, 19.72598], [74.916906, 19.652134], [75.092915, 19.613325], [75.197405, 19.57865], [75.246911, 19.532865], [75.472789, 19.425326], [75.591231, 19.380135], [75.677531, 19.361506], [75.76905, 19.361402], [75.845531, 19.37582], [75.905062, 19.362591], [75.916586, 19.325901], [75.940512, 19.314119], [75.986711, 19.332593], [76.011309, 19.326288], [76.027432, 19.310165], [76.091769, 19.290968], [76.318991, 19.257171], [76.347206, 19.241255], [76.353304, 19.202291], [76.337284, 19.140279], [76.346637, 19.123898], [76.367773, 19.119867], [76.395885, 19.111134], [76.426788, 19.076872], [76.47309, 19.072738], [76.534585, 19.098835], [76.581713, 19.086303], [76.614476, 19.035221], [76.657264, 19.001631], [76.710181, 18.985508], [76.74775, 18.996412], [76.769971, 19.034265], [76.855599, 19.070413], [77.004737, 19.104881], [77.092897, 19.108317], [77.120079, 19.080748], [77.195526, 19.089274], [77.319136, 19.133923], [77.404816, 19.120229], [77.452668, 19.048243], [77.578914, 18.965794], [77.783656, 18.872931], [77.968347, 18.870399], [78.132988, 18.958171], [78.235359, 18.984113], [78.27546, 18.948249], [78.319385, 18.945666], [78.367238, 18.976387], [78.428836, 18.979824], [78.50418, 18.955898], [78.575494, 18.966491], [78.642776, 19.011501], [78.701171, 19.027444], [78.750883, 19.01424], [78.834806, 19.0261], [78.952938, 19.062997], [79.049625, 19.033412], [79.124762, 18.937372], [79.201037, 18.870916], [79.317154, 18.815622], [79.401025, 18.843243], [79.496264, 18.809214], [79.630933, 18.722733], [79.727155, 18.690074], [79.785032, 18.711261], [79.821619, 18.761853], [79.874484, 18.801953], [79.925127, 18.807405], [80.029048, 18.743611], [80.1416, 18.70152], [80.243609, 18.709478], [80.318643, 18.686147], [80.366495, 18.631576], [80.39006, 18.572613], [80.389336, 18.509258], [80.40825, 18.463034], [80.447007, 18.43394], [80.472742, 18.387612], [80.485455, 18.32405], [80.540748, 18.260565], [80.687509, 18.165532], [80.839903, 17.995543], [80.892148, 17.864595], [80.895042, 17.716051], [80.986044, 17.621715], [81.165155, 17.581614], [81.266802, 17.543064], [81.29109, 17.506064], [81.352068, 17.482344], [81.449737, 17.471802], [81.527975, 17.447824], [81.586576, 17.410359], [81.646624, 17.279282], [81.738815, 16.942248]]]}}, {"type": "Feature", "properties": {"scalerank": 6, "featurecla": "River", "name": "Göta älv", "note": null, "min_zoom": 5.0, "name_alt": null, "name_en": "Göta älv", "min_label": 6.0}, "geometry": {"type": "LineString", "coordinates": [[12.334679, 58.373802], [12.170555, 58.239624], [12.112264, 58.140327], [12.104926, 58.031135], [12.028599, 57.927782], [11.810473, 57.781383], [11.729083, 57.764459]]}}, {"type": "Feature", "properties": {"scalerank": 3, "featurecla": "River", "name": "Hailar", "note": null, "min_zoom": 3.0, "name_alt": null, "name_en": "Hailar", "min_label": 4.0}, "geometry": {"type": "LineString", "coordinates": [[117.873457, 49.51349], [117.911801, 49.428766], [117.968645, 49.373524], [118.056598, 49.319471], [118.174885, 49.332338], [118.323352, 49.412126], [118.439624, 49.436518], [118.523546, 49.405486], [118.582561, 49.347272], [118.61677, 49.261955], [118.746788, 49.212449], [119.085682, 49.191985], [119.232133, 49.199271], [119.337243, 49.226091], [119.449795, 49.274874], [119.710037, 49.274615], [120.117867, 49.225264], [120.518101, 49.256296], [120.910739, 49.367659], [121.215888, 49.472769], [121.433446, 49.5716], [121.626303, 49.635265], [121.878484, 49.677976], [122.0, 49.728914908209084]]}}, {"type": "Feature", "properties": {"scalerank": 6, "featurecla": "River", "name": "Han", "note": null, "min_zoom": 5.0, "name_alt": null, "name_en": "Han", "min_label": 6.0}, "geometry": {"type": "MultiLineString", "coordinates": [[[111.477671, 32.567806], [111.602212, 32.467579], [111.642157, 32.407428], [111.638953, 32.353994], [111.68479, 32.265111], [111.779668, 32.140881], [111.918575, 32.064555], [112.101406, 32.036184], [112.188946, 31.965801], [112.181194, 31.853457], [112.225429, 31.771084], [112.321651, 31.718684], [112.390484, 31.656931], [112.431722, 31.585824], [112.440403, 31.496088], [112.416529, 31.387697], [112.433582, 31.307753], [112.520605, 31.230497], [112.555848, 31.21918], [112.571765, 31.183084], [112.580136, 31.118463], [112.568561, 31.096345], [112.539467, 31.077483], [112.523086, 31.039036], [112.555848, 30.938784], [112.598843, 30.874808], [112.633725, 30.847911], [112.632019, 30.815355], [112.621943, 30.786545], [112.604838, 30.712984], [112.627265, 30.67017], [112.688967, 30.658077], [112.713048, 30.62702], [112.707364, 30.601182], [112.715942, 30.575473], [112.753666, 30.572036], [112.797177, 30.56413], [112.848854, 30.518758], [112.885647, 30.515347], [112.972981, 30.530927], [113.072613, 30.474962], [113.209659, 30.430443], [113.380914, 30.406826], [113.511707, 30.442845], [113.601934, 30.538446], [113.672369, 30.596634], [113.768798, 30.62609], [113.801457, 30.622343], [113.837992, 30.630017], [113.860472, 30.644435], [113.900469, 30.636683], [113.925687, 30.644331], [113.938555, 30.659834], [113.964135, 30.657406], [114.009403, 30.614514], [114.096426, 30.58635], [114.288456, 30.572088]], [[106.398498, 33.067723], [106.676207, 33.142215], [106.831702, 33.134102], [106.931024, 33.101675], [107.026005, 33.042221], [107.188838, 33.063202], [107.419624, 33.164617], [107.596048, 33.200454], [107.718108, 33.17074], [107.806578, 33.177794], [107.861355, 33.221642], [107.905486, 33.234302], [107.938973, 33.215699], [107.955974, 33.17503], [107.956491, 33.112191], [108.036331, 33.062013], [108.195494, 33.024444], [108.265671, 32.964112], [108.247016, 32.880991], [108.287685, 32.810685], [108.387731, 32.753221], [108.410778, 32.734126], [108.410778, 32.709167], [108.425144, 32.665448], [108.512168, 32.549771], [108.650919, 32.506233], [108.71784, 32.527576], [108.759078, 32.599277], [108.782332, 32.613513], [108.797732, 32.617389], [108.818609, 32.608811], [108.835765, 32.602506], [108.854731, 32.607571], [108.922168, 32.635889], [109.063245, 32.734591], [109.17497, 32.774925], [109.257342, 32.756864], [109.324728, 32.778], [109.377231, 32.838332], [109.487405, 32.885538], [109.715505, 32.934062], [109.739276, 32.93675], [109.766768, 32.934062], [110.140492, 32.824896], [110.305133, 32.806938], [110.366835, 32.840993], [110.47458, 32.843422], [110.628266, 32.814225], [110.715341, 32.815103], [110.735804, 32.846161], [110.807841, 32.848021], [110.931348, 32.820684], [110.966901, 32.787663], [110.968607, 32.771075], [111.000078, 32.740689]]]}}, {"type": "Feature", "properties": {"scalerank": 3, "featurecla": "River", "name": "Heilong Jiang", "note": null, "min_zoom": 3.0, "name_alt": "Amur", "name_en": "Amur", "min_label": 4.0}, "geometry": {"type": "LineString", "coordinates": [[122.0, 53.43399881696592], [121.405437, 53.317056]]}}, {"type": "Feature", "properties": {"scalerank": 6, "featurecla": "River", "name": "Helmand", "note": null, "min_zoom": 5.0, "name_alt": null, "name_en": "Helmand", "min_label": 6.0}, "geometry": {"type": "LineString", "coordinates": [[61.604126, 31.204426], [61.754091, 31.013559], [61.816723, 30.801789], [61.841941, 30.505528], [62.030664, 30.31014], [62.382787, 30.215727], [62.684836, 30.191801], [62.936707, 30.238361], [63.194107, 30.342179], [63.456933, 30.503203], [63.663019, 30.570021], [63.812157, 30.542632], [63.907552, 30.538291], [63.948996, 30.556998], [64.001603, 30.617408], [64.065372, 30.719469], [64.120252, 30.871863], [64.166451, 31.074538], [64.235697, 31.239179], [64.328198, 31.365786], [64.370986, 31.487613], [64.365818, 31.577685], [64.39052, 31.657448], [64.454598, 31.727676], [64.640324, 31.846894], [64.801244, 31.999287], [64.932192, 32.181499], [65.063554, 32.288986], [65.195432, 32.321748], [65.332478, 32.486079], [65.474588, 32.781979], [65.61985, 32.963725], [65.842317, 33.065088], [65.936575, 33.120692], [66.01657, 33.201643], [66.113619, 33.326493], [66.1932, 33.393311], [66.255109, 33.402199], [66.309317, 33.440853], [66.355723, 33.509273], [66.452151, 33.584824], [66.598602, 33.667506], [66.727793, 33.716289], [66.839724, 33.731223], [66.959148, 33.791736], [67.086066, 33.89788], [67.171745, 33.951804], [67.216084, 33.953483], [67.232723, 33.988598], [67.221665, 34.057069], [67.228589, 34.109288], [67.26621, 34.157037], [67.497617, 34.305555], [67.733985, 34.394516], [68.211785, 34.512958], [68.306818, 34.492753], [68.37622, 34.507403], [68.489288, 34.571637]]}}, {"type": "Feature", "properties": {"scalerank": 6, "featurecla": "River", "name": "Hong", "note": null, "min_zoom": 5.0, "name_alt": "Red", "name_en": "Red", "min_label": 6.0}, "geometry": {"type": "LineString", "coordinates": [[106.517974, 20.288891], [106.387078, 20.348267], [106.328632, 20.356251], [106.287807, 20.339741], [106.270341, 20.346769], [106.276335, 20.377258], [106.264346, 20.397773], [106.234374, 20.408315], [106.195823, 20.466451], [106.148591, 20.572181], [106.108593, 20.622928], [106.075831, 20.61869], [106.023224, 20.664811], [105.95098, 20.761317], [105.908812, 20.861001], [105.89672, 20.96394], [105.835535, 21.050912], [105.725154, 21.122019], [105.626039, 21.161577], [105.538189, 21.169613], [105.477211, 21.203202], [105.425948, 21.292034], [105.325075, 21.272965], [105.274742, 21.301181], [105.241256, 21.370427], [105.215521, 21.389341], [105.197435, 21.357973], [105.117801, 21.429545], [104.976518, 21.60403], [104.692349, 21.874505], [104.051768, 22.424161], [103.478883, 22.902272], [103.160711, 23.121199], [102.90636, 23.240287], [102.614181, 23.353407], [102.119173, 23.514095], [101.892417, 23.699381], [101.745035, 23.85702], [101.601272, 24.048817], [101.50722, 24.208187], [101.462882, 24.335104], [101.410172, 24.434168], [101.349297, 24.505326], [101.291833, 24.540104], [101.237986, 24.538451], [101.11758, 24.655395], [100.930822, 24.890936], [100.811656, 25.003435], [100.760083, 24.992893], [100.642415, 25.021212], [100.458551, 25.088443], [100.350702, 25.150196], [100.302953, 25.234636], [100.182857, 25.44315]]}}, {"type": "Feature", "properties": {"scalerank": 4, "featurecla": "River", "name": "Hongshui", "note": null, "min_zoom": 4.0, "name_alt": null, "name_en": "Hongshui", "min_label": 5.0}, "geometry": {"type": "LineString", "coordinates": [[106.943633, 25.224688], [106.96265, 25.222776], [106.97438, 25.199961], [106.981925, 25.134306], [107.019339, 25.06059], [107.06285, 25.02917], [107.155971, 25.008706], [107.276584, 24.874709], [107.315031, 24.79642], [107.311672, 24.72924], [107.362419, 24.602607], [107.467322, 24.41652], [107.541943, 24.318361], [107.586281, 24.308129], [107.60845, 24.280637], [107.60845, 24.235963], [107.577754, 24.18886], [107.516259, 24.139354], [107.494349, 24.086566], [107.511919, 24.030549], [107.547472, 23.986262], [107.601112, 23.953706], [107.643177, 23.945412], [107.673769, 23.961432], [107.73299, 23.904898], [107.820944, 23.77581], [107.901662, 23.722015], [107.975146, 23.743512], [108.039225, 23.781546], [108.093692, 23.836116], [108.131416, 23.85658], [108.152293, 23.843015], [108.22278, 23.889214], [108.342772, 23.995202], [108.452533, 24.034606], [108.551855, 24.007475], [108.631488, 23.959623], [108.69133, 23.8911], [108.758354, 23.850017], [108.832665, 23.836271], [108.864859, 23.805679], [108.855041, 23.75824], [108.873179, 23.710491], [108.919275, 23.662432], [108.998856, 23.662845], [109.112028, 23.711783], [109.191713, 23.722532], [109.238015, 23.69504], [109.281423, 23.687598], [109.321834, 23.700207], [109.368963, 23.745941], [109.422603, 23.824799], [109.469267, 23.847227], [109.528643, 23.796377]]}}, {"type": "Feature", "properties": {"scalerank": 3, "featurecla": "River", "name": "Huang", "note": null, "min_zoom": 3.0, "name_alt": null, "name_en": "Huang", "min_label": 4.0}, "geometry": {"type": "MultiLineString", "coordinates": [[[97.288253, 34.835445], [97.547049, 34.875985]], [[97.76285, 35.088091], [97.934415, 35.082458], [98.028001, 35.033779], [98.100865, 34.940193], [98.197448, 34.873866], [98.317751, 34.834825], [98.382347, 34.798186], [98.395783, 34.746717], [98.40002, 34.673646], [98.383587, 34.630677], [98.347723, 34.593393], [98.376042, 34.531381], [98.468543, 34.444565], [98.563421, 34.389632], [98.660934, 34.366585], [98.713179, 34.380021], [98.720104, 34.429966], [98.751936, 34.460998], [98.808574, 34.473142], [98.89167, 34.461954], [99.001224, 34.427511], [99.057551, 34.300594], [99.060651, 34.081176], [99.12318, 33.915243], [99.245136, 33.802795], [99.323788, 33.748121], [99.359135, 33.75117], [99.381459, 33.77135], [99.390657, 33.808583], [99.43882, 33.81189], [99.525843, 33.781298], [99.619894, 33.774502], [99.720973, 33.791478], [99.868354, 33.743522], [100.062141, 33.630661], [100.191435, 33.603531], [100.256237, 33.662209], [100.277942, 33.708744], [100.329773, 33.757371], [100.434366, 33.798687], [100.58738, 33.883255], [100.689493, 33.926198], [100.740446, 33.927516], [100.824678, 33.877777], [100.941984, 33.776957], [101.009163, 33.764167], [101.026113, 33.839356], [101.123368, 33.826876], [101.300928, 33.726727], [101.48071, 33.677531], [101.662663, 33.679366], [101.808908, 33.611075], [101.919288, 33.472686], [102.005071, 33.387626], [102.066153, 33.355794], [102.192967, 33.371168], [102.38541, 33.433696], [102.481631, 33.483745], [102.481631, 33.521288], [102.45016, 33.557384], [102.387218, 33.592007], [102.352544, 33.638257], [102.329806, 33.725099], [102.316008, 33.745072], [102.285054, 33.800263], [102.205989, 33.897259], [102.103153, 33.959168], [101.976442, 33.985988], [101.83764, 34.047328], [101.686848, 34.143188], [101.517039, 34.218532], [101.32842, 34.273361], [101.210494, 34.350462], [101.163262, 34.449939], [101.086988, 34.5127], [100.981671, 34.538796], [100.912011, 34.593418], [100.878215, 34.676566], [100.814653, 34.707546], [100.721429, 34.686307], [100.629755, 34.708166], [100.539734, 34.77302], [100.455088, 34.812552], [100.37592, 34.826763], [100.307397, 34.935542], [100.220477, 35.24064], [100.258615, 35.281723], [100.23629, 35.338205], [100.166114, 35.423781], [100.172315, 35.542844], [100.254894, 35.695393], [100.333855, 35.773527], [100.409303, 35.777248], [100.545884, 35.869361], [100.743546, 36.049841], [100.897852, 36.14167], [101.008801, 36.144848], [101.071175, 36.135056], [101.084921, 36.112266], [101.175716, 36.088909], [101.343406, 36.064879], [101.494818, 36.085756], [101.629694, 36.151489], [101.762502, 36.151592], [101.893037, 36.086015], [101.993496, 35.997467], [102.063776, 35.885898], [102.184595, 35.844531], [102.355851, 35.873366], [102.610306, 35.860395], [102.947753, 35.805567], [103.177196, 35.811561], [103.298636, 35.878327], [103.316774, 35.931218], [103.231715, 35.97026], [103.255589, 36.039558], [103.388398, 36.139112], [103.560222, 36.157845], [103.771062, 36.095678], [103.915962, 36.068083], [103.995079, 36.075059], [104.030632, 36.104463], [104.022674, 36.156295], [104.072232, 36.228771], [104.179202, 36.32184], [104.352111, 36.427803], [104.59096, 36.546607], [104.713485, 36.627584], [104.719789, 36.670734], [104.690385, 36.7275], [104.62517, 36.797935], [104.528431, 36.850077], [104.400067, 36.883899], [104.326583, 36.945523], [104.307876, 37.034923], [104.313871, 37.093447], [104.352732, 37.173881], [104.446059, 37.19698], [104.520267, 37.241319], [104.57556, 37.306896], [104.691626, 37.358599], [104.956932, 37.415391], [104.99786, 37.461486], [105.151959, 37.482777], [105.432769, 37.494714], [105.648983, 37.521999], [105.800395, 37.564736], [105.905298, 37.660802], [105.963589, 37.810251], [106.036866, 37.915696], [106.125026, 37.977088], [106.196392, 38.064137], [106.250859, 38.176895], [106.33783, 38.281695], [106.457203, 38.378485], [106.530997, 38.49778], [106.559109, 38.639528], [106.63993, 38.7797], [106.773566, 38.918297], [106.850667, 39.016844], [106.871338, 39.07529], [106.848703, 39.183112], [106.782867, 39.340261], [106.758683, 39.482784], [106.776253, 39.610657], [106.768191, 39.760054], [106.717755, 40.016317], [107.043162, 40.28612], [107.14915, 40.395519], [107.144189, 40.434457], [107.173955, 40.49988], [107.23855, 40.591838], [107.37973, 40.671213], [107.597701, 40.738031], [107.719554, 40.793453], [107.745496, 40.837482], [107.86213, 40.864534], [108.069559, 40.874663], [108.190172, 40.863268], [108.223968, 40.83035], [108.290062, 40.814667], [108.388558, 40.816217], [108.475994, 40.778131], [108.552579, 40.70041], [108.650609, 40.63199], [108.770188, 40.572873], [108.884135, 40.546724], [108.992448, 40.553546], [109.134145, 40.534761], [109.309122, 40.490371], [109.449578, 40.488821], [109.555411, 40.53011], [109.63458, 40.531893], [109.687186, 40.494118], [109.835704, 40.491327], [110.080237, 40.523522], [110.303376, 40.484041], [110.505224, 40.372937], [110.674516, 40.301856], [110.811459, 40.270824], [110.918532, 40.265708], [110.995995, 40.286482], [111.125341, 40.234625], [111.306726, 40.110136], [111.406875, 40.012545], [111.425788, 39.9418], [111.416383, 39.867438], [111.378453, 39.789458], [111.385481, 39.717886], [111.43726, 39.652722], [111.433023, 39.576215], [111.372561, 39.488288], [111.284246, 39.429532], [111.212261, 39.413796], [111.16813, 39.399921], [111.155831, 39.370052], [111.155004, 39.347444], [111.192262, 39.296568], [111.199342, 39.239569], [111.144875, 39.124744], [111.081416, 39.044051], [111.008863, 38.997491], [110.980286, 38.956279], [110.995685, 38.920415], [110.970415, 38.832204], [110.904476, 38.691566], [110.877863, 38.599789], [110.890575, 38.556846], [110.797609, 38.443028], [110.598965, 38.258389], [110.503467, 38.113255], [110.511012, 38.00768], [110.584754, 37.880737], [110.724591, 37.732478], [110.782417, 37.613777], [110.758129, 37.524738], [110.718751, 37.46469], [110.664078, 37.433633], [110.64382, 37.384153], [110.657773, 37.316172], [110.609869, 37.217005], [110.500005, 37.086677], [110.427089, 37.020583], [110.391019, 37.018723], [110.384301, 37.005132], [110.406729, 36.979862], [110.407659, 36.919168], [110.387092, 36.823127], [110.392828, 36.762924], [110.424971, 36.738611], [110.428226, 36.717036], [110.402595, 36.698225], [110.416961, 36.647738], [110.471428, 36.565572], [110.485691, 36.42881], [110.459852, 36.237478], [110.490135, 36.005658], [110.576434, 35.733323], [110.579432, 35.533697], [110.458715, 35.343166], [110.366111, 35.234232], [110.316295, 35.1346], [110.278365, 35.007993], [110.262035, 34.867846], [110.26989, 34.637266], [110.465227, 34.59701], [110.618602, 34.604193], [110.795284, 34.645405], [110.890317, 34.682586], [110.96995, 34.724496], [111.026949, 34.7462], [111.10126, 34.794827], [111.243164, 34.8302], [111.45266, 34.852266], [111.588672, 34.89942], [111.651408, 34.971716], [111.736415, 35.029903], [111.843799, 35.074087], [112.117942, 35.021584], [112.558742, 34.872497], [112.856812, 34.809013], [113.012151, 34.831182], [113.155708, 34.874797], [113.28769, 34.939857], [113.398691, 34.97417], [113.48897, 34.977736], [113.617489, 34.953732], [113.784404, 34.902211], [113.900314, 34.894589], [113.965323, 34.930943], [114.156268, 34.936059], [114.473147, 34.909937], [114.681403, 34.92761], [114.798192, 34.977736], [114.830852, 35.019775]], [[96.164187, 35.129639], [96.747718, 35.05321], [97.072039, 34.930607]]]}}, {"type": "Feature", "properties": {"scalerank": 3, "featurecla": "River", "name": "Huang", "note": null, "min_zoom": 3.0, "name_alt": "Yellow", "name_en": "Yellow", "min_label": 4.0}, "geometry": {"type": "LineString", "coordinates": [[114.837673, 35.019775], [114.862374, 35.061168], [114.865578, 35.144599], [114.905472, 35.228548], [115.01389, 35.329523], [115.136053, 35.406263], [115.272065, 35.458818], [115.340381, 35.502639], [115.341001, 35.537779], [115.381981, 35.597207], [115.463268, 35.680923], [115.596386, 35.758438], [115.781078, 35.829777], [115.870892, 35.880343], [115.865724, 35.910056], [115.883294, 35.938634], [115.923602, 35.966022], [115.966183, 35.976202], [116.035739, 36.071029], [116.077804, 36.109734], [116.115941, 36.142962], [116.227149, 36.201357], [116.450649, 36.338506], [116.580822, 36.439688], [116.592605, 36.489504], [116.644074, 36.56149], [116.735128, 36.655696], [116.861942, 36.726131], [117.024413, 36.772898], [117.150503, 36.86204], [117.24011, 36.993608], [117.351783, 37.081871], [117.485418, 37.126752], [117.570943, 37.175457], [117.608357, 37.228012], [117.692899, 37.256124], [117.824674, 37.259845], [117.969678, 37.290076], [118.127911, 37.346868], [118.237517, 37.430532], [118.298392, 37.541068], [118.385157, 37.603907], [118.497811, 37.618944], [118.644882, 37.67752], [118.826267, 37.779581], [118.946053, 37.823609], [119.03566, 37.809165]]}}, {"type": "Feature", "properties": {"scalerank": 2, "featurecla": "River", "name": "Ideriyn", "note": null, "min_zoom": 2.1, "name_alt": null, "name_en": "Ideriyn", "min_label": 3.1}, "geometry": {"type": "LineString", "coordinates": [[98.007072, 47.998983], [97.616605, 48.07474], [97.452119, 48.140679], [97.412897, 48.201503], [97.444006, 48.279172], [97.454135, 48.357152], [97.443179, 48.435442], [97.528859, 48.54081], [97.71107, 48.673257], [98.050377, 48.73625], [98.546781, 48.729739], [98.922882, 48.696925], [99.178784, 48.637858], [99.588371, 48.724933], [100.151644, 48.958149], [100.472555, 49.075609], [100.551, 49.077263], [100.613115, 49.09845], [100.6589, 49.139068], [100.686185, 49.185319], [100.699621, 49.263092]]}}, {"type": "Feature", "properties": {"scalerank": 6, "featurecla": "River", "name": "Indragi", "note": null, "min_zoom": 5.0, "name_alt": null, "name_en": "Indragi", "min_label": 6.0}, "geometry": {"type": "LineString", "coordinates": [[100.55007, -0.565547], [100.660244, -0.572161], [100.724426, -0.601875], [100.77941, -0.656755], [100.839509, -0.674946], [100.937333, -0.647092], [101.006631, -0.658512], [101.043166, -0.638359], [101.070038, -0.590403], [101.115358, -0.585545], [101.179127, -0.623786], [101.259225, -0.63593], [101.355602, -0.621926], [101.424176, -0.62668], [101.483346, -0.631641], [101.533679, -0.611177], [101.630727, -0.510098], [101.77046, -0.486068], [101.952878, -0.539037], [102.097107, -0.534696], [102.256322, -0.441988], [102.372387, -0.355792], [102.521319, -0.378219], [102.741874, -0.480746], [102.843366, -0.50648], [102.936539, -0.479247], [103.105314, -0.373724], [103.228666, -0.330729], [103.345558, -0.360081], [103.405192, -0.3622]]}}, {"type": "Feature", "properties": {"scalerank": 3, "featurecla": "River", "name": "Indus", "note": null, "min_zoom": 3.0, "name_alt": null, "name_en": "Indus", "min_label": 4.0}, "geometry": {"type": "MultiLineString", "coordinates": [[[67.859972, 23.902676], [67.925188, 24.000758]], [[67.645825, 23.919884], [67.711196, 23.956626], [67.713831, 24.000861], [67.713418, 24.066387]], [[67.925188, 24.000758], [67.99955, 24.007114], [68.016603, 23.990681], [68.02451, 23.933682], [68.042441, 23.891669], [68.037015, 23.84826]], [[67.925188, 24.000758], [67.924154, 24.055948], [67.800751, 24.058506], [67.760133, 24.052847], [67.713418, 24.066387]], [[67.713418, 24.066387], [67.660759, 24.10486]], [[79.734596, 32.443937], [79.429808, 32.744978]], [[79.43725, 32.738131], [79.340822, 32.880681], [79.220312, 32.996462], [79.043682, 33.132991], [78.90674, 33.189034], [78.809484, 33.164539], [78.639831, 33.207792], [78.245488, 33.397962], [78.183373, 33.445297], [78.151644, 33.493356], [78.150403, 33.542139], [78.076919, 33.620015], [77.931295, 33.726934], [77.792131, 33.857365], [77.659529, 34.011206], [77.529769, 34.106136], [77.339393, 34.160137], [76.96691, 34.287778], [76.782115, 34.386299], [76.660778, 34.498282], [76.529314, 34.582644], [76.387617, 34.639385], [76.285091, 34.708321], [76.221529, 34.789376], [76.196207, 34.86118], [76.20892, 34.923657], [76.141895, 35.007579], [75.995031, 35.112896], [75.902013, 35.209531], [75.862843, 35.297432], [75.791477, 35.334588], [75.687815, 35.320945], [75.567719, 35.357093], [75.431086, 35.442979], [75.352848, 35.510856], [75.333108, 35.560698], [75.263861, 35.589663], [75.145212, 35.597724], [75.000725, 35.632347], [74.830399, 35.693532], [74.740069, 35.753477], [74.729734, 35.812181], [74.701053, 35.836366], [74.654028, 35.826031], [74.631032, 35.747534], [74.632065, 35.600825], [74.575324, 35.50003], [74.460809, 35.445124], [74.34247, 35.414583], [74.220307, 35.408407], [74.058457, 35.435874], [73.856919, 35.496955], [73.6452, 35.53101], [73.423302, 35.538038], [73.301604, 35.471169], [73.28021, 35.330402], [73.1751, 35.20426], [72.986377, 35.092742], [72.885195, 35.004479], [72.871656, 34.939366], [72.894807, 34.886346], [72.954648, 34.845367], [72.944571, 34.808883], [72.864473, 34.776844], [72.813726, 34.726253], [72.781635, 34.622538]], [[72.706911, 34.085543], [72.651617, 34.031747], [72.591776, 34.015495], [72.508991, 34.018802], [72.410754, 33.999837], [72.297169, 33.958574], [72.238826, 33.894934], [72.235726, 33.808996], [72.197485, 33.77197], [72.124104, 33.783933], [72.071033, 33.778972], [72.03827, 33.757087], [71.985922, 33.665465], [71.913885, 33.504079], [71.839212, 33.406333], [71.761801, 33.372279], [71.721958, 33.273783], [71.719685, 33.110847], [71.650955, 32.993878], [71.515666, 32.922797], [71.424716, 32.837686], [71.354539, 32.688884], [71.3441, 32.483547], [71.272994, 32.311103], [71.070215, 31.999081], [70.861081, 31.569495], [70.800774, 31.299692], [70.82899, 30.919844], [70.769769, 30.810755], [70.774523, 30.716291], [70.823512, 30.600096], [70.829506, 30.485478], [70.792506, 30.37241], [70.791524, 30.211903], [70.826561, 30.003957], [70.791886, 29.825157], [70.687603, 29.675502], [70.656649, 29.550393], [70.699127, 29.449882], [70.702331, 29.35348], [70.666261, 29.261237], [70.651223, 29.176023], [70.657114, 29.097862], [70.611639, 29.023112], [70.51459, 28.951799], [70.442967, 28.915755], [70.396768, 28.915005], [70.287369, 28.83545], [70.114873, 28.677113], [69.962014, 28.575724], [69.828792, 28.531282], [69.714949, 28.444388], [69.620588, 28.314965], [69.534908, 28.24577], [69.458014, 28.236881], [69.409438, 28.212387], [69.389181, 28.172389], [69.356315, 28.156731], [69.310839, 28.165413], [69.248931, 28.141358], [69.17059, 28.084539], [69.107286, 28.057771], [69.05902, 28.061052], [69.025896, 28.040046], [69.007912, 27.994777], [68.979852, 27.975166], [68.941715, 27.981264], [68.929467, 27.955297], [68.94311, 27.897316], [68.927607, 27.853132], [68.883062, 27.822746], [68.884457, 27.792128], [68.931896, 27.761277], [68.94988, 27.736964], [68.938407, 27.719187], [68.826476, 27.677794], [68.762449, 27.697793], [68.705192, 27.759495], [68.66907, 27.770502], [68.654084, 27.730892], [68.573107, 27.687742], [68.426242, 27.641052], [68.337359, 27.602502], [68.30656, 27.572116], [68.300048, 27.511189], [68.317722, 27.419825], [68.297413, 27.371405], [68.239019, 27.365875], [68.194008, 27.34213], [68.162279, 27.300143], [68.160264, 27.263091], [68.187859, 27.230948], [68.174785, 27.207616], [68.121041, 27.193121], [68.098924, 27.162942], [68.108536, 27.117053], [68.063215, 27.062018], [67.963066, 26.997784], [67.910925, 26.909779], [67.904724, 26.742089], [67.890926, 26.486859], [67.899556, 26.368623], [67.925911, 26.302219], [67.981928, 26.24336], [68.067608, 26.191993], [68.116804, 26.140265], [68.129723, 26.088124], [68.201553, 25.99893], [68.332295, 25.87271], [68.378803, 25.794808], [68.340873, 25.765249], [68.348108, 25.728171], [68.400301, 25.683549], [68.39844, 25.620659], [68.342423, 25.539423], [68.323096, 25.443925], [68.340459, 25.334165], [68.337152, 25.261559], [68.313174, 25.226057], [68.318549, 25.191693], [68.353172, 25.158413], [68.35157, 25.138621], [68.313639, 25.132265], [68.286199, 25.089115], [68.269353, 25.009223], [68.245065, 24.978527], [68.213542, 24.997053], [68.183466, 24.973256], [68.154941, 24.907162], [68.116494, 24.872642], [68.068228, 24.8698], [68.024613, 24.760349], [67.985752, 24.544342], [67.935626, 24.430189], [67.874131, 24.417993], [67.85005, 24.395514], [67.863383, 24.362777], [67.848655, 24.343837], [67.80597, 24.33867], [67.795893, 24.317947], [67.818321, 24.281671], [67.787108, 24.239193], [67.702152, 24.190513], [67.659261, 24.145555], [67.658537, 24.104369], [67.626705, 24.077962], [67.532343, 24.060521], [67.45395, 24.039902]]]}}, {"type": "Feature", "properties": {"scalerank": 2, "featurecla": "River", "name": "Irrawaddy Delta", "note": null, "min_zoom": 2.1, "name_alt": null, "name_en": "Irrawaddy Delta", "min_label": 3.1}, "geometry": {"type": "MultiLineString", "coordinates": [[[94.703295, 16.511938], [94.728306, 16.673246], [94.744326, 16.782929], [94.742259, 16.90809], [94.795175, 17.035162], [94.903076, 17.164146], [94.953925, 17.257267], [94.947724, 17.314525], [94.977231, 17.352481], [95.042447, 17.371111], [95.120168, 17.472371], [95.210344, 17.656235], [95.304395, 17.766254], [95.454877, 17.856094], [95.482059, 17.879788], [95.520092, 17.907564], [95.574973, 17.904153], [95.633057, 17.809818], [95.694242, 17.624532], [95.783022, 17.438316], [95.899397, 17.251092], [95.95557, 17.129833], [95.951539, 17.074488], [96.041921, 16.969275], [96.089618, 16.846672], [96.189095, 16.768331]], [[95.481438, 16.813909], [95.323464, 16.328203], [95.236802, 16.132995], [95.132519, 16.024862], [95.098619, 15.957812], [95.078362, 15.839137]], [[95.599571, 16.901734], [95.64918, 16.767504], [95.71853, 16.709394], [95.828911, 16.653377], [95.871751, 16.593329], [95.847049, 16.52925], [95.845447, 16.478064], [95.866841, 16.439772], [95.909836, 16.412306], [95.994275, 16.390344], [96.042851, 16.339933]], [[95.472498, 17.743672], [95.405784, 17.717937], [95.355968, 17.665795], [95.296023, 17.554174], [95.290752, 17.502239], [95.322895, 17.467668], [95.339587, 17.431184], [95.335142, 17.378784], [95.317004, 17.347753], [95.27618, 17.322819], [95.263467, 17.301683], [95.252822, 17.224014], [95.248171, 17.178487], [95.213341, 17.144277], [95.186056, 17.077718], [95.166109, 16.978706], [95.175101, 16.903439], [95.213031, 16.851917], [95.221713, 16.79621], [95.175721, 16.674409], [95.145128, 16.610485], [95.106784, 16.574234], [95.060586, 16.565604], [95.01449, 16.503412], [94.968291, 16.387605], [94.907365, 16.287792], [94.793728, 16.162037], [94.74784, 16.080414], [94.656217, 15.988792]]]}}, {"type": "Feature", "properties": {"scalerank": 2, "featurecla": "River", "name": "Irtysh", "note": null, "min_zoom": 2.1, "name_alt": null, "name_en": "Irtysh", "min_label": 3.1}, "geometry": {"type": "MultiLineString", "coordinates": [[[74.993593, 53.985594], [74.918352, 54.002802], [74.903625, 54.027607], [74.924399, 54.06577], [74.871534, 54.127885], [74.745133, 54.213926], [74.66028, 54.291415], [74.617079, 54.360351], [74.558478, 54.399729], [74.484374, 54.409547], [74.399935, 54.448511], [74.304953, 54.516569], [74.125223, 54.58641], [73.728244, 54.693768]], [[73.72194, 54.693768], [73.538902, 54.805337], [73.434309, 54.845025], [73.347079, 54.849934], [73.317623, 54.888123], [73.346045, 54.95954], [73.307908, 55.008839], [73.203315, 55.036072], [73.157426, 55.097412], [73.170345, 55.19291], [73.127557, 55.24221], [73.029269, 55.24531], [72.993199, 55.266213], [73.019554, 55.304945], [73.162956, 55.389023], [73.423508, 55.51842], [73.661788, 55.618414], [73.877796, 55.688849], [74.081143, 55.729131], [74.271829, 55.739208], [74.468768, 55.833026], [74.671856, 56.010535], [74.709321, 56.058026], [74.709321, 56.091848], [74.675525, 56.125644], [74.669892, 56.148201], [74.689839, 56.162412], [74.698831, 56.203236], [74.681158, 56.263698], [74.698056, 56.286229], [74.729062, 56.289045], [74.737485, 56.317235], [74.721465, 56.337104], [74.740327, 56.370771], [74.74875, 56.396119], [74.734694, 56.41865], [74.705859, 56.42653], [74.678367, 56.477897], [74.680124, 56.563369], [74.65594, 56.606959], [74.60602, 56.608664], [74.590466, 56.627448], [74.609379, 56.66326], [74.594961, 56.693026], [74.576926, 56.717288], [74.584729, 56.73447], [74.596873, 56.757466], [74.551553, 56.844567], [74.510936, 56.892574], [74.455952, 56.922908], [74.386602, 56.935569], [74.366448, 56.949832], [74.333634, 56.988046], [74.181188, 57.016882], [74.117264, 57.053004], [74.141862, 57.096489], [74.119073, 57.133154], [74.048897, 57.163023], [73.965491, 57.174133], [73.868856, 57.166459], [73.769999, 57.17943], [73.66892, 57.213046], [73.635382, 57.238961], [73.633108, 57.258237], [73.599312, 57.272318], [73.504279, 57.265032], [73.441027, 57.278313], [73.435962, 57.305598], [73.371263, 57.326837], [73.24693, 57.341927], [73.180267, 57.362442], [73.171069, 57.38828], [73.113295, 57.408021], [73.006841, 57.421663], [72.948705, 57.440809], [72.903437, 57.458302], [72.866798, 57.447011], [72.779568, 57.442127], [72.625469, 57.471583], [72.529041, 57.50233], [72.492144, 57.520262], [72.449873, 57.53437], [72.413492, 57.528582], [72.388584, 57.535558], [72.334324, 57.565324], [72.230971, 57.579173], [71.950678, 57.580672], [71.855387, 57.607595], [71.820144, 57.630281], [71.750794, 57.642658], [71.60579, 57.634829], [71.527138, 57.645267], [71.514839, 57.673922], [71.472568, 57.698597], [71.400118, 57.719216], [71.312371, 57.721025], [71.209225, 57.704023], [71.107526, 57.710225], [71.007273, 57.739628], [70.963865, 57.763813], [70.920044, 57.765415], [70.873328, 57.760532], [70.7846, 57.776939], [70.683366, 57.821768], [70.615463, 57.820967], [70.596963, 57.822724], [70.569057, 57.850784], [70.526062, 57.858923], [70.467875, 57.84709], [70.425087, 57.861481], [70.397698, 57.902047], [70.395631, 57.927937], [70.373462, 57.956979], [70.294397, 57.977443], [70.22453, 57.97703], [70.175645, 57.954396], [70.136629, 57.958685], [70.10738, 57.989846], [70.053223, 58.008733], [69.974158, 58.01527], [69.877265, 58.001421], [69.762647, 57.967211], [69.648803, 57.960132], [69.535632, 57.980182], [69.479821, 57.999819], [69.426698, 58.017415], [69.315904, 57.995168], [69.239268, 58.000129], [69.19679, 58.032375], [69.140256, 58.032298], [69.069666, 57.999923], [68.999954, 57.999974], [68.931224, 58.032427], [68.870556, 58.036975], [68.818156, 58.013565], [68.729686, 58.03713], [68.605146, 58.107668], [68.463656, 58.149267], [68.225841, 58.168388]], [[68.861358, 61.124435], [69.010651, 61.019247], [69.160874, 60.975762], [69.361896, 60.958967], [69.515788, 60.885431], [69.622552, 60.755258], [69.724354, 60.682808], [69.801714, 60.667589], [69.830188, 60.650252], [69.836389, 60.621313], [69.816442, 60.603691], [69.782335, 60.567104], [69.769209, 60.511656], [69.801042, 60.463183], [69.803936, 60.419232], [69.777994, 60.379777], [69.784919, 60.354197], [69.82471, 60.342415], [69.854372, 60.310531], [69.873803, 60.258596], [69.862434, 60.239476], [69.820679, 60.236634], [69.769675, 60.206997], [69.729367, 60.170152], [69.720634, 60.125633], [69.737842, 60.095195], [69.781457, 60.077574], [69.854321, 60.057523], [69.888479, 60.005278], [69.865586, 59.943111], [69.865328, 59.90115], [69.888479, 59.866449], [69.871115, 59.834617], [69.820059, 59.838699], [69.777219, 59.816711], [69.757479, 59.76643], [69.698929, 59.744312], [69.601468, 59.75041], [69.498167, 59.727466], [69.334301, 59.649538], [69.284278, 59.576622], [69.222886, 59.555254], [69.133486, 59.561119], [69.07473, 59.536211], [69.046721, 59.480607], [68.99675, 59.452289], [68.924817, 59.451333], [68.910812, 59.42968], [68.929002, 59.401594], [68.905283, 59.354181], [68.830972, 59.292118], [68.799346, 59.240002], [68.810405, 59.197834], [68.842651, 59.172874], [68.88177, 59.160704], [68.88177, 59.137579], [68.861978, 59.119544], [68.854382, 59.084094], [68.873088, 59.056576], [68.855673, 59.02123], [68.812369, 59.013194], [68.800793, 59.001619], [68.82105, 58.966892], [68.812369, 58.935059], [68.762242, 58.925758], [68.748755, 58.900384], [68.749737, 58.877053], [68.736714, 58.85894], [68.696717, 58.853049], [68.689327, 58.827107], [68.705347, 58.787575], [68.67062, 58.764424], [68.627264, 58.770211], [68.568559, 58.753468], [68.555847, 58.678796], [68.564322, 58.607095], [68.566492, 58.561955], [68.549129, 58.521441], [68.468617, 58.512062], [68.399474, 58.499685], [68.354515, 58.469506], [68.330848, 58.430749], [68.328367, 58.383465], [68.283202, 58.355198], [68.239639, 58.342124], [68.219382, 58.327655], [68.215092, 58.290137], [68.232869, 58.246316], [68.222224, 58.166166]]]}}, {"type": "Feature", "properties": {"scalerank": 6, "featurecla": "River", "name": "Ismailiya Canal", "note": null, "min_zoom": 5.0, "name_alt": null, "name_en": "Ismailiya Canal", "min_label": 6.0}, "geometry": {"type": "LineString", "coordinates": [[31.237608, 30.120694], [31.282153, 30.128704], [31.323959, 30.180096], [31.377806, 30.277506], [31.483174, 30.378844], [31.640167, 30.484109], [31.864856, 30.550823], [32.303486, 30.593043]]}}, {"type": "Feature", "properties": {"scalerank": 1, "featurecla": "River", "name": "Jinsha", "note": null, "min_zoom": 2.0, "name_alt": "Yangtze", "name_en": "Yangtze", "min_label": 3.0}, "geometry": {"type": "MultiLineString", "coordinates": [[[99.398615, 28.119602], [99.430655, 27.842384], [99.494217, 27.641905], [99.600153, 27.425742], [99.726761, 27.245624], [99.874142, 27.101499], [99.954344, 26.993676], [99.96747, 26.922078], [99.996305, 26.904301], [100.041057, 26.940268], [100.063381, 27.012124], [100.063381, 27.119818], [100.10865, 27.220535], [100.19929, 27.314276], [100.231691, 27.398586], [100.205956, 27.473517], [100.218617, 27.554132], [100.26957, 27.64038], [100.296235, 27.720686], [100.298405, 27.794945], [100.329721, 27.833702], [100.390079, 27.836906], [100.42739, 27.753655], [100.441756, 27.583872], [100.472452, 27.483956], [100.519477, 27.45388], [100.545419, 27.393005], [100.550173, 27.301331], [100.522888, 27.237588], [100.46346, 27.201802], [100.449611, 27.168962], [100.48134, 27.139093], [100.485887, 27.049719], [100.463253, 26.900839], [100.437467, 26.816606], [100.408425, 26.796969], [100.410595, 26.691239], [100.443978, 26.499339], [100.44868, 26.377563], [100.424806, 26.325887], [100.428062, 26.278784], [100.458551, 26.236228], [100.581799, 26.202794], [100.797703, 26.178454], [100.960691, 26.211036], [101.070761, 26.30054], [101.200056, 26.357255], [101.348677, 26.381129], [101.446862, 26.442469], [101.494611, 26.541274], [101.590316, 26.593364], [101.733873, 26.598739], [101.841257, 26.5544], [101.91226, 26.460349], [101.940166, 26.362629], [101.924869, 26.26124], [101.899031, 26.192717], [101.862754, 26.157163], [101.847148, 26.098356], [101.852212, 26.016397], [101.912054, 25.981464], [102.026672, 25.993504], [102.125994, 26.056859], [102.209813, 26.171478], [102.330839, 26.266227], [102.488866, 26.341131], [102.582504, 26.370174], [102.611649, 26.35343], [102.622088, 26.32382], [102.61382, 26.281342], [102.635007, 26.252351], [102.685547, 26.236745], [102.752623, 26.262945], [102.836132, 26.330951], [102.905481, 26.365006], [102.960672, 26.365084], [102.990076, 26.395159], [102.993693, 26.455285], [103.011005, 26.498073], [103.042114, 26.523498], [103.018498, 26.63331], [102.94026, 26.827562], [102.89742, 27.012667], [102.889978, 27.188677], [102.903311, 27.3127], [102.937521, 27.384711], [102.969147, 27.412022], [102.998292, 27.394659], [103.046403, 27.39807], [103.147017, 27.434346], [103.200192, 27.533669], [103.237451, 27.572038], [103.276415, 27.582529], [103.293003, 27.600951], [103.28706, 27.627255], [103.325921, 27.670301], [103.409585, 27.730039], [103.479245, 27.813806], [103.534952, 27.921552], [103.532317, 27.992168], [103.471442, 28.025602], [103.444415, 28.065212], [103.45134, 28.110998], [103.483947, 28.161175], [103.589471, 28.249956], [103.625541, 28.263598], [103.663161, 28.256673], [103.702435, 28.229182], [103.761553, 28.243031], [103.840515, 28.298118], [103.858705, 28.377028], [103.816227, 28.479761], [103.808889, 28.565337], [103.850747, 28.668044]], [[98.54151, 31.689797], [98.798962, 31.437952], [98.855393, 31.323075], [98.796843, 31.261219], [98.73788, 31.251865], [98.678556, 31.295041], [98.637525, 31.279848], [98.614891, 31.206364], [98.653338, 31.124948], [98.75297, 31.035574], [98.798962, 30.963382], [98.791211, 30.90832], [98.83064, 30.842381], [98.917146, 30.765538], [98.94655, 30.711252], [98.918955, 30.679575], [98.942829, 30.47659], [99.018277, 30.102349], [99.038637, 29.849134], [99.003911, 29.716946], [99.014039, 29.550755], [99.096412, 29.250489], [99.145866, 28.641198], [99.221365, 28.360181], [99.398615, 28.126423]]]}}, {"type": "Feature", "properties": {"scalerank": 6, "featurecla": "River", "name": "Jordan", "note": null, "min_zoom": 5.0, "name_alt": null, "name_en": "Jordan", "min_label": 6.0}, "geometry": {"type": "MultiLineString", "coordinates": [[[35.423502, 31.324832], [35.400661, 31.230497]], [[35.576878, 32.720303], [35.551453, 32.395516], [35.57202, 32.237878], [35.53471, 32.103002], [35.531506, 31.984921], [35.558998, 31.765529]], [[35.863889, 33.596348], [35.695527, 33.430828], [35.618942, 33.243708], [35.594758, 33.110951], [35.598892, 32.899723]]]}}, {"type": "Feature", "properties": {"scalerank": 6, "featurecla": "River", "name": "Jubba", "note": null, "min_zoom": 5.0, "name_alt": null, "name_en": "Jubba", "min_label": 6.0}, "geometry": {"type": "LineString", "coordinates": [[41.965842, 4.323664], [42.029197, 4.290591], [42.055811, 4.254986], [42.066869, 4.205868], [42.121181, 4.172536], [42.21885, 4.155044], [42.341685, 4.078356], [42.489789, 3.94255], [42.542344, 3.794678], [42.499246, 3.634766], [42.497282, 3.521697], [42.536453, 3.4555], [42.533456, 3.398346], [42.488497, 3.350261], [42.472943, 3.28011], [42.486895, 3.187919], [42.515886, 3.130352], [42.559914, 3.107304], [42.575417, 3.070407], [42.562498, 3.019558], [42.501727, 2.941965], [42.393103, 2.837657], [42.345819, 2.749445], [42.359771, 2.677305], [42.345302, 2.613846], [42.302411, 2.559069], [42.294814, 2.502535], [42.322409, 2.444192], [42.315588, 2.387555], [42.27435, 2.332623], [42.228772, 2.319394], [42.179059, 2.347867], [42.144746, 2.345309], [42.125935, 2.31172], [42.144487, 2.280481], [42.200401, 2.251568], [42.20469, 2.220769], [42.157251, 2.188058], [42.177302, 2.134935], [42.264635, 2.061373], [42.297243, 1.99285], [42.275022, 1.929392], [42.305563, 1.835444], [42.388762, 1.710955], [42.425762, 1.616749], [42.416357, 1.552774], [42.423695, 1.512621], [42.424522, 1.46203], [42.462194, 1.375188], [42.561103, 1.218892], [42.605441, 1.070323], [42.595209, 0.929401], [42.625957, 0.8076], [42.69758, 0.704867], [42.737733, 0.580688], [42.7506, 0.362407], [42.729826, 0.134514], [42.684764, 0.014935], [42.608387, -0.07214], [42.585442, -0.147949], [42.634225, -0.250734]]}}, {"type": "Feature", "properties": {"scalerank": 6, "featurecla": "River", "name": "Kadéï", "note": null, "min_zoom": 5.0, "name_alt": null, "name_en": "Kadéï", "min_label": 6.0}, "geometry": {"type": "LineString", "coordinates": [[14.616917, 5.86512], [14.616917, 5.495505], [14.4931, 5.28743], [14.462818, 5.182268], [14.484729, 5.110696], [14.436773, 5.030158], [14.318951, 4.940655], [14.254303, 4.796503], [14.242831, 4.597756], [14.297143, 4.429549], [14.417343, 4.291883], [14.498475, 4.230233], [14.538782, 4.228967], [14.569685, 4.211345], [14.574077, 4.189279], [14.622601, 4.171658], [14.680376, 4.205325], [14.753963, 4.227675], [14.826827, 4.230001], [14.873387, 4.203206], [14.893541, 4.147292], [14.957, 4.118147], [15.063763, 4.115692], [15.14691, 4.090733], [15.236104, 4.019471], [15.367569, 4.055334], [15.451388, 4.046498], [15.53128, 4.004924], [15.578409, 3.931207], [15.592671, 3.825374], [15.651376, 3.756153], [15.754625, 3.723597], [15.881439, 3.649752], [16.031921, 3.534617], [16.108092, 3.400051], [16.109952, 3.246133], [16.158012, 3.103118], [16.252166, 2.971085], [16.263018, 2.923698], [16.245345, 2.88401], [16.173721, 2.823962], [16.117807, 2.716036], [16.095483, 2.599196], [16.106748, 2.473467], [16.136101, 2.363758], [16.183436, 2.270068], [16.176615, 2.204775], [16.11574, 2.167827], [16.080032, 2.106797], [16.069593, 2.021686], [16.087938, 1.918074], [16.134964, 1.795963], [16.136204, 1.714883], [16.097653, 1.653698]]}}, {"type": "Feature", "properties": {"scalerank": 1, "featurecla": "River", "name": "Kagera", "note": null, "min_zoom": 2.0, "name_alt": null, "name_en": "Kagera", "min_label": 3.0}, "geometry": {"type": "LineString", "coordinates": [[29.59347, -2.984365], [29.826635, -3.047101], [29.9011, -3.090819], [29.894589, -3.136604], [29.908697, -3.159652], [29.94332, -3.160169], [29.975773, -3.184146], [30.021145, -3.255563], [29.990449, -3.314681], [29.990294, -3.344653], [30.010448, -3.365014], [30.104964, -3.315405], [30.273739, -3.195619], [30.390631, -3.087667], [30.455433, -2.991497], [30.469748, -2.92039], [30.433471, -2.874501], [30.424014, -2.824065], [30.441274, -2.769081], [30.530364, -2.679164], [30.691181, -2.554314], [30.774225, -2.462588], [30.779496, -2.404091], [30.797635, -2.362698], [30.828744, -2.338513], [30.854996, -2.265391], [30.876596, -2.143383], [30.864607, -2.044061], [30.819132, -1.967476], [30.80673, -1.850688], [30.827504, -1.693695], [30.812621, -1.563057], [30.762185, -1.458722], [30.710715, -1.396814], [30.63196, -1.367461], [30.508092, -1.208246], [30.470213, -1.131145], [30.477034, -1.082983], [30.519874, -1.062519], [30.598732, -1.069702], [30.672784, -1.051357], [30.742031, -1.007535], [30.80921, -0.994926], [30.874323, -1.013323], [30.941812, -1.062622], [31.011782, -1.142824], [31.12454, -1.199978], [31.280293, -1.234291], [31.40938, -1.238632], [31.511803, -1.213104], [31.573401, -1.1575], [31.593969, -1.071717], [31.645128, -1.005571], [31.767601, -0.935705]]}}, {"type": "Feature", "properties": {"scalerank": 6, "featurecla": "River", "name": "Kapuas", "note": null, "min_zoom": 5.0, "name_alt": null, "name_en": "Kapuas", "min_label": 6.0}, "geometry": {"type": "LineString", "coordinates": [[113.465044, 1.201374], [113.233326, 0.964644], [112.953809, 0.854729], [112.793767, 0.823464], [112.660131, 0.834316], [112.53585, 0.802329], [112.421025, 0.727553], [112.251836, 0.672001], [112.028284, 0.63562], [111.949581, 0.598672], [111.945446, 0.546479], [111.916611, 0.502554], [111.839716, 0.462143], [111.820596, 0.43], [111.826849, 0.408089], [111.802199, 0.374551], [111.735743, 0.330058], [111.680501, 0.321479], [111.64531, 0.310937], [111.631822, 0.272438], [111.618283, 0.242259], [111.579526, 0.241949], [111.555548, 0.22071], [111.54175, 0.157562], [111.500822, 0.103612], [111.464959, 0.098237], [111.403877, 0.105885], [111.367497, 0.089349], [111.329153, 0.098237], [111.304039, 0.102061], [111.281714, 0.081597], [111.262594, 0.088315], [111.231898, 0.105885], [111.206422, 0.088832], [111.156141, 0.078704], [111.077282, 0.091933], [111.024056, 0.081701], [110.996564, 0.047904], [110.932795, 0.023306], [110.832646, 0.007958], [110.772495, 0.029042], [110.732497, 0.046354], [110.696117, 0.033125], [110.653122, 0.043047], [110.613435, 0.059583], [110.580362, 0.059583], [110.567856, 0.034313], [110.543982, 0.019896], [110.516955, 0.02279], [110.485484, -0.001602], [110.46502, -0.03793], [110.418304, -0.066094], [110.335312, -0.080822], [110.176872, -0.056172], [110.097756, -0.070073], [110.006547, -0.094619], [109.94717, -0.185156], [109.810176, -0.268976], [109.595719, -0.346128], [109.521925, -0.352485], [109.452575, -0.337292], [109.403173, -0.303805], [109.335683, -0.26696], [109.218584, -0.230632], [109.149648, -0.18557]]}}, {"type": "Feature", "properties": {"scalerank": 3, "featurecla": "River", "name": "Kasai", "note": null, "min_zoom": 3.0, "name_alt": null, "name_en": "Kasai", "min_label": 4.0}, "geometry": {"type": "LineString", "coordinates": [[21.791439742045544, -8.0], [21.780097, -7.865411], [21.833634, -7.601655], [21.841592, -7.420994], [21.785265, -7.274543], [21.692247, -7.109178], [21.547398, -6.963657], [21.205869, -6.692356], [20.939012, -6.534846], [20.782639, -6.366174], [20.647763, -6.133837], [20.579964, -5.992657], [20.579034, -5.942738], [20.637531, -5.876023], [20.755457, -5.792618], [20.835194, -5.712054], [20.897671, -5.595575], [21.038282, -5.33864], [21.075127, -5.101807], [21.055077, -4.799552], [20.966142, -4.611346], [20.808322, -4.537139], [20.688174, -4.455025], [20.605595, -4.364901], [20.521673, -4.309452], [20.463692, -4.295396], [20.403437, -4.299892], [20.374757, -4.319219], [20.355068, -4.361646], [20.323132, -4.389758], [20.284995, -4.390378], [20.145158, -4.31462], [19.903623, -4.162278], [19.741875, -4.081353], [19.66002, -4.071637], [19.409596, -3.958879], [18.990707, -3.742872], [18.739869, -3.626497], [18.615743, -3.60133], [18.510116, -3.598798], [18.413791, -3.550946], [18.291731, -3.45705], [18.129777, -3.411626], [17.928033, -3.414727], [17.796361, -3.390749], [17.734763, -3.339537], [17.673681, -3.312614], [17.613116, -3.309927], [17.427236, -3.234376], [17.355354, -3.200011], [17.060075, -3.059193], [16.978065, -3.052061], [16.885202, -3.072835], [16.745056, -3.086065], [16.518713, -3.069735], [16.364097, -3.073249], [16.281105, -3.096555], [16.230979, -3.138568], [16.190619, -3.19443]]}}, {"type": "Feature", "properties": {"scalerank": 6, "featurecla": "River", "name": "Kayan", "note": null, "min_zoom": 5.0, "name_alt": null, "name_en": "Kayan", "min_label": 6.0}, "geometry": {"type": "LineString", "coordinates": [[114.761915, 1.760203], [114.8755, 1.885363], [114.956115, 1.932544], [115.084686, 1.948874], [115.26142, 2.011402], [115.360328, 2.030884], [115.44022, 2.028094], [115.49014, 2.009852], [115.50988, 1.976159], [115.552306, 1.968821], [115.617315, 1.987786], [115.693538, 2.060753], [115.781078, 2.18767], [115.84526, 2.204155], [115.886291, 2.11013], [115.958741, 2.066282], [116.06287, 2.072587], [116.141366, 2.145761], [116.194386, 2.285701], [116.326058, 2.465586], [116.536484, 2.685392], [116.656477, 2.798486], [116.686191, 2.804894], [116.719315, 2.782104], [116.755799, 2.730118], [116.811609, 2.736319], [116.88654, 2.800605], [116.982348, 2.810087], [117.098827, 2.764793], [117.16828, 2.754561], [117.190708, 2.779366], [117.229362, 2.786652], [117.284242, 2.77642], [117.341913, 2.809054], [117.402168, 2.884527], [117.460252, 2.922251], [117.51198, 2.928504], [117.569186, 2.929279]]}}, {"type": "Feature", "properties": {"scalerank": 6, "featurecla": "River", "name": "Kem", "note": null, "min_zoom": 5.0, "name_alt": null, "name_en": "Kem", "min_label": 6.0}, "geometry": {"type": "MultiLineString", "coordinates": [[[31.570404, 63.869383], [31.713755, 63.818792], [31.833644, 63.765772], [31.944438, 63.766806], [32.2361, 63.853105], [32.294081, 63.903438], [32.357436, 63.984002], [32.378417, 64.036841], [32.357023, 64.062033], [32.360123, 64.1088], [32.387719, 64.177168], [32.339246, 64.24936], [32.214809, 64.325428], [32.185147, 64.377104], [32.250363, 64.404441], [32.301781, 64.445136], [32.339504, 64.499267], [32.303383, 64.569547], [32.193312, 64.656028], [32.143599, 64.723156], [32.149025, 64.747754]], [[32.043967, 64.459683], [32.200443, 64.383952]], [[32.149025, 64.747754], [32.154141, 64.770956], [32.259251, 64.820462], [32.458825, 64.871648], [32.589205, 64.929836], [32.650286, 64.995025], [32.742374, 65.016471], [32.865467, 64.994199], [32.951663, 65.015722], [33.000963, 65.080989], [33.06561, 65.111142], [33.185603, 65.103598], [34.004777, 64.975259], [34.385684, 64.94446], [34.709231, 64.980427], [34.803488, 64.986008]], [[31.954567, 64.863741], [32.149025, 64.747754]]]}}, {"type": "Feature", "properties": {"scalerank": 6, "featurecla": "River", "name": "Kemijoki", "note": null, "min_zoom": 5.0, "name_alt": null, "name_en": "Kemijoki", "min_label": 6.0}, "geometry": {"type": "LineString", "coordinates": [[24.767185601508533, 66.0], [24.710564, 65.912101], [24.627985, 65.859184]]}}, {"type": "Feature", "properties": {"scalerank": 3, "featurecla": "River", "name": "Kibali", "note": null, "min_zoom": 3.0, "name_alt": null, "name_en": "Kibali", "min_label": 4.0}, "geometry": {"type": "LineString", "coordinates": [[30.371201, 2.333088], [30.438587, 2.662706], [30.362778, 2.824944], [30.277977, 2.877861], [30.159017, 2.875561], [30.008122, 2.924344], [29.825291, 3.024234], [29.679563, 3.080691], [29.570733, 3.093662], [29.509135, 3.149834], [29.494562, 3.249208], [29.440405, 3.300212], [29.346664, 3.302899], [29.244965, 3.381241], [29.135411, 3.535288], [29.032988, 3.597507], [28.9378, 3.567948], [28.814087, 3.563814], [28.585987, 3.595801]]}}, {"type": "Feature", "properties": {"scalerank": 6, "featurecla": "River", "name": "Kokemäenjoki", "note": null, "min_zoom": 5.0, "name_alt": null, "name_en": "Kokemäenjoki", "min_label": 6.0}, "geometry": {"type": "LineString", "coordinates": [[22.579118, 61.210993], [22.399439, 61.293365], [22.341407, 61.302072], [22.345127, 61.264504], [22.301409, 61.255693], [22.210149, 61.275588], [22.052535, 61.344034], [21.716329, 61.519475], [21.654885, 61.544874], [21.598093, 61.577895]]}}, {"type": "Feature", "properties": {"scalerank": 6, "featurecla": "River", "name": "Konqi", "note": null, "min_zoom": 5.0, "name_alt": null, "name_en": "Konqi", "min_label": 6.0}, "geometry": {"type": "LineString", "coordinates": [[89.386927, 40.632662], [88.919875, 40.672401], [88.714513, 40.689868], [88.422386, 40.744438], [88.286477, 40.815442], [88.126745, 40.859677], [87.943087, 40.877195], [87.787128, 40.909984], [87.658867, 40.958069], [87.528642, 40.973727], [87.396661, 40.956984], [87.258374, 40.971143], [87.113991, 41.016205], [87.0249, 41.069121], [86.991104, 41.129893], [86.899017, 41.204824], [86.748535, 41.293862], [86.597846, 41.314507], [86.371607, 41.242806]]}}, {"type": "Feature", "properties": {"scalerank": 6, "featurecla": "River", "name": "Koukourou", "note": null, "min_zoom": 5.0, "name_alt": null, "name_en": "Koukourou", "min_label": 6.0}, "geometry": {"type": "LineString", "coordinates": [[20.934878, 7.342653], [20.829354, 7.259506], [20.767291, 7.234107], [20.713444, 7.238732], [20.673188, 7.211912], [20.646626, 7.153621], [20.596707, 7.104941], [20.486946, 7.046289], [20.38349, 7.026496], [20.30365, 7.033576], [20.213009, 7.060861], [20.105936, 7.117499], [19.982429, 7.203488], [19.873754, 7.319295], [19.732884, 7.537731]]}}, {"type": "Feature", "properties": {"scalerank": 6, "featurecla": "River", "name": "Krishna", "note": null, "min_zoom": 5.0, "name_alt": null, "name_en": "Krishna", "min_label": 6.0}, "geometry": {"type": "MultiLineString", "coordinates": [[[79.31333, 16.579376], [79.657185, 16.69017], [79.818415, 16.702934], [79.911536, 16.654617], [79.993081, 16.677871], [80.062948, 16.772672], [80.121497, 16.768176], [80.16873, 16.664332], [80.261902, 16.607359], [80.400912, 16.59723], [80.523592, 16.553202], [80.629838, 16.475325], [80.716552, 16.393212], [80.783834, 16.306964], [80.833754, 16.201285], [80.882743, 16.0137], [80.892458, 15.970963], [80.891631, 15.865957], [80.877575, 15.819655], [80.86476, 15.782215]], [[73.796457, 17.991822], [73.897691, 17.930663], [73.962028, 17.854311], [74.053702, 17.68644], [74.117988, 17.632748], [74.127393, 17.578746], [74.103312, 17.506529], [74.120985, 17.423226], [74.180206, 17.328839], [74.204288, 17.255278], [74.193125, 17.202568], [74.232193, 17.157299], [74.321593, 17.119446], [74.369497, 17.083299], [74.376008, 17.04883], [74.395697, 17.033793], [74.428563, 17.038082], [74.456727, 17.015758], [74.491919, 16.942248], [74.53667, 16.857731], [74.587313, 16.808225], [74.658833, 16.765592], [74.672269, 16.733139], [74.627518, 16.71097], [74.623435, 16.667174], [74.659919, 16.601778], [74.75428, 16.595654], [74.906519, 16.648777], [75.013334, 16.63423], [75.074829, 16.551962], [75.125988, 16.540076], [75.167019, 16.59847], [75.230685, 16.621156], [75.316984, 16.608082], [75.38313, 16.579815], [75.428916, 16.536304], [75.448811, 16.492224], [75.442713, 16.447549], [75.489946, 16.43047], [75.590508, 16.440961], [75.676963, 16.421944], [75.74931, 16.373368], [75.837986, 16.338228], [75.942889, 16.316575], [76.016477, 16.278748], [76.058541, 16.224772], [76.12417, 16.187591], [76.213261, 16.167231], [76.404877, 16.227356], [76.699019, 16.367916], [76.882057, 16.470003], [76.953991, 16.533668], [77.05724, 16.527932], [77.258985, 16.415355], [77.615707, 16.348822], [77.844996, 16.232239], [78.065654, 16.043517], [78.193088, 15.955977], [78.227298, 15.96962], [78.244351, 15.991944], [78.244351, 16.023002], [78.283263, 16.049718], [78.361088, 16.072198], [78.497772, 16.07119], [78.693419, 16.046773], [78.805144, 16.063619], [78.832946, 16.121704], [78.884467, 16.170641], [78.997173, 16.230302]]]}}, {"type": "Feature", "properties": {"scalerank": 6, "featurecla": "River", "name": "Kwango", "note": null, "min_zoom": 5.0, "name_alt": null, "name_en": "Kwango", "min_label": 6.0}, "geometry": {"type": "LineString", "coordinates": [[17.487249595209157, -8.0], [17.245025, -7.623307], [17.155057, -7.461353], [17.12157, -7.41903], [17.063796, -7.363116], [16.984731, -7.257438], [16.95202, -7.157082], [16.965766, -7.062101], [16.919412, -6.933943], [16.813062, -6.772558], [16.742989, -6.618459], [16.709399, -6.471698], [16.700976, -6.346021], [16.717822, -6.241428], [16.697307, -6.164275], [16.639533, -6.11451], [16.602222, -6.039838], [16.577004, -5.890389], [16.515147, -5.391402], [16.508274, -5.157773], [16.535663, -5.023311], [16.535663, -4.8411], [16.508274, -4.611243], [16.507861, -4.459624], [16.534526, -4.38614], [16.536076, -4.314723], [16.512512, -4.245477], [16.586512, -4.180106], [16.758182, -4.118663], [16.869699, -4.062336], [16.921272, -4.011124], [16.993309, -3.991487], [17.085914, -4.003321], [17.183479, -3.920122], [17.286108, -3.741942], [17.322023, -3.610115], [17.291327, -3.524591], [17.298149, -3.453536], [17.364656, -3.36858], [17.376128, -3.295199], [17.355354, -3.200011]]}}, {"type": "Feature", "properties": {"scalerank": 4, "featurecla": "River", "name": "Kyzyl-Khem", "note": null, "min_zoom": 4.0, "name_alt": null, "name_en": "Kyzyl-Khem", "min_label": 5.0}, "geometry": {"type": "LineString", "coordinates": [[98.000251, 51.514091], [97.878863, 51.518742], [97.703318, 51.480114], [97.297968, 51.359553], [96.523959, 51.346479], [96.235398, 51.35578], [96.174316, 51.383117], [96.099075, 51.383117], [95.965026, 51.342138], [95.780025, 51.294983]]}}, {"type": "Feature", "properties": {"scalerank": 2, "featurecla": "River", "name": "Lancang", "note": null, "min_zoom": 2.1, "name_alt": "Mekong", "name_en": "Mekong", "min_label": 3.1}, "geometry": {"type": "LineString", "coordinates": [[96.941298, 31.965543], [97.055192, 31.691916], [97.120512, 31.576574], [97.175185, 31.528308], [97.206811, 31.463093], [97.215183, 31.380824], [97.203917, 31.32522], [97.172808, 31.296178], [97.167537, 31.232564], [97.187898, 31.134353], [97.242881, 31.049707], [97.332282, 30.978626], [97.377447, 30.890311], [97.37817, 30.784685], [97.495476, 30.618338], [97.846255, 30.277739], [97.962734, 30.162397], [98.037251, 30.046022], [98.108565, 29.890166], [98.160655, 29.810222], [98.193624, 29.806243], [98.242355, 29.762886], [98.306951, 29.680204], [98.363278, 29.568221], [98.411337, 29.426938], [98.484408, 29.307152], [98.582489, 29.20876], [98.619438, 29.125664], [98.59515, 29.057865], [98.59329, 29.008721], [98.623986, 28.963116], [98.670081, 28.772249], [98.726718, 28.631844], [98.809297, 28.478262], [98.863144, 28.303854], [98.888517, 28.108621], [98.938023, 27.959482], [99.011714, 27.85644], [99.035795, 27.76828], [99.010267, 27.695002], [99.005151, 27.622862], [99.028095, 27.516279], [99.088402, 27.376805], [99.103646, 27.308385], [99.093828, 27.264512], [99.109744, 27.215109], [99.151292, 27.160177], [99.175477, 27.071113], [99.182298, 26.947916], [99.165245, 26.801491], [99.124317, 26.631889], [99.114085, 26.530887], [99.134549, 26.498435], [99.141267, 26.379992], [99.134135, 26.17556], [99.139303, 26.021461], [99.156563, 25.917746], [99.213355, 25.792018], [99.309577, 25.644275], [99.341255, 25.521207], [99.308492, 25.422764], [99.341255, 25.315018], [99.439646, 25.197997], [99.525481, 25.129319], [99.598758, 25.109062], [99.699682, 25.017026], [99.828357, 24.853289], [99.938634, 24.7619], [100.030618, 24.742883], [100.086532, 24.717794], [100.106272, 24.686581], [100.139707, 24.689708], [100.186733, 24.727199], [100.250656, 24.747172], [100.331633, 24.749652], [100.418346, 24.682215], [100.510899, 24.544859], [100.547692, 24.387788], [100.528986, 24.210977], [100.485164, 24.107624], [100.416228, 24.07773], [100.388219, 24.026079], [100.401035, 23.952647], [100.35556, 23.854126], [100.251793, 23.730464], [100.184511, 23.619747], [100.138519, 23.473115], [100.066792, 23.277598], [100.106221, 23.14913], [100.232828, 23.022523], [100.313185, 22.887337], [100.347395, 22.743677], [100.415297, 22.635621], [100.516997, 22.563171], [100.566916, 22.501573], [100.565056, 22.450826], [100.587897, 22.397806], [100.635542, 22.342538], [100.646808, 22.305822], [100.621797, 22.28758], [100.631822, 22.26815], [100.676884, 22.247428], [100.704737, 22.205182], [100.715383, 22.141388], [100.770005, 22.047337], [100.868603, 21.923107], [100.983738, 21.844972], [101.11541, 21.812958], [101.165588, 21.78942], [101.134272, 21.774382], [101.128174, 21.70511], [101.147294, 21.581629], [101.080373, 21.468664], [100.927514, 21.366216], [100.819511, 21.314203], [100.75662, 21.312653], [100.703135, 21.25139], [100.65921, 21.13039], [100.613683, 21.059335], [100.566658, 21.038174], [100.536169, 20.992388], [100.522216, 20.921927], [100.549346, 20.884229], [100.617662, 20.879269], [100.622933, 20.859554], [100.565159, 20.825112], [100.493329, 20.812993], [100.407443, 20.823225], [100.326104, 20.795682], [100.249313, 20.73026], [100.18389, 20.589105], [100.12963, 20.372219], [100.114954, 20.257679], [100.139759, 20.245431], [100.174124, 20.272768], [100.218049, 20.339586], [100.266004, 20.377309], [100.317991, 20.385888], [100.37313, 20.340361], [100.431524, 20.240729], [100.491572, 20.184091], [100.553274, 20.170449], [100.588517, 20.0734], [100.597302, 19.89305], [100.652699, 19.825173], [100.754812, 19.869769], [100.856718, 19.877547], [100.95852, 19.848556], [101.036655, 19.847833], [101.091329, 19.87548], [101.153444, 19.872302], [101.223103, 19.838324], [101.333278, 19.821891], [101.484069, 19.822976], [101.699353, 19.889768], [101.979233, 20.022267], [102.137053, 20.086578], [102.172813, 20.08265], [102.204646, 20.057562], [102.232551, 20.011259], [102.14098, 19.903488], [101.92983, 19.7343], [101.82348, 19.604049], [101.821723, 19.512789], [101.842239, 19.451164], [101.884924, 19.419228], [101.885802, 19.372229], [101.844771, 19.310165], [101.819036, 19.180742], [101.808494, 18.98401], [101.815987, 18.855077], [101.841464, 18.793944], [101.826374, 18.69811], [101.77046, 18.567549], [101.657702, 18.422235], [101.4881, 18.262245], [101.408312, 18.118894], [101.418544, 17.992261], [101.458645, 17.901828], [101.563651, 17.820515]]}}, {"type": "Feature", "properties": {"scalerank": 4, "featurecla": "River", "name": "Lek", "note": null, "min_zoom": 4.0, "name_alt": null, "name_en": "Lek", "min_label": 5.0}, "geometry": {"type": "LineString", "coordinates": [[5.331075, 51.962978], [5.161318, 51.993519], [4.998796, 51.977319], [4.786923, 51.924531], [4.595927, 51.897504], [4.425911, 51.896264], [4.280235, 51.919002], [4.084847, 51.994088]]}}, {"type": "Feature", "properties": {"scalerank": 1, "featurecla": "River", "name": "Lena", "note": null, "min_zoom": 2.0, "name_alt": null, "name_en": "Lena", "min_label": 3.0}, "geometry": {"type": "MultiLineString", "coordinates": [[[120.648378, 60.403471], [120.343435, 60.39621], [120.184272, 60.349702], [120.06924, 60.261593], [119.87411, 60.229115], [119.598881, 60.252317], [119.354762, 60.191417], [119.141751, 60.046464], [118.958558, 59.965591], [118.805286, 59.948796], [118.677542, 59.917015], [118.575326, 59.870248], [118.510214, 59.823816], [118.482102, 59.777799], [118.419573, 59.744777], [118.322525, 59.724804], [117.998307, 59.805342], [117.446713, 59.986468], [117.129419, 60.134263], [117.04622, 60.248829], [116.964262, 60.331046], [116.883543, 60.381018], [116.669189, 60.43905], [116.321407, 60.505248], [116.030933, 60.597697], [115.797873, 60.716501], [115.5028, 60.77474], [115.145716, 60.77257], [114.892553, 60.745078], [114.743208, 60.692265], [114.549422, 60.566794], [114.310987, 60.368667], [114.137354, 60.260095], [114.028523, 60.240949], [113.822541, 60.124806], [113.519407, 59.911615], [113.239631, 59.779297], [112.983006, 59.727776], [112.835883, 59.673981], [112.798108, 59.61786], [112.745191, 59.578483], [112.642768, 59.544531], [112.543394, 59.363302], [112.393688, 59.273721], [112.160524, 59.215378], [112.009835, 59.196645], [111.941726, 59.217523], [111.846124, 59.186775], [111.723031, 59.104403], [111.548571, 59.018956], [111.322642, 58.93046], [111.201823, 58.847003], [111.186216, 58.768558], [111.116556, 58.738792], [110.992843, 58.757706], [110.948608, 58.746337], [110.928971, 58.710319], [110.805361, 58.659004], [110.560208, 58.66244], [110.281775, 58.644638], [109.970166, 58.605622], [109.797671, 58.539166], [109.764391, 58.445218], [109.694318, 58.358583], [109.587347, 58.27926], [109.498257, 58.231278], [109.42684, 58.214586], [109.340541, 58.224612], [109.239152, 58.261354], [109.153886, 58.274531], [109.084742, 58.264144], [108.940462, 58.210452], [108.721147, 58.113404], [108.605599, 58.043538], [108.593816, 58.000853], [108.552682, 57.971604], [108.482299, 57.955791], [108.408608, 57.906905], [108.33161, 57.824998], [108.228877, 57.784897], [108.100306, 57.786654], [108.033747, 57.758904], [108.029303, 57.701646], [107.957008, 57.658677], [107.904401, 57.635009], [107.894169, 57.610231], [107.918044, 57.570491], [107.871793, 57.522562], [107.69723, 57.438303], [107.619199, 57.40784], [107.593102, 57.386472], [107.584369, 57.357016], [107.564629, 57.34296], [107.518637, 57.345854], [107.487424, 57.329007], [107.470991, 57.292421], [107.41456, 57.270613], [107.318132, 57.263585], [107.250746, 57.276091], [107.212609, 57.308182], [107.148633, 57.325597], [107.058923, 57.328336], [106.98854, 57.309861], [106.937483, 57.270122], [106.918053, 57.232088], [106.930145, 57.19576], [106.912472, 57.14597], [106.864826, 57.082718], [106.746746, 57.042565], [106.558127, 57.025512], [106.425163, 57.028251], [106.34801, 57.050782], [106.256181, 57.011042], [106.149831, 56.908981], [105.985655, 56.832965], [105.763705, 56.782943], [105.672444, 56.742402], [105.711822, 56.711319], [105.831401, 56.696436], [106.031285, 56.697676], [106.172879, 56.671115], [106.256285, 56.616803], [106.292148, 56.559959], [106.280573, 56.500583], [106.250083, 56.450818], [106.200681, 56.410562], [106.058002, 56.3655], [105.822048, 56.315529], [105.694665, 56.266101], [105.675958, 56.217163], [105.718126, 56.151741], [105.821169, 56.069834], [105.85202, 55.975653], [105.810575, 55.869148], [105.730942, 55.755098], [105.613223, 55.6334], [105.519585, 55.49036], [105.450029, 55.325874], [105.331276, 55.196838], [105.163225, 55.103149], [105.076098, 55.008374], [105.069897, 54.912514], [105.107931, 54.849831], [105.190303, 54.820375], [105.234435, 54.753506], [105.240533, 54.649171], [105.223893, 54.549952], [105.184567, 54.455746], [105.220586, 54.383916], [105.332, 54.33441], [105.45716, 54.237672], [105.665416, 54.021664], [105.806286, 54.006316], [105.872949, 53.972959], [105.912533, 53.916477], [105.973511, 53.878262], [106.05609, 53.858263], [106.304757, 53.857281], [106.927148, 53.884334], [106.996498, 53.849788], [107.052825, 53.844827], [107.119178, 53.857927], [107.158658, 53.89361], [107.171371, 53.951849], [107.234003, 53.99934], [107.346554, 54.03603], [107.456005, 54.104501], [107.562148, 54.204754], [107.657129, 54.264595], [107.78291, 54.293792], [108.021241, 54.246457], [108.106611, 54.199948], [108.11829, 54.138401], [108.088162, 54.081764], [107.980107, 54.004146]], [[122.0, 60.58560028258906], [121.653381, 60.597542], [121.424764, 60.6425], [121.161835, 60.622347], [120.864489, 60.53708], [120.700364, 60.472537], [120.653855, 60.406701]]]}}, {"type": "Feature", "properties": {"scalerank": 6, "featurecla": "River", "name": "Lom", "note": null, "min_zoom": 5.0, "name_alt": null, "name_en": "Lom", "min_label": 6.0}, "geometry": {"type": "LineString", "coordinates": [[14.665286, 6.698403], [14.704767, 6.660989], [14.687404, 6.584741], [14.595833, 6.393331], [14.471344, 6.302251], [14.430623, 6.222411], [14.432174, 6.123503], [14.417188, 6.041595], [14.385665, 5.97669], [14.31368, 5.92615], [14.201335, 5.889873], [14.130125, 5.814167], [14.100256, 5.699032], [14.066563, 5.640018], [14.029253, 5.637201], [13.990805, 5.606764], [13.951428, 5.548731], [13.909673, 5.52248], [13.865748, 5.528009], [13.848488, 5.498838], [13.857997, 5.434966], [13.801308, 5.372308], [13.678421, 5.310839], [13.594757, 5.29947], [13.528198, 5.357503], [13.465876, 5.381377], [13.422778, 5.36205], [13.378026, 5.307428], [13.364229, 5.233738], [13.381282, 5.140927], [13.359423, 5.055764], [13.298755, 4.978249], [13.232815, 4.937993], [13.126052, 4.933472]]}}, {"type": "Feature", "properties": {"scalerank": 5, "featurecla": "River", "name": "Lower Tunguska", "note": null, "min_zoom": 4.7, "name_alt": "Nizhnyaya Tunguska", "name_en": "Nizhnyaya Tunguska", "min_label": 5.7}, "geometry": {"type": "MultiLineString", "coordinates": [[[105.688671, 58.068291], [105.80856, 57.999716], [105.87698, 57.982301], [105.962246, 57.998631], [106.199234, 58.027518], [106.319433, 58.010671], [106.401909, 57.957651], [106.533942, 57.90768], [106.889941, 57.82629], [107.057321, 57.803966], [107.173438, 57.804637], [107.238447, 57.828305], [107.316943, 57.826755], [107.409031, 57.800038], [107.503547, 57.815799], [107.600389, 57.874039], [107.686688, 57.901634], [107.762446, 57.898533], [107.891844, 57.961139], [108.074882, 58.089452], [108.194564, 58.152006], [108.250892, 58.148854], [108.341532, 58.211383], [108.466692, 58.339695], [108.50638, 58.43478], [108.460595, 58.496636], [108.457701, 58.546866], [108.497698, 58.585417], [108.483849, 58.643604], [108.416256, 58.721429], [108.405507, 58.780831], [108.451603, 58.82181], [108.465762, 58.903175], [108.448089, 59.024873], [108.392433, 59.126055], [108.252132, 59.246978], [108.133896, 59.395109], [108.073848, 59.446036], [108.03261, 59.449136], [108.023102, 59.484845], [108.045323, 59.553109], [108.017831, 59.610393], [107.940626, 59.656643], [107.962537, 59.725812], [108.083563, 59.817899], [108.099273, 59.89345], [108.090695, 59.936032], [108.103614, 60.001635], [108.094002, 60.051425], [108.062066, 60.085377], [108.061549, 60.122868], [108.037881, 60.204956], [107.897218, 60.246245], [107.819083, 60.292212], [107.80327, 60.342906], [107.811073, 60.391043], [107.842338, 60.436673], [107.840942, 60.492949], [107.872413, 60.524161], [107.895461, 60.553927], [107.893291, 60.593046], [107.86585, 60.623793], [107.866626, 60.679087], [107.89081, 60.720583], [107.955819, 60.840369], [107.980469, 60.914112], [107.964811, 60.94181], [107.929671, 60.955556], [107.874997, 60.955349], [107.853706, 60.994727], [107.865902, 61.073688], [107.90869, 61.117303], [107.982071, 61.125546], [108.007392, 61.144795], [107.98481, 61.175129], [107.959023, 61.230552], [107.967188, 61.268845], [108.029303, 61.327497], [108.036279, 61.378838], [107.98822, 61.422918], [107.978143, 61.466894], [108.005945, 61.510819], [108.007702, 61.552264], [108.052816, 61.596887], [108.084907, 61.635385], [108.072091, 61.67391], [108.039948, 61.699568], [108.012973, 61.729204], [108.000261, 61.751735], [108.014317, 61.81509], [108.03354, 61.879272], [108.047803, 61.929347], [108.088524, 61.970998], [108.223038, 62.034198], [108.245362, 62.08466], [108.220506, 62.135174], [108.22464, 62.19083], [108.279417, 62.25589], [108.289752, 62.332733], [108.255749, 62.421358], [108.224537, 62.467505], [108.196218, 62.471123], [108.178958, 62.450659], [108.172653, 62.406114], [108.139684, 62.372524], [108.080101, 62.349941], [108.020931, 62.355264], [107.962124, 62.388389], [107.922178, 62.442468], [107.950135, 62.527476], [108.062479, 62.583467], [108.406541, 62.640518], [108.586685, 62.680722], [108.602705, 62.704028], [108.594953, 62.728652], [108.563224, 62.754568], [108.44473, 62.762526], [108.239316, 62.752552], [108.170276, 62.778907], [108.237456, 62.841488], [108.365613, 62.877558], [108.554852, 62.887014], [108.591956, 62.918976], [108.551648, 62.948096], [108.47124, 62.954762], [108.368662, 62.960834], [108.317451, 62.974244], [108.187846, 62.972746], [108.119272, 62.990161], [108.111727, 63.026437], [108.144025, 63.063645], [108.216062, 63.10173], [108.21849, 63.143045], [108.151208, 63.187513], [108.078292, 63.202964], [107.999744, 63.189347], [107.949308, 63.147567], [107.92688, 63.077597], [107.886883, 63.054394], [107.829109, 63.077959], [107.805234, 63.110722], [107.815259, 63.152683], [107.772058, 63.165809], [107.675733, 63.150177], [107.610517, 63.158781], [107.576307, 63.191595], [107.524631, 63.210147], [107.455281, 63.214385], [107.421588, 63.236476], [107.372496, 63.271978], [107.278341, 63.303837], [106.829376, 63.333964], [106.809222, 63.349519], [106.838678, 63.379594], [106.917846, 63.42432], [106.924668, 63.470855], [106.859142, 63.519172], [106.740699, 63.537621], [106.569237, 63.5262], [106.441183, 63.494833], [106.356537, 63.44357], [106.266103, 63.437084], [106.17231, 63.445249], [106.099395, 63.419695], [106.069629, 63.374633], [106.025808, 63.366985], [105.817965, 63.39241], [105.645883, 63.381067], [105.50956, 63.33293], [105.385175, 63.326678], [105.272624, 63.362231], [105.183172, 63.407913], [105.116716, 63.463775], [104.774515, 63.51726], [104.156568, 63.568368], [103.806512, 63.624902], [103.724553, 63.686966], [103.705123, 63.734095], [103.637168, 63.785358], [103.486635, 63.820317], [103.271454, 63.899433], [103.030125, 64.032474], [102.830757, 64.102961], [102.673558, 64.110816], [102.539302, 64.097742], [102.372697, 64.04653], [101.993651, 64.093659], [101.783896, 64.140452], [101.617188, 64.202619], [101.43167, 64.20156], [101.227548, 64.137222], [101.023012, 64.130401], [100.818064, 64.181044], [100.670786, 64.199983], [100.581179, 64.187219], [100.487334, 64.211223], [100.389356, 64.271995], [100.277838, 64.29406], [100.152678, 64.277472], [100.036509, 64.231997], [99.929229, 64.157738], [99.443057, 64.1319], [98.57789, 64.154586], [98.12443, 64.154017], [98.082572, 64.130143], [98.097093, 64.100687], [98.167889, 64.065599], [98.18856, 64.02958], [98.159001, 63.992683], [98.073322, 63.960489], [97.931625, 63.933049], [97.906407, 63.888788], [97.997667, 63.827732], [98.02981, 63.785254], [98.002835, 63.761328], [97.779851, 63.774712], [97.360962, 63.825458], [96.992716, 63.836827], [96.675061, 63.808819], [96.476416, 63.818095], [96.396628, 63.864603], [96.271158, 63.892224], [96.100109, 63.900906], [95.887202, 63.945348], [95.632437, 64.025498], [95.429349, 64.058984], [95.27773, 64.045755], [95.077742, 64.079396], [94.829179, 64.159934], [94.518913, 64.190656], [94.146946, 64.171587], [93.713794, 64.232359], [93.219664, 64.373022], [92.831161, 64.437928], [92.548284, 64.426972], [92.382454, 64.403589], [92.333569, 64.367777], [92.251868, 64.365529], [92.080096, 64.412451]], [[87.961174, 65.775985], [88.131706, 65.830039], [88.228031, 65.843837], [88.306889, 65.835413], [88.386058, 65.855412], [88.465536, 65.90373], [88.615553, 65.941505], [88.836211, 65.968687], [89.210917, 65.90435], [89.739773, 65.748442], [90.017638, 65.656122], [90.044613, 65.627338], [90.035053, 65.58238], [89.988957, 65.521272], [89.974488, 65.399264], [89.991748, 65.216433], [90.045698, 65.116207], [90.136545, 65.098559], [90.212458, 65.06559], [90.273539, 65.017272], [90.303512, 64.956449], [90.302323, 64.883172], [90.336533, 64.831082], [90.405986, 64.800154], [90.51368, 64.781757], [90.659717, 64.775917], [90.824255, 64.71804], [91.007396, 64.608124], [91.344585, 64.517716], [92.081439, 64.411263]]]}}, {"type": "Feature", "properties": {"scalerank": 2, "featurecla": "River", "name": "Lualaba", "note": null, "min_zoom": 2.1, "name_alt": "Congo", "name_en": "Congo", "min_label": 3.1}, "geometry": {"type": "MultiLineString", "coordinates": [[[26.930481, -5.610252], [27.002879, -5.378121], [27.013886, -5.28593], [26.987738, -5.256216], [26.958851, -5.122633], [26.927328, -4.885128], [26.878908, -4.73139], [26.813485, -4.661524], [26.652151, -4.550161], [26.394699, -4.397199], [26.199104, -4.250438], [26.065262, -4.109878], [26.01219, -3.958363], [26.039889, -3.795892], [26.0125, -3.649441], [25.930025, -3.51901], [25.904187, -3.362533], [25.934986, -3.180012], [25.948732, -3.022503], [25.945528, -2.890108], [25.926924, -2.804118], [25.876178, -2.744742]], [[25.876178, -2.752235], [25.788225, -2.456594], [25.784917, -2.112946], [25.837111, -1.622795], [25.817784, -1.286381], [25.681565, -1.012341], [25.534287, -0.815971], [25.464524, -0.682077], [25.423286, -0.545238], [25.443491, -0.385971], [25.525243, -0.204483], [25.553614, -0.035605], [25.528602, 0.120665], [25.489432, 0.23549], [25.409436, 0.345664], [25.255337, 0.459249], [25.136378, 0.507463], [24.9336, 0.538572], [24.790766, 0.576813], [24.690204, 0.627972], [24.584267, 0.704763], [24.471613, 0.752771], [24.292295, 0.78171]]]}}, {"type": "Feature", "properties": {"scalerank": 6, "featurecla": "River", "name": "Mahäna Nadï", "note": null, "min_zoom": 5.0, "name_alt": null, "name_en": "Mahäna Nadï", "min_label": 6.0}, "geometry": {"type": "MultiLineString", "coordinates": [[[80.625291, 20.599027], [80.630407, 20.714808], [80.664875, 20.764624], [80.76306, 20.798266], [80.888789, 20.970271], [81.00594, 21.046235], [81.156421, 21.083468], [81.271091, 21.219997], [81.34995, 21.455797], [81.427723, 21.58814], [81.542651, 21.631548], [81.641146, 21.589897], [81.680679, 21.621575], [81.694011, 21.71268], [81.745274, 21.764072], [81.834468, 21.775751], [81.920354, 21.808798], [82.002933, 21.863162], [82.114347, 21.847556], [82.254597, 21.761876], [82.376192, 21.72777], [82.479028, 21.745133], [82.722786, 21.739138], [83.29965, 21.695162]], [[83.856618, 21.520444], [83.949222, 21.453859], [83.942608, 21.337432], [83.829953, 21.054736], [83.83202, 20.96177], [83.865713, 20.907045], [83.931756, 20.859606], [84.046374, 20.846118], [84.209775, 20.866582], [84.309717, 20.846945], [84.346304, 20.787233], [84.444179, 20.729536], [84.603343, 20.673881], [84.707522, 20.61484], [84.756615, 20.552441], [84.92198, 20.480094], [85.344383, 20.356691], [85.665448, 20.442732], [85.832208, 20.445212], [85.951581, 20.392864], [86.048164, 20.310802], [86.1587, 20.143138], [86.17658, 20.093787], [86.245206, 20.05304]]]}}, {"type": "Feature", "properties": {"scalerank": 4, "featurecla": "River", "name": "Malyy Yenisey", "note": null, "min_zoom": 4.0, "name_alt": null, "name_en": "Malyy Yenisey", "min_label": 5.0}, "geometry": {"type": "LineString", "coordinates": [[95.780025, 51.294983], [95.558488, 51.475721], [95.229671, 51.585379], [94.464756, 51.73369]]}}, {"type": "Feature", "properties": {"scalerank": 2, "featurecla": "River", "name": "Maquan", "note": null, "min_zoom": 2.1, "name_alt": "Damqogkanbab", "name_en": "Damqogkanbab", "min_label": 3.1}, "geometry": {"type": "LineString", "coordinates": [[82.40048, 30.411477], [82.722734, 30.365046], [82.825157, 30.371015], [82.885773, 30.335668], [82.938793, 30.261047], [83.164257, 30.12612], [83.761017, 29.833321], [83.925348, 29.76069], [83.982502, 29.710642], [83.987153, 29.658965], [84.013921, 29.617417], [84.062704, 29.585921], [84.188691, 29.555276], [84.391779, 29.525459], [84.501127, 29.451949], [84.51663, 29.334747], [84.634245, 29.253667], [84.85387, 29.208605], [85.014067, 29.220956], [85.114629, 29.290719], [85.225837, 29.312785], [85.408668, 29.274389], [85.591913, 29.204058], [85.867142, 29.195247], [86.295332, 29.224547], [86.734479, 29.208863], [87.184374, 29.148195], [87.472108, 29.126284], [87.66021, 29.151528]]}}, {"type": "Feature", "properties": {"scalerank": 2, "featurecla": "River", "name": "Mekong", "note": null, "min_zoom": 2.1, "name_alt": null, "name_en": "Mekong", "min_label": 3.1}, "geometry": {"type": "MultiLineString", "coordinates": [[[104.951145, 11.590921], [104.9513, 11.50829], [104.976156, 11.471548], [105.025662, 11.453229], [105.041268, 11.427675], [105.022872, 11.394912], [105.044059, 11.211874], [105.104934, 10.878561], [105.311019, 10.535171], [105.830988, 10.000734]], [[104.951145, 11.590921], [105.181053, 11.446278], [105.266164, 11.356413], [105.282184, 11.274144], [105.266061, 11.180351], [105.217795, 11.074983], [105.199088, 10.978038], [105.210044, 10.889517], [105.248594, 10.825128], [105.314843, 10.784846], [105.357683, 10.723325], [105.377217, 10.640591], [105.49013, 10.529332], [105.696526, 10.389599], [105.87946, 10.299191], [105.930981, 10.28361], [106.136395, 10.221702]], [[101.563651, 17.820515], [101.687468, 17.889399], [101.744105, 17.952703], [101.774801, 18.033422], [101.818623, 18.064634], [101.875467, 18.046418], [101.947452, 18.081481], [102.034578, 18.169847], [102.101499, 18.210646], [102.148215, 18.203876], [102.231672, 18.14897], [102.351872, 18.045927], [102.45879, 17.984639], [102.552531, 17.965105], [102.598213, 17.926761], [102.596043, 17.869607], [102.616817, 17.83333], [102.660638, 17.817957], [102.680069, 17.824106], [102.675211, 17.851753], [102.717638, 17.892242], [102.807451, 17.945572], [102.89866, 17.976888], [102.991368, 17.986241], [103.051312, 18.028512], [103.0912, 18.138253]], [[103.09038, 18.137059], [103.0912, 18.138253]], [[103.0912, 18.138253], [103.092343, 18.141399]], [[103.0912, 18.138253], [103.148516, 18.22173], [103.199675, 18.259454], [103.263186, 18.278471], [103.279619, 18.304981], [103.248923, 18.338984], [103.251713, 18.373478], [103.288249, 18.408412], [103.366952, 18.42332], [103.487978, 18.418153], [103.629675, 18.382548], [103.792249, 18.316479], [103.898857, 18.295292], [103.949552, 18.319011], [104.048719, 18.216718], [104.196204, 17.98836], [104.322656, 17.815812], [104.428179, 17.698972], [104.539232, 17.609287], [104.655917, 17.546733], [104.739685, 17.461673], [104.816062, 17.300288], [104.759012, 17.077149], [104.743509, 16.88437], [104.75064, 16.647537], [104.81937, 16.466075], [104.949904, 16.339933], [105.025765, 16.238001], [105.047159, 16.160254], [105.148755, 16.09354], [105.330656, 16.03791], [105.406311, 15.987448], [105.375615, 15.94218], [105.373186, 15.889676], [105.398921, 15.829861], [105.462018, 15.780407], [105.562373, 15.741262], [105.622111, 15.699972], [105.641025, 15.656538], [105.638906, 15.585948], [105.615652, 15.488254], [105.573742, 15.41322], [105.513178, 15.360871], [105.520309, 15.331054], [105.59524, 15.323794], [105.66614, 15.273332], [105.781688, 15.120524], [105.868091, 15.032855], [105.906539, 14.944359], [105.925866, 14.825762], [105.914755, 14.712901], [105.873311, 14.605724], [105.859513, 14.494619], [105.873259, 14.379691], [105.864112, 14.267372], [105.831969, 14.157715], [105.855172, 14.070098], [105.93372, 14.00452], [105.980539, 13.947934], [105.995732, 13.900289], [105.996249, 13.852023], [105.982296, 13.803085], [105.990668, 13.751771], [106.021467, 13.698105], [106.00462, 13.60935], [105.940025, 13.485534], [105.918166, 13.405229], [105.949327, 13.35009], [106.022655, 13.195836], [106.025033, 13.060753], [105.980901, 12.893374], [105.978369, 12.68256], [106.01754, 12.428311], [105.98457, 12.289431], [105.879667, 12.265892], [105.763395, 12.26411], [105.635754, 12.284108], [105.543357, 12.20432], [105.486099, 12.024796], [105.388947, 11.936378], [105.252005, 11.938961], [105.168031, 11.9201], [105.137128, 11.879792], [105.089586, 11.8546], [105.025352, 11.844523], [105.000031, 11.821553], [105.013363, 11.785689], [105.001788, 11.747061], [104.965097, 11.705694], [104.948199, 11.662493], [104.951145, 11.590921]]]}}, {"type": "Feature", "properties": {"scalerank": 6, "featurecla": "River", "name": "Min", "note": null, "min_zoom": 5.0, "name_alt": null, "name_en": "Min", "min_label": 6.0}, "geometry": {"type": "LineString", "coordinates": [[103.71923, 29.537035], [103.767134, 29.516519], [103.83173, 29.386062], [103.865888, 29.315782], [103.857103, 29.290461], [103.925729, 29.223927], [104.144786, 29.062335], [104.250516, 28.996292], [104.291185, 28.948208], [104.302037, 28.89604], [104.38043, 28.848575], [104.620364, 28.779355]]}}, {"type": "Feature", "properties": {"scalerank": 5, "featurecla": "River", "name": "Mouhoun", "note": null, "min_zoom": 4.7, "name_alt": "Black Volta", "name_en": "Black Volta", "min_label": 5.7}, "geometry": {"type": "LineString", "coordinates": [[-5.263162, 11.138804], [-5.18482, 11.124489], [-5.125625, 11.154384], [-5.059479, 11.223734], [-4.989535, 11.264352], [-4.878947, 11.28218], [-4.714616, 11.406022], [-4.638549, 11.432016], [-4.595915, 11.401527], [-4.539433, 11.413309], [-4.469102, 11.467388], [-4.381613, 11.507412], [-4.27702, 11.533302], [-4.123955, 11.696728], [-3.922391, 11.997666], [-3.819555, 12.176208], [-3.815446, 12.23238], [-3.784079, 12.295684], [-3.725374, 12.366067], [-3.666463, 12.401362], [-3.607371, 12.401517], [-3.56864, 12.47712], [-3.550243, 12.628118], [-3.51071, 12.714935], [-3.450042, 12.737569], [-3.405962, 12.720309], [-3.378522, 12.663258], [-3.33576, 12.645275], [-3.277753, 12.666359], [-3.248633, 12.640107], [-3.248478, 12.56652], [-3.207551, 12.499883], [-3.12585, 12.440145], [-3.022911, 12.397435], [-2.898706, 12.3717], [-2.849304, 12.338524], [-2.874625, 12.297906], [-2.86367, 12.235429], [-2.816386, 12.151197], [-2.823905, 12.097867], [-2.886175, 12.075465], [-2.895709, 12.018595], [-2.852559, 11.927231], [-2.854161, 11.860568], [-2.900567, 11.818607], [-2.8831, 11.779436], [-2.801813, 11.742953], [-2.790496, 11.606217], [-2.849097, 11.369125], [-2.857779, 11.242363], [-2.816541, 11.225878], [-2.804449, 11.165339], [-2.830054, 11.00845], [-2.907336, 10.727976], [-2.914881, 10.592325], [-2.878398, 10.507938], [-2.837211, 10.454659], [-2.791168, 10.432438], [-2.78662, 10.401898], [-2.823466, 10.362934], [-2.820313, 10.322833], [-2.777112, 10.281595], [-2.766518, 10.238161], [-2.788481, 10.192582], [-2.78321, 10.08308], [-2.750731, 9.909654], [-2.749827, 9.797232], [-2.780522, 9.74584], [-2.76595, 9.658067], [-2.706186, 9.53394], [-2.68611, 9.431724], [-2.705747, 9.351393], [-2.701793, 9.301681], [-2.674224, 9.282612], [-2.68921, 9.218611], [-2.746674, 9.109625], [-2.746933, 9.045133], [-2.689882, 9.025083], [-2.649213, 8.956611], [-2.624925, 8.839616], [-2.557048, 8.731121], [-2.445556, 8.631076], [-2.363649, 8.513951], [-2.311352, 8.379696], [-2.246705, 8.273836], [-2.169655, 8.196373], [-2.087412, 8.160484], [-1.999898, 8.166169], [-1.934889, 8.191774], [-1.892385, 8.237275], [-1.845024, 8.254716], [-1.792753, 8.244071], [-1.767613, 8.260426], [-1.769525, 8.303731], [-1.797378, 8.327967], [-1.85107, 8.333187], [-1.886779, 8.356519], [-1.904478, 8.397989], [-1.899362, 8.469974], [-1.871405, 8.5725], [-1.821279, 8.625469], [-1.712836, 8.630585]]}}, {"type": "Feature", "properties": {"scalerank": 6, "featurecla": "River", "name": "Nakanbé", "note": null, "min_zoom": 5.0, "name_alt": "White Volta", "name_en": "White Volta", "min_label": 6.0}, "geometry": {"type": "LineString", "coordinates": [[-2.082736, 14.010101], [-2.055425, 13.680509], [-2.107773, 13.565942], [-2.104491, 13.473467], [-2.063099, 13.364869], [-2.069145, 13.253171], [-2.122578, 13.138346], [-2.134541, 13.06804], [-2.104982, 13.042305], [-1.989201, 13.038119], [-1.787146, 13.055482], [-1.627776, 13.031582], [-1.511091, 12.966418], [-1.410839, 12.945928], [-1.327071, 12.970165], [-1.262036, 12.961767], [-1.215812, 12.920788], [-1.182946, 12.83609], [-1.163438, 12.7077], [-1.140881, 12.651218], [-1.115249, 12.666617], [-1.095819, 12.657677], [-1.082538, 12.624346], [-1.091788, 12.333253], [-1.044814, 12.152799], [-0.940221, 11.974928], [-0.857849, 11.86708], [-0.79762, 11.829304], [-0.770929, 11.753753], [-0.777751, 11.640478], [-0.72362, 11.55746], [-0.608536, 11.504699], [-0.533812, 11.453771], [-0.499473, 11.404679], [-0.492187, 11.370004], [-0.51203, 11.349747], [-0.483195, 11.290939], [-0.405732, 11.193581], [-0.372607, 11.081339], [-0.383769, 10.95419], [-0.374313, 10.866986], [-0.344315, 10.819805], [-0.339121, 10.783993], [-0.35881, 10.759602], [-0.360515, 10.720018], [-0.336124, 10.637904], [-0.608459, 10.545739], [-0.700391, 10.546075], [-0.702691, 10.608138], [-0.724214, 10.6401], [-0.764883, 10.641935], [-0.816818, 10.604056], [-0.879915, 10.526438], [-0.936992, 10.499204], [-0.987996, 10.522355], [-1.026934, 10.521632], [-1.053858, 10.497034], [-1.067113, 10.445409], [-1.066751, 10.366809], [-1.050447, 10.302653], [-1.018253, 10.252992], [-1.024015, 10.205682], [-1.067785, 10.160724], [-1.069955, 10.116825], [-1.030552, 10.074011], [-0.999649, 9.960891], [-0.977325, 9.777466], [-1.020837, 9.695662], [-1.130132, 9.71548], [-1.237283, 9.686282], [-1.342238, 9.608148], [-1.385181, 9.522985], [-1.366113, 9.430794], [-1.327536, 9.358964], [-1.269504, 9.307468], [-1.242167, 9.254242], [-1.245577, 9.19931], [-1.223408, 9.158046], [-1.151707, 9.116601]]}}, {"type": "Feature", "properties": {"scalerank": 4, "featurecla": "River", "name": "Nanpan", "note": null, "min_zoom": 4.0, "name_alt": null, "name_en": "Nanpan", "min_label": 5.0}, "geometry": {"type": "LineString", "coordinates": [[103.921647, 25.878912], [103.854571, 25.801164], [103.835657, 25.72489], [103.845889, 25.57384], [103.882993, 25.341451], [103.866766, 25.218874], [103.809612, 25.128544], [103.712719, 25.047825], [103.487771, 24.939098], [103.447567, 24.934964], [103.415631, 24.955273], [103.39217, 24.999973], [103.326438, 25.012789], [103.218537, 24.993669], [103.164742, 24.943723], [103.165052, 24.863005], [103.131514, 24.77394], [103.064025, 24.676582], [103.052811, 24.608653], [103.097769, 24.570128], [103.104849, 24.519951], [103.074153, 24.458146], [103.080458, 24.321384], [103.14557, 24.003806], [103.16929, 23.87012], [103.195283, 23.817823], [103.231611, 23.802372], [103.262359, 23.809684], [103.287577, 23.83976], [103.375737, 23.863247], [103.526735, 23.880196], [103.610245, 23.915905], [103.626264, 23.970372], [103.61934, 24.02011], [103.589677, 24.065146], [103.590814, 24.109588], [103.62275, 24.153461], [103.674478, 24.184881], [103.745895, 24.203846], [103.825012, 24.270457], [103.911828, 24.384739], [103.987328, 24.441738], [104.05151, 24.441454], [104.150935, 24.471582], [104.352938, 24.562429], [104.53732, 24.741177], [104.681187, 24.658805], [104.799939, 24.672861], [104.941429, 24.755879], [105.056255, 24.850215], [105.144415, 24.955893], [105.20808, 24.991059], [105.247354, 24.95579], [105.307919, 24.937135], [105.389671, 24.935067], [105.450029, 24.904863], [105.488993, 24.846546], [105.582631, 24.789805], [105.731149, 24.734615], [105.833055, 24.712445], [105.888452, 24.723246], [105.942195, 24.706942], [105.994388, 24.663534], [106.065082, 24.688829], [106.154482, 24.782803], [106.188175, 24.86241], [106.166368, 24.927678], [106.230653, 24.979225], [106.381238, 25.017078], [106.508982, 25.070356], [106.613989, 25.139086], [106.742456, 25.188747], [106.873921, 25.215205], [106.943633, 25.224688]]}}, {"type": "Feature", "properties": {"scalerank": 6, "featurecla": "River", "name": "Narmada", "note": null, "min_zoom": 5.0, "name_alt": null, "name_en": "Narmada", "min_label": 6.0}, "geometry": {"type": "LineString", "coordinates": [[81.574277, 22.753754], [81.280135, 22.87726], [81.096477, 22.955705], [81.026713, 22.968986], [81.009557, 22.943251], [80.97297, 22.936068], [80.917056, 22.947333], [80.877265, 22.978598], [80.853701, 23.029783], [80.8321, 23.040351], [80.81236, 23.010224], [80.731693, 22.984644], [80.589996, 22.96356], [80.508554, 22.925319], [80.487367, 22.870026], [80.483956, 22.787627], [80.498322, 22.678151], [80.486488, 22.611075], [80.448351, 22.586374], [80.410679, 22.583531], [80.373368, 22.602445], [80.333216, 22.657842], [80.290324, 22.749645], [80.216582, 22.790392], [80.059847, 22.774838], [79.962592, 22.851655], [79.932723, 22.933898], [79.937788, 23.047172], [79.83428, 23.112078], [79.622096, 23.128563], [79.418595, 23.121612], [79.223774, 23.091175], [79.116236, 23.060789], [79.095875, 23.030481], [78.99707, 23.023608], [78.819613, 23.040248], [78.671715, 23.037871], [78.553273, 23.016477], [78.442013, 22.970226], [78.337937, 22.899145], [78.257167, 22.868346], [78.199806, 22.877777], [78.158413, 22.85907], [78.133092, 22.812174], [78.074904, 22.793648], [77.98385, 22.803415], [77.91879, 22.824628], [77.879722, 22.857236], [77.790219, 22.825325], [77.650279, 22.728949], [77.456751, 22.639084], [77.086075, 22.514156], [76.884021, 22.457699], [76.803199, 22.406643], [76.77643, 22.342202], [76.713592, 22.289157], [76.614786, 22.247583], [76.529727, 22.254094], [76.45831, 22.308664], [76.305555, 22.298923], [76.071357, 22.224897], [75.607509, 22.14609], [74.567366, 22.020723], [74.466442, 22.034779], [74.38686, 22.012068], [74.29498, 21.957239], [74.202014, 21.93246], [74.108066, 21.937731], [73.984818, 21.914218], [73.832372, 21.861922], [73.702923, 21.87174], [73.596469, 21.943751], [73.518335, 21.981449], [73.468519, 21.98486], [73.416894, 21.961373], [73.36346, 21.911014], [73.310544, 21.896803], [73.258144, 21.918714], [73.235251, 21.908379], [73.241866, 21.86572], [73.217888, 21.844274], [73.163421, 21.844016], [73.134999, 21.821356], [73.137324, 21.783477], [73.112468, 21.750456]]}}, {"type": "Feature", "properties": {"scalerank": 5, "featurecla": "River", "name": "Naryn", "note": null, "min_zoom": 4.7, "name_alt": null, "name_en": "Naryn", "min_label": 5.7}, "geometry": {"type": "MultiLineString", "coordinates": [[[72.653685, 41.667431], [72.34931, 41.497467], [72.222083, 41.376028], [72.17051, 41.246372], [72.053204, 41.117129], [71.870166, 40.988248], [71.597005, 40.906599], [71.23372, 40.872286], [71.101221, 40.841797], [71.061534, 40.821953], [71.026394, 40.808621], [70.964795, 40.796218], [70.863406, 40.756376], [70.698352, 40.661162], [70.355013, 40.435362]], [[77.737199, 41.87964], [77.977649, 41.868685], [78.018628, 41.836258], [77.901116, 41.749907], [77.76283, 41.623765], [77.673068, 41.566559], [77.585735, 41.536276], [77.278208, 41.517569], [76.750385, 41.510438], [76.387772, 41.492455], [76.091511, 41.449305], [75.881911, 41.459433], [75.746984, 41.441941], [75.616863, 41.400212], [75.477905, 41.396595], [75.330214, 41.431037], [75.066044, 41.446411], [74.685602, 41.44269], [74.435798, 41.423854], [74.316839, 41.389903], [74.179896, 41.400497], [74.02497, 41.455609], [73.945802, 41.518965], [73.942185, 41.590588], [73.922393, 41.649474], [73.886322, 41.695621], [73.797284, 41.74014], [73.655174, 41.783083], [73.512599, 41.797397], [73.297883, 41.776003]]]}}, {"type": "Feature", "properties": {"scalerank": 4, "featurecla": "River", "name": "Nederrijn", "note": null, "min_zoom": 4.0, "name_alt": null, "name_en": "Nederrijn", "min_label": 5.0}, "geometry": {"type": "LineString", "coordinates": [[6.038629, 51.872183], [5.922461, 51.96055], [5.747484, 51.981375], [5.331075, 51.962978]]}}, {"type": "Feature", "properties": {"scalerank": 5, "featurecla": "River", "name": "Neva", "note": null, "min_zoom": 4.7, "name_alt": null, "name_en": "Neva", "min_label": 5.7}, "geometry": {"type": "LineString", "coordinates": [[31.042788, 59.950992], [31.013539, 59.932569], [30.981551, 59.882237], [30.905742, 59.843169], [30.795051, 59.810923], [30.652217, 59.835469], [30.477448, 59.916886], [30.34743, 59.947246], [30.219685, 59.91624], [30.156847, 59.904277]]}}, {"type": "Feature", "properties": {"scalerank": 3, "featurecla": "River", "name": "Niger", "note": null, "min_zoom": 3.0, "name_alt": null, "name_en": "Niger", "min_label": 4.0}, "geometry": {"type": "MultiLineString", "coordinates": [[[6.265799, 4.991427], [6.223682, 4.919132], [6.131182, 4.844046], [6.077542, 4.709868], [6.055372, 4.419886], [6.07656, 4.290643]], [[6.265799, 4.991427], [6.270966, 4.432107]], [[6.454831, 5.3628], [6.373803, 5.345695], [6.302334, 5.316032], [6.240426, 5.273813], [6.209678, 5.235443], [6.210092, 5.200975], [6.170301, 5.163949], [6.090202, 5.124416], [5.992172, 5.130437], [5.876107, 5.18201], [5.737562, 5.191415], [5.475976, 5.153846]], [[6.454831, 5.3628], [6.393956, 5.300969], [6.348584, 5.256269], [6.330394, 5.220819], [6.333495, 5.195549], [6.357783, 5.180382], [6.353649, 5.153226], [6.320989, 5.114107], [6.291844, 5.094831], [6.266109, 5.095452], [6.257427, 5.060983], [6.265799, 4.991427]], [[6.556944, 5.542246], [6.60614, 5.385615], [6.587485, 5.301175], [6.522476, 5.235314], [6.474365, 5.156481], [6.443152, 5.064704], [6.460516, 5.002589], [6.526455, 4.970136], [6.57255, 4.907814], [6.598802, 4.815624], [6.642933, 4.729117], [6.708769, 4.607471], [6.715177, 4.500578], [6.710061, 4.451641], [6.710061, 4.424588], [6.715177, 4.342423]], [[-10.732078, 9.089911], [-10.664951, 9.153757], [-10.621749, 9.235044], [-10.580124, 9.355114], [-10.583405, 9.45286], [-10.655701, 9.56598], [-10.642006, 9.750387], [-10.684484, 9.915054], [-10.778561, 10.12145], [-10.815717, 10.247747], [-10.79595, 10.29392], [-10.746651, 10.321799], [-10.667793, 10.331411], [-10.633686, 10.358593], [-10.644228, 10.403267], [-10.613378, 10.425617], [-10.541031, 10.425617], [-10.480983, 10.451533], [-10.433208, 10.503364], [-10.363057, 10.524009], [-10.270556, 10.513467], [-10.21826, 10.490936], [-10.198623, 10.477552], [-10.17405, 10.471609], [-10.151184, 10.48241], [-10.053257, 10.568683], [-9.970006, 10.608397], [-9.901431, 10.601524], [-9.86593, 10.624778], [-9.848231, 10.642477], [-9.801386, 10.66245], [-9.658346, 10.678367], [-9.535459, 10.780634], [-9.432571, 10.969253], [-9.343378, 11.064803], [-9.267827, 11.067283], [-9.198684, 11.097101], [-9.135897, 11.154332], [-9.116518, 11.239469], [-9.140496, 11.352486], [-9.088897, 11.41858], [-8.961773, 11.4377], [-8.851883, 11.504931], [-8.759176, 11.620247], [-8.650965, 11.718872], [-8.5272, 11.80083], [-8.432684, 11.904881], [-8.367417, 12.030997], [-8.281427, 12.143652], [-8.174715, 12.242793], [-8.098079, 12.374723], [-8.051415, 12.53939], [-7.96434, 12.626516], [-7.836855, 12.636051], [-7.666374, 12.746664], [-7.452925, 12.958331], [-7.279059, 13.104007], [-7.077676, 13.223534], [-6.949209, 13.324768], [-6.787926, 13.361769], [-6.550912, 13.368228], [-6.367332, 13.409053], [-6.237159, 13.484294], [-6.146105, 13.571988], [-6.094119, 13.672241], [-6.021151, 13.710326], [-5.902451, 13.718698], [-5.785249, 13.745234], [-5.595364, 13.887111], [-5.435167, 13.961732], [-5.304684, 13.969173], [-5.214146, 14.008138], [-5.163555, 14.078624], [-4.996201, 14.154666], [-4.712136, 14.236289], [-4.548993, 14.266365], [-4.48693, 14.274323], [-4.41448, 14.313313], [-4.200539, 14.550714], [-4.116927, 14.77176], [-4.042099, 14.884828], [-3.948151, 14.963609], [-3.920763, 15.072569], [-3.979493, 15.281186], [-3.954146, 15.290281], [-3.913683, 15.306766], [-3.85224, 15.353585], [-3.820278, 15.395236], [-3.817849, 15.431746], [-3.853454, 15.455801], [-3.927119, 15.467428], [-3.922933, 15.503524], [-3.795577, 15.602872], [-3.786766, 15.619719], [-3.860922, 15.642146], [-3.849449, 15.659665], [-3.811932, 15.673566], [-3.748396, 15.683798], [-3.71385, 15.73196], [-3.708321, 15.818053], [-3.681914, 15.872236], [-3.634682, 15.894456], [-3.597527, 15.938872], [-3.570345, 16.005457], [-3.503114, 16.046669]], [[4.625692, 9.864514], [4.644141, 9.755167], [4.631118, 9.669488], [4.592774, 9.571018], [4.586418, 9.472549], [4.612153, 9.374002], [4.654373, 9.3123], [4.71318, 9.287444], [4.749612, 9.243415], [4.763772, 9.180319], [4.829607, 9.160707], [4.94712, 9.184659], [5.056829, 9.149571], [5.158631, 9.055417], [5.291646, 8.988651], [5.455874, 8.94917], [5.604082, 8.882559], [5.802365, 8.741844], [6.019871, 8.754453], [6.158725, 8.742464], [6.291327, 8.710166], [6.384603, 8.62844], [6.43845, 8.497337], [6.521184, 8.377241], [6.632701, 8.268126], [6.715901, 8.144361], [6.770678, 8.005894], [6.776, 7.793013], [6.709803, 7.36198], [6.664379, 6.973399], [6.659573, 6.743], [6.690579, 6.440357], [6.740912, 6.202283], [6.707322, 5.977542], [6.556324, 5.541342], [6.495087, 5.464266], [6.479843, 5.421788], [6.490178, 5.388147], [6.454831, 5.3628]], [[-4.303918, 15.507012], [-4.338257, 15.620571], [-4.316966, 15.682945], [-4.251544, 15.73196], [-4.207567, 15.792783], [-4.18514, 15.865414], [-4.137856, 15.892157], [-4.065715, 15.873037], [-3.961226, 15.924506], [-3.824438, 16.046566], [-3.689356, 16.112815], [-3.555953, 16.123254], [-3.467457, 16.161029]], [[-3.503114, 16.046669], [-3.467457, 16.161029]], [[-3.467457, 16.161029], [-3.423894, 16.226245], [-3.379142, 16.261385], [-3.333305, 16.266449], [-3.310413, 16.291667], [-3.310464, 16.337039], [-3.262767, 16.385718], [-3.221839, 16.408017]], [[-3.221839, 16.408017], [-3.188973, 16.300091], [-3.187216, 16.252884], [-3.206026, 16.225341], [-3.233802, 16.20728], [-3.270518, 16.198701], [-3.302196, 16.163406], [-3.328784, 16.101395], [-3.395756, 16.062482], [-3.503114, 16.046669]], [[-3.221839, 16.408017], [-3.167217, 16.437757], [-3.106394, 16.511266], [-3.080194, 16.606325], [-3.02751, 16.650198], [-2.948264, 16.64286], [-2.742902, 16.690041], [-2.411346, 16.79174], [-2.197406, 16.837086], [-2.101029, 16.826079], [-2.042893, 16.835045], [-2.022946, 16.863984], [-1.896597, 16.91504], [-1.66395, 16.988214], [-1.448459, 17.035472], [-1.250177, 17.056814], [-1.117885, 17.047952], [-1.051532, 17.008936], [-0.964509, 16.9955], [-0.856816, 17.007748], [-0.770361, 16.992581], [-0.705145, 16.950077], [-0.600552, 16.937597], [-0.45653, 16.955167], [-0.34602, 16.872821], [-0.268996, 16.690609], [-0.20285, 16.577386], [-0.147712, 16.533151], [-0.089395, 16.425871], [0.002796, 16.170254], [0.143511, 15.983107], [0.259421, 15.872106], [0.397423, 15.774903], [0.471269, 15.679147], [0.480881, 15.584785], [0.54775, 15.510449], [0.671877, 15.456163], [0.738849, 15.409706], [0.748668, 15.371103], [0.727325, 15.282582], [0.674926, 15.144192], [0.657459, 15.045852], [0.675029, 14.987587], [0.722054, 14.947718], [0.798536, 14.926221], [0.854966, 14.860721], [0.891346, 14.751167], [0.964985, 14.63027], [1.075883, 14.497978], [1.208278, 14.38119], [1.36217, 14.279878], [1.463405, 14.146165], [1.51198, 13.980077], [1.581123, 13.846933], [1.67073, 13.746706], [1.811704, 13.650537], [2.003837, 13.558372], [2.124553, 13.475689], [2.173852, 13.402438], [2.235554, 13.343424], [2.309658, 13.29862], [2.354616, 13.176044], [2.370326, 12.975668], [2.415388, 12.818184], [2.489699, 12.703514], [2.520601, 12.627343], [2.507992, 12.589619], [2.515227, 12.551947], [2.539773, 12.528564], [2.57052, 12.530114], [2.596669, 12.551637], [2.615117, 12.551637], [2.626279, 12.531018], [2.653099, 12.522337], [2.692012, 12.530114], [2.71816, 12.51934], [2.736453, 12.467973], [2.767821, 12.43211], [2.815053, 12.419371], [2.843682, 12.399424], [3.149555, 12.118072], [3.267377, 11.991878], [3.299106, 11.927128], [3.35993, 11.880464], [3.449847, 11.851938], [3.531702, 11.787446], [3.595419, 11.696289], [3.69469, 11.619963], [3.851373, 11.569914], [4.022318, 11.483976], [4.133112, 11.390649], [4.240703, 11.261303], [4.367517, 11.169577], [4.513348, 11.115498], [4.620111, 11.044727], [4.687704, 10.95729], [4.705171, 10.836962], [4.656181, 10.607208]]]}}, {"type": "Feature", "properties": {"scalerank": 1, "featurecla": "River", "name": "Nile", "note": null, "min_zoom": 2.0, "name_alt": null, "name_en": "Nile", "min_label": 3.0}, "geometry": {"type": "MultiLineString", "coordinates": [[[32.490141, 15.63455], [32.53541, 16.040417], [32.628531, 16.256476], [32.784594, 16.41812], [32.928667, 16.507959], [33.060649, 16.525994], [33.164674, 16.566173], [33.240638, 16.628443], [33.358667, 16.685881], [33.518761, 16.738436], [33.634567, 16.824503], [33.705984, 16.944082], [33.731771, 17.028883], [33.711824, 17.078906], [33.714563, 17.151331], [33.740091, 17.246131], [33.810216, 17.378888], [33.925041, 17.549575], [33.951861, 17.698507], [33.968811, 17.792351], [33.941629, 18.107267], [33.900391, 18.278058], [33.845097, 18.304723], [33.784429, 18.363789], [33.71818, 18.45523], [33.681903, 18.554578], [33.675392, 18.661859], [33.644954, 18.723922], [33.590488, 18.740769], [33.566768, 18.847274], [33.573693, 19.043386], [33.539069, 19.173352], [33.462898, 19.237198], [33.413496, 19.307607], [33.379699, 19.42313], [33.138267, 19.502686], [33.017964, 19.510773], [32.938486, 19.473902], [32.838234, 19.3829], [32.717207, 19.237689], [32.619746, 19.160691], [32.545642, 19.151906], [32.46761, 19.08297], [32.385445, 18.953882], [32.306328, 18.889933], [32.230157, 18.891147], [32.153211, 18.864999], [32.075593, 18.811539], [32.039213, 18.743404], [32.04407, 18.660618], [32.004641, 18.606255], [31.920822, 18.58021], [31.799951, 18.45244], [31.642028, 18.222919], [31.474131, 18.077243], [31.296261, 18.015335], [31.145882, 18.001744], [31.022996, 18.03647], [30.910599, 18.087113], [30.808693, 18.153569], [30.743995, 18.256974], [30.716503, 18.397327], [30.673818, 18.499026], [30.615837, 18.561968], [30.561525, 18.660205], [30.510779, 18.793737], [30.486233, 18.987989], [30.487886, 19.243063], [30.457914, 19.471112], [30.396419, 19.672185], [30.349962, 19.786389], [30.34774, 19.821762], [30.369806, 19.856928], [30.499772, 19.914134], [30.575013, 19.967283], [30.59434, 20.015833], [30.599662, 20.098128], [30.591084, 20.214193], [30.570879, 20.29101], [30.539149, 20.328527], [30.48954, 20.350954], [30.42205, 20.358241], [30.365981, 20.416945], [30.32123, 20.527016], [30.31663, 20.615796], [30.352287, 20.683389], [30.362674, 20.734755], [30.369754, 20.774262], [30.397142, 20.805009], [30.510417, 20.840227], [30.576253, 20.900275], [30.594753, 20.985154], [30.631547, 21.043832], [30.68684, 21.076233], [30.709165, 21.120623], [30.698623, 21.176951], [30.763115, 21.249065], [30.902745, 21.336992], [30.969872, 21.399133], [30.964601, 21.435514], [30.994109, 21.49259], [31.09064, 21.609198]], [[32.879471, 23.987683], [32.913061, 24.328438], [32.912648, 24.453986], [32.889393, 24.477912], [32.891874, 24.539562], [32.919882, 24.638936], [32.920968, 24.77022], [32.895026, 24.933414], [32.870583, 25.037464], [32.847639, 25.082423], [32.767024, 25.149473], [32.628737, 25.238589], [32.540371, 25.349822], [32.502027, 25.483148], [32.492932, 25.565365], [32.523214, 25.612003], [32.704133, 25.754268], [32.764026, 25.87917], [32.763199, 26.034173], [32.734364, 26.128845], [32.677623, 26.163261], [32.553393, 26.142797], [32.361674, 26.067427], [32.228658, 26.076884], [32.154244, 26.171168], [32.093938, 26.189384], [32.04128, 26.190004], [32.015235, 26.200107], [31.996941, 26.246719], [31.965522, 26.297413], [31.871368, 26.37467], [31.82026, 26.445311], [31.812301, 26.509287], [31.782174, 26.541894], [31.729981, 26.543083], [31.706468, 26.564167], [31.711739, 26.605095], [31.694686, 26.631656], [31.655308, 26.643749], [31.552627, 26.761984], [31.369176, 27.009902], [31.340651, 27.057108], [31.303547, 27.098553], [31.278432, 27.122686], [31.244946, 27.143641], [30.969304, 27.35554], [30.868276, 27.500311], [30.88905, 27.618547], [30.883934, 27.767659], [30.877475, 27.901708], [30.863005, 27.985217], [30.837426, 28.037669], [30.80735, 28.085418], [30.773967, 28.119938], [30.744253, 28.165465], [30.740015, 28.229905], [30.762185, 28.308557], [30.810864, 28.401367], [30.83572, 28.492499], [30.836857, 28.581977], [30.857889, 28.681609], [30.898714, 28.791473], [30.994625, 28.94304], [31.14552, 29.136413], [31.219108, 29.281986], [31.215387, 29.379757], [31.236058, 29.488691], [31.281016, 29.608787], [31.286907, 29.782601], [31.255385, 29.998996], [31.253834, 30.080154], [31.237608, 30.120694]]]}}, {"type": "Feature", "properties": {"scalerank": 2, "featurecla": "River", "name": "Nmai", "note": null, "min_zoom": 3.0, "name_alt": null, "name_en": "Nmai", "min_label": 4.0}, "geometry": {"type": "LineString", "coordinates": [[97.983198, 28.424984], [98.192074, 28.24993], [98.296874, 28.131823], [98.335114, 28.008317], [98.341832, 27.839955], [98.301731, 27.730039], [98.214915, 27.678518], [98.153627, 27.673557], [98.117763, 27.715208], [98.079781, 27.726215], [98.039577, 27.706681], [98.042109, 27.629425], [98.087481, 27.494394], [98.17192, 27.329082], [98.29553, 27.133383], [98.362451, 26.973548], [98.372683, 26.849576], [98.353615, 26.701394], [98.280957, 26.442882], [98.157968, 26.030143], [98.096266, 25.866794], [98.055028, 25.815298], [97.976325, 25.739876], [97.86026, 25.640554], [97.774735, 25.62009], [97.719855, 25.678433], [97.640842, 25.705899], [97.557901, 25.70316], [97.51904, 25.701016]]}}, {"type": "Feature", "properties": {"scalerank": 4, "featurecla": "River", "name": "Nu", "note": null, "min_zoom": 4.0, "name_alt": null, "name_en": "Nu", "min_label": 5.0}, "geometry": {"type": "LineString", "coordinates": [[96.595582, 30.447909], [96.675267, 30.44331], [96.706893, 30.405612], [96.717125, 30.333265], [96.853603, 30.245234], [97.116429, 30.14152], [97.290424, 30.032405], [97.375483, 29.91789], [97.424162, 29.81663], [97.436358, 29.728677], [97.477131, 29.635039], [97.54648, 29.535717], [97.660324, 29.446523], [97.818557, 29.367355], [97.949091, 29.226227], [98.051928, 29.023087], [98.163342, 28.870021], [98.343486, 28.715457], [98.366637, 28.577248], [98.390563, 28.521619], [98.422913, 28.502498], [98.450663, 28.402117], [98.473917, 28.220474], [98.535516, 28.087562], [98.635458, 28.003407], [98.68238, 27.913387], [98.676179, 27.817475], [98.708942, 27.722494], [98.816429, 27.581469], [98.868674, 27.341122], [98.889189, 27.059486], [98.895287, 26.656409], [98.884538, 26.362267], [98.856943, 26.176981], [98.856013, 25.931079], [98.881851, 25.624534], [98.881851, 25.371733], [98.856013, 25.172753], [98.871206, 24.991446], [98.927326, 24.827839], [98.980243, 24.722987], [99.029852, 24.676918], [99.035795, 24.594261], [98.998071, 24.475044], [99.015693, 24.382595], [99.088763, 24.317043], [99.057654, 24.247978], [98.922469, 24.175476], [98.76439, 24.116074], [98.58342, 24.069797], [98.472574, 24.025872], [98.432008, 23.984273], [98.420019, 23.932958], [98.436659, 23.87198], [98.495931, 23.783329], [98.597941, 23.667031], [98.638352, 23.563265], [98.617371, 23.472108], [98.635148, 23.416917], [98.691888, 23.397694], [98.721241, 23.356663], [98.723204, 23.293772], [98.654061, 23.248142], [98.513708, 23.21972], [98.473814, 23.173263], [98.534482, 23.108693], [98.548435, 23.067946], [98.515879, 23.050945], [98.504096, 23.024383], [98.513088, 22.988261], [98.554481, 22.952915], [98.628171, 22.918395], [98.629257, 22.871266], [98.557736, 22.811502], [98.55262, 22.706211], [98.613909, 22.555419], [98.625639, 22.432068], [98.587709, 22.336156], [98.58745, 22.251045], [98.624761, 22.176631], [98.676179, 22.114619], [98.741601, 22.06501], [98.718037, 21.994989], [98.605279, 21.904555], [98.573859, 21.789833], [98.623676, 21.650875], [98.628637, 21.56442], [98.588742, 21.530521], [98.59484, 21.48272], [98.647033, 21.420967], [98.680623, 21.337199], [98.695609, 21.231392], [98.72646, 21.14473], [98.773072, 21.077163], [98.724238, 21.020371], [98.50792, 20.951254]]}}, {"type": "Feature", "properties": {"scalerank": 4, "featurecla": "River", "name": "Nu", "note": null, "min_zoom": 4.0, "name_alt": "Salween", "name_en": "Salween", "min_label": 5.0}, "geometry": {"type": "LineString", "coordinates": [[91.518373, 31.943038], [91.545658, 31.814854], [91.600022, 31.746745], [91.690559, 31.695998], [91.755103, 31.606521], [91.793602, 31.478363], [91.862848, 31.417876], [91.962687, 31.425111], [92.031933, 31.395655], [92.070587, 31.329509], [92.133529, 31.29902], [92.220759, 31.304188], [92.282461, 31.347493], [92.318737, 31.429012], [92.428291, 31.48552], [92.702693, 31.532753], [92.86873, 31.562622], [92.958285, 31.559728], [93.026601, 31.534045], [93.156102, 31.528929], [93.346788, 31.544328], [93.523522, 31.536215], [93.686509, 31.504486], [93.819318, 31.500868], [93.921947, 31.525363], [94.106019, 31.523347], [94.371429, 31.494822], [94.527853, 31.467899], [94.575292, 31.442577], [94.575654, 31.386922], [94.528835, 31.30088], [94.531212, 31.250754], [94.582785, 31.236543], [94.628674, 31.196081], [94.669085, 31.129341], [94.710116, 31.090687], [94.751767, 31.080067], [94.821324, 31.102365], [94.918682, 31.157556], [95.03852, 31.186107], [95.180837, 31.187967], [95.300881, 31.171379], [95.398653, 31.13642], [95.486038, 31.07415], [95.563036, 30.984595], [95.66737, 30.956509], [95.799042, 30.989892], [95.962443, 30.978058], [96.15747, 30.920929], [96.28325, 30.873335], [96.339577, 30.83525], [96.410942, 30.720528], [96.497242, 30.529196], [96.554189, 30.437109], [96.595582, 30.447909]]}}, {"type": "Feature", "properties": {"scalerank": 4, "featurecla": "River", "name": "Ob", "note": null, "min_zoom": 4.0, "name_alt": null, "name_en": "Ob", "min_label": 5.0}, "geometry": {"type": "MultiLineString", "coordinates": [[[85.056235, 52.433596], [84.58908, 52.421865], [84.347338, 52.392565], [84.175359, 52.34187], [84.003276, 52.331586], [83.831193, 52.361765], [83.728099, 52.414269], [83.694096, 52.489019], [83.682572, 52.592191], [83.698902, 52.789491], [83.657509, 52.961496], [83.657509, 53.040329], [83.685104, 53.083323], [83.817189, 53.10942], [83.860236, 53.174713], [83.848557, 53.199337], [83.837601, 53.353281], [83.711924, 53.418807], [83.492713, 53.42878], [83.331534, 53.456712], [83.228491, 53.502652], [83.128084, 53.505055], [83.030209, 53.463869], [82.896935, 53.437359], [82.72816, 53.425421], [82.580624, 53.445937], [82.45443, 53.498854], [82.387561, 53.545104], [82.380016, 53.584688], [82.32989, 53.630835], [82.236976, 53.683649], [82.113624, 53.717962], [81.959731, 53.733723], [81.867076, 53.757546], [81.835553, 53.78943], [81.727033, 53.799611], [81.541514, 53.788138], [81.420074, 53.80824], [81.334085, 53.885626]], [[70.353773, 61.30122], [70.784341, 61.304062], [70.978955, 61.297551], [71.080964, 61.282616], [71.154448, 61.250887], [71.199406, 61.202363], [71.257491, 61.195386], [71.328908, 61.230061], [71.447092, 61.252799], [71.694673, 61.269025], [72.044419, 61.254969], [72.222806, 61.264452], [72.34652, 61.292848], [72.465996, 61.288404], [72.581338, 61.251197], [72.678386, 61.24267], [72.757037, 61.262824], [72.906692, 61.263444], [73.237422, 61.235126], [73.566239, 61.19642], [73.710364, 61.195903], [73.779301, 61.22063], [73.876607, 61.214352], [74.002181, 61.177041], [74.117574, 61.174638], [74.222891, 61.207143], [74.313583, 61.200657], [74.384535, 61.168411], [74.429183, 61.168411], [74.449027, 61.189082], [74.514553, 61.213163], [74.645294, 61.215437], [74.750094, 61.202466], [74.868433, 61.160195], [75.333366, 61.12366], [75.534697, 61.082396], [75.627405, 61.024286], [75.713653, 61.010126], [75.793545, 61.03997], [75.887079, 61.049762], [75.994359, 61.03953], [76.134557, 60.999739], [76.307673, 60.93039], [76.435056, 60.905482], [76.516601, 60.925119], [76.626207, 60.89649], [76.76377, 60.819595], [76.960192, 60.745491], [77.21537, 60.674255], [77.399183, 60.648831], [77.511528, 60.669243], [77.602323, 60.662086], [77.671673, 60.627411], [77.713841, 60.585966], [77.728827, 60.537856], [77.807168, 60.48313], [77.948658, 60.42179], [78.110819, 60.395694], [78.293444, 60.404737], [78.340934, 60.371354], [78.345327, 60.331667], [78.388528, 60.304433], [78.437207, 60.291772], [78.481132, 60.243662], [78.562988, 60.196326], [78.682877, 60.149869], [78.785352, 60.132531], [78.835891, 60.140515], [78.871393, 60.116434], [78.875992, 60.084369], [78.90922, 60.064887], [78.96193, 60.054552], [78.979138, 60.019024], [78.958623, 59.980835], [78.951801, 59.933345], [78.97919, 59.883994], [79.038514, 59.841206], [79.129878, 59.80498], [79.165845, 59.765913], [79.146518, 59.723952], [79.148275, 59.689018], [79.182692, 59.647161], [79.282634, 59.557631], [79.387589, 59.516988], [79.530939, 59.495335], [79.623285, 59.460402], [79.664729, 59.412084], [79.779244, 59.401697], [79.96683, 59.429189], [80.093179, 59.423608], [80.158188, 59.384954], [80.171572, 59.349453], [80.133228, 59.317155], [80.152038, 59.288991], [80.227899, 59.265013], [80.29513, 59.272558], [80.353731, 59.311625], [80.411144, 59.330177], [80.467264, 59.328291], [80.502301, 59.299326], [80.51615, 59.243309], [80.616196, 59.179541], [80.802438, 59.10802], [80.973125, 59.091432], [81.128258, 59.129776], [81.256467, 59.117839], [81.357753, 59.055672], [81.410669, 59.004047], [81.415217, 58.963016], [81.444362, 58.944723], [81.478314, 58.936506], [81.495935, 58.913639], [81.505289, 58.885967], [81.534848, 58.848243], [81.568127, 58.83088], [81.573398, 58.797393], [81.541669, 58.745226], [81.554433, 58.718199], [81.647761, 58.700991], [81.704243, 58.707476], [81.735404, 58.72347], [81.77535, 58.735847], [81.858342, 58.701921], [81.902474, 58.660089], [81.907745, 58.610325], [81.964641, 58.585107], [82.073058, 58.584383], [82.172173, 58.549243], [82.261884, 58.479687], [82.338675, 58.439017], [82.402547, 58.427287], [82.434483, 58.403903], [82.434586, 58.368892], [82.462595, 58.359487], [82.518612, 58.375533], [82.574836, 58.363156], [82.631267, 58.322332], [82.734258, 58.305434], [82.883809, 58.312539], [82.928096, 58.283213], [82.934194, 58.240218], [82.960962, 58.193399], [83.030932, 58.150404], [83.097181, 58.128183], [83.15971, 58.126737], [83.22353, 58.057438], [83.288539, 57.920341], [83.350706, 57.826496], [83.410031, 57.776034], [83.549764, 57.742212], [83.700349, 57.730482], [83.777347, 57.699166], [83.816466, 57.641185], [83.832537, 57.579561], [83.907054, 57.506439], [83.942918, 57.441404], [83.940127, 57.384456], [83.958317, 57.339394], [83.997385, 57.306166], [84.104562, 57.277434], [84.279745, 57.253146], [84.343514, 57.210462], [84.351265, 57.163178], [84.375605, 57.13703], [84.406094, 57.10915], [84.413897, 57.067266], [84.406766, 57.010836], [84.436324, 56.910687], [84.401391, 56.792451], [84.30796, 56.690338], [84.144456, 56.564971], [84.063944, 56.457846], [84.066321, 56.368963], [84.053971, 56.313927], [84.026789, 56.292817], [84.016867, 56.263905], [84.024205, 56.227214], [83.993561, 56.179698], [83.925038, 56.121355], [83.886746, 56.037949], [83.878787, 55.929455], [83.81936, 55.832768], [83.708462, 55.74776], [83.650223, 55.679909], [83.644745, 55.629215], [83.535604, 55.561053], [83.323007, 55.475477], [83.155524, 55.436461], [83.033258, 55.444084], [82.944064, 55.433103], [82.887944, 55.403544], [82.868978, 55.34024], [82.887272, 55.243192], [82.87673, 55.172912], [82.837456, 55.129348], [82.879055, 55.06527], [83.001528, 54.980675], [83.053411, 54.915072], [83.025351, 54.845206]]]}}, {"type": "Feature", "properties": {"scalerank": 4, "featurecla": "River", "name": "Ob", "note": null, "min_zoom": 4.0, "name_alt": null, "name_en": "Ob", "min_label": 5.0}, "geometry": {"type": "LineString", "coordinates": [[68.856914, 61.124021], [69.010496, 61.197712], [69.103979, 61.213422], [69.188625, 61.195593], [69.290014, 61.214998], [69.408146, 61.271583], [69.578007, 61.28365], [69.799595, 61.251249], [70.021235, 61.251559], [70.353773, 61.30122]]}}, {"type": "Feature", "properties": {"scalerank": 2, "featurecla": "River", "name": "Ob", "note": null, "min_zoom": 2.1, "name_alt": null, "name_en": "Ob", "min_label": 3.1}, "geometry": {"type": "LineString", "coordinates": [[68.856914, 61.124021], [68.786117, 61.089346], [68.588816, 61.09547], [68.464586, 61.12521], [68.347591, 61.180659], [68.308627, 61.255848], [68.347694, 61.350881], [68.35312, 61.415993], [68.324905, 61.451236], [68.13365, 61.519269], [67.77946, 61.620115], [67.585777, 61.711582], [67.552704, 61.793645], [67.454777, 61.918701], [67.291996, 62.08665], [67.042658, 62.199925], [66.706761, 62.258448], [66.5107, 62.318393], [66.45458, 62.379759], [66.390036, 62.419549], [66.28074, 62.446835], [65.988252, 62.482078], [65.679743, 62.622095], [65.257547, 62.878643], [65.163186, 62.996362], [65.140138, 63.072481], [65.149233, 63.130927], [65.211348, 63.206013], [65.334958, 63.296085], [65.472314, 63.343472], [65.527039, 63.394994], [65.523991, 63.45636], [65.557063, 63.496228], [65.700621, 63.531781], [65.767387, 63.583871], [65.757465, 63.652497], [65.732247, 63.707378], [65.709095, 63.733965], [65.721498, 63.768769], [65.787902, 63.792231], [65.805059, 63.809387], [65.795964, 63.84277], [65.781339, 63.87822], [65.802733, 63.899407], [65.80511, 63.950309], [65.788677, 64.03095], [65.806144, 64.075676], [65.857614, 64.084512], [65.885105, 64.101411], [65.888723, 64.126474], [65.929547, 64.136344], [66.007682, 64.131073], [66.030626, 64.154431], [65.998484, 64.206365], [65.95337, 64.242177], [65.895389, 64.261918], [65.88526, 64.289358], [65.922984, 64.324601], [65.919935, 64.370128], [65.876217, 64.425887], [65.799633, 64.481542], [65.690182, 64.537095], [65.685066, 64.587402], [65.705633, 64.614816], [65.688322, 64.659258], [65.554273, 64.709229], [65.501253, 64.755712], [65.529262, 64.798629], [65.532931, 64.841934], [65.512363, 64.885497], [65.542801, 64.930456], [65.565125, 64.981538], [65.523991, 65.015825], [65.40808, 65.022285], [65.300645, 65.052748], [65.256927, 65.098792], [65.277494, 65.175686], [65.362243, 65.283406], [65.455261, 65.361928], [65.556547, 65.41115], [65.606259, 65.467684], [65.604502, 65.531504], [65.624656, 65.6038], [65.666721, 65.684673], [65.735657, 65.764203], [65.831465, 65.842441], [65.876579, 65.932772], [65.87298333711507, 66.0]]}}, {"type": "Feature", "properties": {"scalerank": 4, "featurecla": "River", "name": "Oder", "note": null, "min_zoom": 4.0, "name_alt": null, "name_en": "Oder", "min_label": 5.0}, "geometry": {"type": "LineString", "coordinates": [[17.617974, 49.739393], [17.846952, 49.654024], [17.946429, 49.637074], [18.015779, 49.671749], [18.141663, 49.729885], [18.224862, 49.794739], [18.307338, 49.885638], [18.316588, 49.972402], [18.252612, 50.055033], [18.231012, 50.137457], [18.251786, 50.219674], [18.185381, 50.321011], [18.031902, 50.441366], [17.958212, 50.532161], [17.96431, 50.593295], [17.938368, 50.656469], [17.880387, 50.721659], [17.762255, 50.780467], [17.450232, 50.881959], [17.360522, 50.927589], [17.300009, 50.974512], [17.268693, 51.022726], [17.193607, 51.067839], [17.01522, 51.130988], [16.869079, 51.22876], [16.738028, 51.252944], [16.57318, 51.236098], [16.474685, 51.244779], [16.442335, 51.278989], [16.439648, 51.315344], [16.466623, 51.353817], [16.474116, 51.421409], [16.462231, 51.518044], [16.40766, 51.595042], [16.310405, 51.652455], [16.223124, 51.677001], [16.145816, 51.668784], [16.020345, 51.690902], [15.846609, 51.743354], [15.768785, 51.811205], [15.786665, 51.894455], [15.757933, 51.960886], [15.682485, 52.010521], [15.423793, 52.045764], [14.760887, 52.076925], [14.704612, 52.110205], [14.692365, 52.150047], [14.705387, 52.20746], [14.679859, 52.249989], [14.615677, 52.277636], [14.573922, 52.314171], [14.554595, 52.359647], [14.569685, 52.431089], [14.619397, 52.528499], [14.514029, 52.645624], [14.253683, 52.782515], [14.128626, 52.87822], [14.138858, 52.932868], [14.193687, 52.982348], [14.293216, 53.026738], [14.36856, 53.105544], [14.445558, 53.275482], [14.58064, 53.445162], [14.618261, 53.525829], [14.610199, 53.584456], [14.583534, 53.639336]]}}, {"type": "Feature", "properties": {"scalerank": 6, "featurecla": "River", "name": "Omo", "note": null, "min_zoom": 5.0, "name_alt": null, "name_en": "Omo", "min_label": 6.0}, "geometry": {"type": "LineString", "coordinates": [[37.03188, 9.151354], [37.030794, 9.052368], [37.067071, 8.997074], [37.140348, 8.952503], [37.183705, 8.907209], [37.203755, 8.838246], [37.156781, 8.741379], [37.149443, 8.69208], [37.166083, 8.658076], [37.410203, 8.363986], [37.517741, 8.261098], [37.57443, 8.227741], [37.599597, 8.112218], [37.589882, 7.877401], [37.526836, 7.648603], [37.410564, 7.425826], [37.377181, 7.286377], [37.426687, 7.230205], [37.474643, 7.202015], [37.520945, 7.201783], [37.523736, 7.183541], [37.482911, 7.147264], [37.451699, 7.071998], [37.430098, 6.957715], [37.395992, 6.892655], [37.349586, 6.876816], [37.300029, 6.820643], [37.247422, 6.724164], [37.165256, 6.65918], [37.053532, 6.625746], [36.9832, 6.632903], [36.954158, 6.680704], [36.877677, 6.706258], [36.753654, 6.709513], [36.579401, 6.634582], [36.354918, 6.481413], [36.209449, 6.414751], [36.142993, 6.434595], [36.085064, 6.418756], [36.035558, 6.36726], [36.003829, 6.305507], [35.982848, 6.197503], [35.954839, 6.172285], [35.96011, 6.118722], [35.989152, 6.028418], [35.978197, 5.839902], [35.927141, 5.553201], [35.912, 5.390912], [35.932773, 5.353059], [35.983985, 5.344377], [36.06553, 5.364841], [36.113486, 5.410394], [36.127645, 5.481035], [36.155137, 5.500905], [36.195858, 5.470002], [36.202421, 5.417757], [36.174826, 5.344196], [36.171415, 5.285078], [36.192189, 5.240404], [36.166609, 5.207796], [36.094572, 5.187332], [36.065582, 5.164956], [36.079535, 5.140772], [36.071835, 5.113745], [36.042586, 5.083928], [36.047547, 5.042793], [36.086718, 4.990393], [36.073902, 4.913602], [36.0091, 4.81242], [35.9937, 4.706147], [36.044963, 4.539026]]}}, {"type": "Feature", "properties": {"scalerank": 6, "featurecla": "River", "name": "Ouham", "note": null, "min_zoom": 5.0, "name_alt": null, "name_en": "Ouham", "min_label": 6.0}, "geometry": {"type": "LineString", "coordinates": [[15.32261, 6.461906], [15.398471, 6.34181], [15.496243, 6.324679], [15.713698, 6.393331], [15.789817, 6.460872], [15.846144, 6.485599], [15.908053, 6.490095], [15.959677, 6.437385], [16.000915, 6.327521], [16.075071, 6.269747], [16.182041, 6.264062], [16.276351, 6.301786], [16.358103, 6.382867], [16.403888, 6.448056], [16.413706, 6.49733], [16.47391, 6.560272], [16.584394, 6.63696], [16.66289, 6.670756], [16.709296, 6.661713], [16.774046, 6.609287], [16.857039, 6.513505], [16.932848, 6.472318], [17.001474, 6.485651], [17.081986, 6.475109], [17.174487, 6.440641], [17.280734, 6.448082], [17.400933, 6.497433], [17.508937, 6.519757], [17.604745, 6.515107], [17.708718, 6.558411], [17.820649, 6.649594], [17.900282, 6.772145], [17.947515, 6.926089], [18.001568, 7.022776], [18.062443, 7.062308], [18.1274, 7.139487], [18.196543, 7.254364], [18.249098, 7.312526], [18.285168, 7.314024], [18.275453, 7.362135], [18.219953, 7.456909], [18.145177, 7.489569], [18.051229, 7.460113], [17.984412, 7.469415], [17.944828, 7.517474], [17.877441, 7.548118], [17.782253, 7.561348], [17.749129, 7.61137], [17.777964, 7.698161], [17.767732, 7.825931], [17.71833, 7.994706], [17.698796, 8.127463], [17.709131, 8.224201], [17.770109, 8.368508], [17.881627, 8.560382], [17.944931, 8.744066], [17.959917, 8.919611], [17.991595, 9.010768], [18.040067, 9.017589], [18.097531, 9.05614], [18.164091, 9.12642], [18.206775, 9.200162], [18.234887, 9.31584]]}}, {"type": "Feature", "properties": {"scalerank": 5, "featurecla": "River", "name": "Pamir", "note": null, "min_zoom": 4.7, "name_alt": null, "name_en": "Pamir", "min_label": 5.7}, "geometry": {"type": "LineString", "coordinates": [[73.604634, 37.446061], [73.481334, 37.471667], [73.382942, 37.462261], [73.21117, 37.408518], [72.89553, 37.267545], [72.757089, 37.172693], [72.657405, 37.029058]]}}, {"type": "Feature", "properties": {"scalerank": 5, "featurecla": "River", "name": "Panj", "note": null, "min_zoom": 4.7, "name_alt": null, "name_en": "Panj", "min_label": 5.7}, "geometry": {"type": "LineString", "coordinates": [[72.657405, 37.029058], [72.358819, 36.982937], [72.153508, 36.900539], [71.941945, 36.766438], [71.802057, 36.694298], [71.733741, 36.684014], [71.665631, 36.696908], [71.597522, 36.732926], [71.530859, 36.84509], [71.43288, 37.127553], [71.505021, 37.602925], [71.546155, 37.795652], [71.580365, 37.864252], [71.582225, 37.910089], [71.551943, 37.933137], [71.487761, 37.931897], [71.389679, 37.906317], [71.319967, 37.901847], [71.278523, 37.918409], [71.282812, 38.007913], [71.332732, 38.17028], [71.255889, 38.306964], [71.05218, 38.417862], [70.878857, 38.456413], [70.73592, 38.422565], [70.615824, 38.33443], [70.518569, 38.191984], [70.417749, 38.075454], [70.313259, 37.984814], [70.238741, 37.941199], [70.21466, 37.92443], [70.199467, 37.886008], [70.254968, 37.76537], [70.251454, 37.664187], [70.188719, 37.582487], [70.119834, 37.543497], [70.044696, 37.547218], [69.984959, 37.566157], [69.94062, 37.600289], [69.820886, 37.609591], [69.625756, 37.594036], [69.49212, 37.553057], [69.420083, 37.486704], [69.399206, 37.39932], [69.429695, 37.290851], [69.414502, 37.207781], [69.353834, 37.150058], [69.303915, 37.116934], [69.264847, 37.108407], [69.180201, 37.158275], [69.049977, 37.266511], [68.960473, 37.325061], [68.911794, 37.333949], [68.885284, 37.328058], [68.855363, 37.316844], [68.838465, 37.30284], [68.823737, 37.270723], [68.782086, 37.257985], [68.723227, 37.26801], [68.669173, 37.258424], [68.636979, 37.224472], [68.546545, 37.183467], [68.386865, 37.137475], [68.299532, 37.088434], [68.284752, 37.036344], [68.260981, 37.01309], [68.212095, 37.021513]]}}, {"type": "Feature", "properties": {"scalerank": 4, "featurecla": "River", "name": "Pechora", "note": null, "min_zoom": 4.0, "name_alt": null, "name_en": "Pechora", "min_label": 5.0}, "geometry": {"type": "MultiLineString", "coordinates": [[[59.286955, 62.057504], [59.175231, 62.022003], [59.076012, 62.021899], [58.889873, 62.057091], [58.777426, 61.996009], [58.639139, 62.008153], [58.437705, 62.073214], [58.23379, 62.066574], [58.027497, 61.988284], [57.90921, 61.912733], [57.878927, 61.839921], [57.827819, 61.806357], [57.755989, 61.812093], [57.61729, 61.783309], [57.411928, 61.720109], [57.228683, 61.698818], [57.009316, 61.727783], [56.961929, 61.763052], [56.882037, 61.796538], [56.857388, 61.802559], [56.841936, 61.815607], [56.850618, 61.845786], [56.836407, 61.902837], [56.795996, 61.984279], [56.729282, 62.049443], [56.666443, 62.082464], [56.640915, 62.100241], [56.631148, 62.129955], [56.630166, 62.159772], [56.643861, 62.177549], [56.699516, 62.233928], [56.726233, 62.343792], [56.706493, 62.489468], [56.625412, 62.595327], [56.482992, 62.661421], [56.360312, 62.701212], [56.257373, 62.714699], [56.212828, 62.753328], [56.226574, 62.817096], [56.200942, 62.884198], [56.10317, 62.989851], [55.936255, 63.160176], [55.941061, 63.190562], [55.955892, 63.209062], [55.992893, 63.220172], [56.056145, 63.195781], [56.173605, 63.22242], [56.291531, 63.289755], [56.370492, 63.305309], [56.418655, 63.312725], [56.440824, 63.349725], [56.444545, 63.383057], [56.470435, 63.416362], [56.518597, 63.427472], [56.540818, 63.442278], [56.529707, 63.464499], [56.477876, 63.501525], [56.466766, 63.538551], [56.504386, 63.566353], [56.555959, 63.589194], [56.639055, 63.660972], [56.711712, 63.762982], [56.943997, 63.839308], [57.336015, 63.889951], [57.469547, 63.912327], [57.506547, 63.941937], [57.511353, 63.986431], [57.524996, 64.017126], [57.5837, 64.051775], [57.602769, 64.089938], [57.577344, 64.123451], [57.581064, 64.160477], [57.558844, 64.197477], [57.564993, 64.231403], [57.579152, 64.258094], [57.623801, 64.289565], [57.63827, 64.32517], [57.672687, 64.339587], [57.715785, 64.372841], [57.729583, 64.396741], [57.772681, 64.411056], [57.782809, 64.442914], [57.786685, 64.474049], [57.793041, 64.49596], [57.80534, 64.534718], [57.807252, 64.579004], [57.827716, 64.6513], [57.879289, 64.74039], [57.843994, 64.805709], [57.721934, 64.84736], [57.608143, 64.907976], [57.50262, 64.987558], [57.400352, 65.029416], [57.301237, 65.033653], [57.256278, 65.059957], [57.26527, 65.108352], [57.202535, 65.137368], [57.067969, 65.146928], [57.016086, 65.241341], [57.046989, 65.420503], [56.967407, 65.567678], [56.777444, 65.682813], [56.744216, 65.78906], [56.776514, 65.846834], [56.833875, 65.911791], [56.837389, 65.970754], [56.80819077407094, 66.0]], [[55.14535269094386, 66.0], [55.132894, 65.96848], [55.092689, 65.909698], [55.029024, 65.87784], [54.836322, 65.752008], [54.710697, 65.702166], [54.58781, 65.68643], [54.455829, 65.624522], [54.314649, 65.516415], [54.103189, 65.457917], [53.821552, 65.449003], [53.588233, 65.416653], [53.403335, 65.360894], [53.193529, 65.332705], [52.958814, 65.332137], [52.669891, 65.357251], [52.326657, 65.408153], [52.153437, 65.466392], [52.150026, 65.532021], [52.178655, 65.629457], [52.239323, 65.758725], [52.348877, 65.868848], [52.507421, 65.959695], [52.54744811780576, 66.0]]]}}, {"type": "Feature", "properties": {"scalerank": 6, "featurecla": "River", "name": "Po", "note": null, "min_zoom": 5.0, "name_alt": null, "name_en": "Po", "min_label": 6.0}, "geometry": {"type": "LineString", "coordinates": [[7.110192, 44.706005], [7.325579, 44.664819], [7.423506, 44.686937], [7.501796, 44.794527], [7.619308, 44.84902], [7.664783, 44.92501], [7.677496, 45.040739], [7.730619, 45.129003], [7.824257, 45.189852], [7.975875, 45.219772], [8.185372, 45.218765], [8.360038, 45.199205], [8.499668, 45.161068], [8.594339, 45.112647], [8.644052, 45.053994], [8.807762, 45.053607], [9.224481, 45.140501], [9.4624, 45.099521], [9.504981, 45.093372], [9.549526, 45.11567], [9.60699, 45.12908], [9.651897, 45.114301], [9.698716, 45.086189], [9.732667, 45.082778], [9.753855, 45.104017], [9.781657, 45.103035], [9.81628, 45.079729], [9.845839, 45.084587], [9.870437, 45.117505], [9.908677, 45.132646], [9.960457, 45.129907], [10.007689, 45.105774], [10.050374, 45.060196], [10.15352, 45.025831], [10.317128, 45.002731], [10.429524, 44.972372], [10.490606, 44.934803], [10.5567, 44.928292], [10.627703, 44.952838], [10.665995, 44.986143], [10.671473, 45.028208], [10.739738, 45.056914], [10.870686, 45.072236], [11.020341, 45.074768], [11.188496, 45.064536], [11.312416, 45.028957], [11.391894, 44.968005], [11.479279, 44.92687], [11.574467, 44.90558], [11.683918, 44.917517], [11.869488, 44.985213], [12.084978, 45.019888], [12.198873, 45.012989], [12.282899, 44.976041], [12.377157, 44.960693], [12.523401, 44.967953]]}}, {"type": "Feature", "properties": {"scalerank": 4, "featurecla": "River", "name": "Quan", "note": null, "min_zoom": 4.0, "name_alt": null, "name_en": "Quan", "min_label": 5.0}, "geometry": {"type": "LineString", "coordinates": [[109.528643, 23.796377], [109.542802, 23.728991], [109.574532, 23.700466], [109.628585, 23.688374], [109.650651, 23.664525], [109.640833, 23.628946], [109.663105, 23.574685], [109.717469, 23.501718], [109.796379, 23.453556], [109.899783, 23.430198], [109.963242, 23.430689], [109.986496, 23.45508], [110.020964, 23.45167], [110.089332, 23.404851]]}}, {"type": "Feature", "properties": {"scalerank": 4, "featurecla": "River", "name": "Rhein", "note": null, "min_zoom": 4.0, "name_alt": null, "name_en": "Rhein", "min_label": 5.0}, "geometry": {"type": "MultiLineString", "coordinates": [[[8.750815, 46.676324], [9.045577, 46.757766], [9.415581, 46.834609]], [[9.408759, 46.834609], [9.516763, 46.90675], [9.533816, 46.963077], [9.495886, 47.027647], [9.479453, 47.097513], [9.48431, 47.172677], [9.527512, 47.270758], [9.609057, 47.391785], [9.625904, 47.467025], [9.554384, 47.511157]], [[9.127536, 47.670682], [9.18283, 47.670682]]]}}, {"type": "Feature", "properties": {"scalerank": 4, "featurecla": "River", "name": "Rhin", "note": null, "min_zoom": 4.0, "name_alt": "Rhein", "name_en": "Rhein", "min_label": 5.0}, "geometry": {"type": "LineString", "coordinates": [[8.881143, 47.656394], [8.700172, 47.686289], [8.619764, 47.662362], [8.579663, 47.594666], [8.482304, 47.576166], [8.327792, 47.606914], [8.198291, 47.606914], [8.093801, 47.576166], [7.927093, 47.563841], [7.698063, 47.569887], [7.565461, 47.606552], [7.529391, 47.673886], [7.538589, 47.773622], [7.593263, 47.905655], [7.608456, 48.002574], [7.584168, 48.064302], [7.616621, 48.156802], [7.705711, 48.280051], [7.765139, 48.410017], [7.794801, 48.54683], [7.837951, 48.63605], [7.922752, 48.698527], [8.23002, 48.965435]]}}, {"type": "Feature", "properties": {"scalerank": 4, "featurecla": "River", "name": "Rhine", "note": null, "min_zoom": 4.0, "name_alt": null, "name_en": "Rhine", "min_label": 5.0}, "geometry": {"type": "LineString", "coordinates": [[8.23002, 48.965435], [8.417295, 49.213999], [8.485922, 49.330374], [8.498221, 49.397399], [8.488919, 49.436208], [8.45781, 49.44675], [8.421843, 49.505092], [8.380812, 49.611236], [8.38939, 49.690068], [8.431403, 49.728489], [8.436829, 49.767195], [8.401482, 49.815228], [8.357351, 49.911372], [8.304641, 49.98067], [8.243352, 50.023097], [8.129044, 50.026404], [7.961613, 49.990696], [7.803224, 50.042088], [7.653879, 50.180658], [7.606751, 50.222361], [7.611195, 50.266441], [7.628816, 50.323802], [7.607836, 50.366642], [7.556624, 50.400076], [7.44366, 50.432788], [7.343666, 50.485833], [7.256746, 50.559162], [7.203623, 50.621613], [7.184502, 50.673186], [7.125074, 50.734216], [7.025442, 50.804677], [6.99454, 50.852607], [6.99454, 50.904025], [6.973249, 50.938338], [6.968392, 50.998076], [6.937696, 51.040089], [6.881058, 51.064274], [6.850983, 51.097191], [6.847469, 51.138843], [6.816308, 51.168867], [6.7575, 51.187263], [6.759722, 51.227261], [6.741119, 51.268189], [6.689546, 51.30276], [6.698382, 51.364462], [6.707167, 51.421823], [6.697607, 51.457815], [6.693421, 51.48678], [6.687478, 51.524401], [6.623916, 51.55923], [6.593014, 51.591838], [6.595804, 51.637469], [6.357214, 51.775031], [6.211745, 51.836991], [6.079764, 51.869212], [6.038629, 51.872183], [5.975274, 51.87673], [5.898173, 51.859574], [5.780454, 51.863398], [5.622117, 51.888203], [5.491582, 51.877945], [5.388953, 51.832676], [5.24953, 51.813479], [4.98536, 51.82371]]}}, {"type": "Feature", "properties": {"scalerank": 6, "featurecla": "River", "name": "Rhône", "note": null, "min_zoom": 5.0, "name_alt": null, "name_en": "Rhône", "min_label": 6.0}, "geometry": {"type": "MultiLineString", "coordinates": [[[4.617424, 43.710045], [4.514071, 43.702294], [4.466529, 43.683225], [4.440174, 43.650204], [4.435626, 43.626898], [4.443739, 43.613256], [4.433766, 43.591035], [4.378886, 43.560287], [4.371237, 43.528144], [4.409736, 43.447219]], [[6.1333, 46.204596], [5.902203, 46.122611], [5.814457, 46.013316], [5.793063, 45.849476], [5.746967, 45.737105], [5.676274, 45.676179], [5.572921, 45.704291], [5.437012, 45.821389], [5.349782, 45.846711], [5.285187, 45.812269], [5.191032, 45.798936], [5.058431, 45.817385], [4.95177, 45.808057], [4.870949, 45.770953], [4.82351, 45.712533], [4.809454, 45.632796], [4.819324, 45.582128], [4.85312, 45.560527], [4.84139, 45.512778], [4.784029, 45.438958], [4.789713, 45.288916], [4.858236, 45.062676], [4.863817, 44.911006], [4.806353, 44.833956], [4.780566, 44.76117], [4.786458, 44.692699], [4.77235, 44.637198], [4.721294, 44.573429], [4.673545, 44.350084], [4.675405, 44.228128], [4.710958, 44.133095], [4.759327, 44.07054], [4.820409, 44.040413], [4.843405, 44.012353], [4.820616, 43.973234], [4.690236, 43.906416], [4.637681, 43.827764], [4.619388, 43.715058], [4.631377, 43.638784], [4.694629, 43.579097], [4.723619, 43.553673], [4.735401, 43.507526], [4.743256, 43.448614], [4.787233, 43.401434]], [[8.250484, 46.482279], [8.068273, 46.374121], [7.955308, 46.334691], [7.798625, 46.324615], [7.652898, 46.326578], [7.471203, 46.277486], [7.204966, 46.178009], [7.089159, 46.151757], [7.020481, 46.196819], [6.866382, 46.402594]]]}}, {"type": "Feature", "properties": {"scalerank": 1, "featurecla": "River", "name": "Rosetta Branch", "note": null, "min_zoom": 2.0, "name_alt": null, "name_en": "Rosetta Branch", "min_label": 3.0}, "geometry": {"type": "LineString", "coordinates": [[31.237608, 30.120694], [31.211821, 30.139349], [31.163297, 30.151261], [31.052503, 30.192395], [30.972456, 30.245441], [30.935352, 30.305877], [30.89582, 30.335487], [30.854789, 30.354375], [30.858096, 30.384141], [30.848174, 30.470673], [30.785956, 30.666449], [30.770195, 30.780034], [30.785336, 30.810781], [30.772107, 30.843854], [30.762081, 30.866127], [30.763012, 30.944365], [30.747354, 31.010614], [30.715211, 31.064874], [30.655628, 31.118101], [30.568708, 31.170242], [30.52344, 31.229257], [30.519822, 31.295093], [30.488196, 31.356846], [30.395075, 31.457615]]}}, {"type": "Feature", "properties": {"scalerank": 6, "featurecla": "River", "name": "Ruki", "note": null, "min_zoom": 5.0, "name_alt": null, "name_en": "Ruki", "min_label": 6.0}, "geometry": {"type": "LineString", "coordinates": [[18.951226, -0.219159], [18.804103, -0.121181], [18.661528, -0.069401], [18.474563, -0.031264], [18.360151, 0.012454], [18.318293, 0.061805], [18.271681, 0.082218], [18.184348, 0.063097]]}}, {"type": "Feature", "properties": {"scalerank": 4, "featurecla": "River", "name": "Salween", "note": null, "min_zoom": 4.0, "name_alt": null, "name_en": "Salween", "min_label": 5.0}, "geometry": {"type": "LineString", "coordinates": [[98.50792, 20.951254], [98.502339, 20.828367], [98.537789, 20.711785], [98.612513, 20.560554], [98.659746, 20.414051], [98.679486, 20.272303], [98.552259, 20.14859], [98.140811, 19.99002], [97.942994, 19.960617], [97.865169, 19.928603], [97.841398, 19.884161], [97.809875, 19.858116], [97.770704, 19.850365], [97.696084, 19.717556], [97.531029, 19.330681], [97.457287, 18.851614], [97.440234, 18.830841], [97.40561, 18.82805], [97.353417, 18.843243], [97.331868, 18.778492], [97.340963, 18.633902], [97.380651, 18.494298], [97.450827, 18.359655], [97.523794, 18.295886], [97.599345, 18.302966], [97.632263, 18.290357], [97.622445, 18.258033], [97.65159, 18.173723], [97.7197, 18.037401], [97.739957, 17.935314], [97.698564, 17.833537], [97.755408, 17.57146], [97.749414, 17.443923], [97.699701, 17.363592], [97.658567, 17.251299], [97.62601, 17.107121], [97.608647, 16.947364], [97.606477, 16.772], [97.622393, 16.651981], [97.668437, 16.551626]]}}, {"type": "Feature", "properties": {"scalerank": 6, "featurecla": "River", "name": "Sanaga", "note": null, "min_zoom": 5.0, "name_alt": null, "name_en": "Sanaga", "min_label": 6.0}, "geometry": {"type": "LineString", "coordinates": [[13.126052, 4.933472], [12.99407, 4.983908], [12.900639, 4.993442], [12.711969, 4.959749], [12.63125, 4.93603], [12.548206, 4.876912], [12.46294, 4.782499], [12.385219, 4.732605], [12.280005, 4.724596], [12.130557, 4.575173], [12.0579, 4.544426], [12.012321, 4.582511], [11.907108, 4.542204], [11.74226, 4.423451], [11.595913, 4.399163], [11.467962, 4.469262], [11.295776, 4.411979], [11.079252, 4.227288], [10.85942, 4.107708], [10.636075, 4.053241], [10.502491, 4.046575], [10.458566, 4.087709], [10.392265, 4.045231], [10.303692, 3.919244], [10.235066, 3.859196], [10.18649, 3.865087], [10.116003, 3.813127], [10.023502, 3.703263], [9.937874, 3.643189], [9.819587, 3.627841], [9.76574, 3.62381]]}}, {"type": "Feature", "properties": {"scalerank": 6, "featurecla": "River", "name": "Sangha", "note": null, "min_zoom": 5.0, "name_alt": null, "name_en": "Sangha", "min_label": 6.0}, "geometry": {"type": "LineString", "coordinates": [[16.097653, 1.653698], [16.090109, 1.616672], [16.150105, 1.487403], [16.211755, 1.425908], [16.281208, 1.418983], [16.356656, 1.366222], [16.437994, 1.267572], [16.501453, 1.221063], [16.55406, 1.184062], [16.601189, 1.058282], [16.664441, 0.715771], [16.729656, 0.523844], [16.796732, 0.4824], [16.859674, 0.474648], [16.904633, 0.456458], [16.923339, 0.43062], [16.964164, 0.410156], [16.991397, 0.407986], [17.035684, 0.393723], [17.073511, 0.362045], [17.095835, 0.316105], [17.102657, 0.255954], [17.13082, 0.220917], [17.180326, 0.210892], [17.190197, 0.168827], [17.160534, 0.094723], [17.15609, 0.0], [17.176864, -0.115186], [17.174177, -0.214405], [17.148029, -0.297553], [17.146117, -0.346077], [17.168544, -0.359926], [17.172782, -0.391139], [17.158829, -0.439508], [17.170146, -0.470875], [17.206733, -0.485138], [17.228954, -0.555573], [17.236912, -0.682077], [17.227559, -0.74352], [17.180585, -0.772511], [17.166425, -0.841602], [17.102967, -0.920305], [16.990312, -1.008569], [16.912642, -1.102413], [16.84908, -1.27248]]}}, {"type": "Feature", "properties": {"scalerank": 6, "featurecla": "River", "name": "Sassandra", "note": null, "min_zoom": 5.0, "name_alt": null, "name_en": "Sassandra", "min_label": 6.0}, "geometry": {"type": "MultiLineString", "coordinates": [[[-7.007655, 6.263907], [-6.953291, 6.185256], [-6.775731, 6.053765], [-6.70111, 5.973279], [-6.731031, 5.94496], [-6.733459, 5.902327], [-6.708293, 5.845277], [-6.67615, 5.810111], [-6.63698, 5.796804], [-6.592434, 5.736188], [-6.542515, 5.628287], [-6.481433, 5.538319], [-6.372939, 5.430315], [-6.273849, 5.319676], [-6.232327, 5.225624], [-6.215403, 5.111239], [-6.171323, 5.029874], [-6.061717, 4.952825]], [[-7.236323, 8.945294], [-7.200924, 8.827524], [-7.199374, 8.747115], [-7.21989, 8.664898], [-7.200795, 8.548522], [-7.142143, 8.397989], [-7.102584, 8.171905], [-7.071837, 7.719426], [-7.064292, 7.643306], [-7.042123, 7.610724], [-7.002745, 7.596281], [-6.988844, 7.553183], [-7.000317, 7.481352], [-7.025922, 7.425594], [-7.065661, 7.385803], [-7.074731, 7.284879], [-7.042329, 7.041793]], [[-7.167438, 9.713697], [-7.214464, 9.605228], [-7.230122, 9.510893], [-7.230122, 9.33633], [-7.204077, 9.192928], [-7.211673, 9.126213], [-7.244307, 9.088283], [-7.254565, 9.040017], [-7.236323, 8.952115]]]}}, {"type": "Feature", "properties": {"scalerank": 4, "featurecla": "River", "name": "Seine", "note": null, "min_zoom": 4.0, "name_alt": null, "name_en": "Seine", "min_label": 5.0}, "geometry": {"type": "LineString", "coordinates": [[4.707651, 47.577871], [4.584248, 47.739644], [4.553552, 47.812482], [4.574326, 47.850361], [4.565024, 47.89147], [4.505906, 47.958055], [4.408393, 48.08182], [4.321835, 48.145279], [4.213624, 48.189669], [4.096112, 48.283746], [3.969195, 48.427432], [3.858297, 48.516625], [3.763419, 48.551326], [3.561209, 48.525721], [3.251668, 48.439834], [3.038399, 48.393067], [2.921507, 48.385419], [2.818929, 48.409294], [2.686689, 48.492441], [2.573053, 48.53342], [2.49931, 48.581531], [2.427687, 48.650416], [2.404639, 48.699405], [2.430271, 48.728395], [2.430064, 48.765654], [2.403916, 48.811129], [2.352033, 48.833867], [2.296325, 48.852057], [2.269867, 48.875208], [2.250023, 48.908281], [2.21695, 48.911588], [2.173335, 48.904147], [2.14419, 48.928125], [2.137575, 48.947969], [2.111117, 48.957891], [2.061611, 48.954273], [2.008281, 48.960604], [1.975931, 48.996079], [1.907615, 49.00595], [1.803332, 48.990137], [1.718169, 48.991739], [1.674554, 49.017422], [1.66794, 49.047187], [1.634867, 49.060417], [1.585051, 49.052045], [1.496891, 49.084188], [1.396535, 49.159739], [1.353696, 49.211493], [1.31406, 49.219167], [1.27861, 49.212449], [1.244297, 49.220743], [1.238095, 49.244152], [1.22807, 49.282005], [1.188796, 49.306577], [1.092471, 49.311771], [1.056091, 49.328307], [1.042862, 49.354766], [1.023018, 49.381224], [0.972168, 49.378123], [0.929794, 49.389673], [0.897341, 49.424219], [0.853416, 49.414762], [0.828095, 49.426337], [0.784893, 49.470521], [0.718747, 49.480443], [0.651775, 49.460444], [0.585112, 49.453312], [0.493128, 49.49362], [0.439255, 49.473208]]}}, {"type": "Feature", "properties": {"scalerank": 2, "featurecla": "River", "name": "Selenge (Selenga)", "note": null, "min_zoom": 2.1, "name_alt": null, "name_en": "Selenge (Selenga)", "min_label": 3.1}, "geometry": {"type": "MultiLineString", "coordinates": [[[100.699621, 49.263092], [101.060529, 49.345567], [101.164244, 49.409594], [101.255711, 49.43905], [101.369503, 49.455328], [101.46681, 49.444527], [101.547735, 49.406649], [101.695633, 49.390784], [101.91071, 49.396882], [102.061399, 49.385203], [102.147905, 49.355799], [102.321124, 49.354766], [102.581057, 49.382154], [102.73774, 49.384867], [102.791225, 49.362879], [102.831894, 49.36293], [102.859799, 49.384996], [102.976381, 49.376806], [103.18164, 49.33841], [103.444415, 49.361483], [103.764705, 49.446026], [104.012081, 49.484008], [104.186644, 49.47543], [104.341776, 49.512611], [104.477478, 49.595552], [104.762836, 49.692471], [105.197641, 49.80342], [105.600201, 49.957649], [106.155412, 50.253987], [106.082962, 50.375168], [106.114691, 50.446275], [106.226312, 50.507589], [106.270599, 50.558878], [106.247551, 50.600116], [106.255148, 50.643886], [106.293388, 50.690136], [106.30052, 50.75083], [106.276645, 50.825942], [106.276542, 50.885421], [106.300416, 50.929269], [106.393641, 50.97446], [106.556215, 51.020917], [106.67936, 51.090706], [106.76292, 51.183775], [106.851494, 51.251885], [106.991537, 51.31661], [107.063264, 51.424122], [107.147806, 51.478047], [107.269039, 51.51422], [107.390582, 51.60915], [107.512435, 51.762887], [107.554087, 51.853321], [107.515536, 51.880399], [107.501893, 51.932438], [107.512952, 52.009281], [107.499775, 52.073566], [107.462258, 52.125191], [107.349655, 52.144828], [107.162069, 52.132374], [106.999598, 52.103745], [106.862449, 52.05889], [106.753102, 52.054962], [106.671815, 52.092066], [106.615229, 52.145138]], [[106.615229, 52.145138], [106.583293, 52.214178], [106.613524, 52.265647], [106.751965, 52.316497]], [[106.615229, 52.145138], [106.499267, 52.233918], [106.476943, 52.289987], [106.497304, 52.383108]]]}}, {"type": "Feature", "properties": {"scalerank": 6, "featurecla": "River", "name": "Semliki", "note": null, "min_zoom": 5.0, "name_alt": null, "name_en": "Semliki", "min_label": 6.0}, "geometry": {"type": "MultiLineString", "coordinates": [[[29.83821, -1.200392], [29.781986, -1.141274], [29.696823, -1.148922], [29.563808, -1.203544], [29.475855, -1.220287], [29.432963, -1.199048], [29.396738, -1.15812], [29.367283, -1.097555], [29.377463, -0.952138], [29.452187, -0.606939]], [[29.597191, -0.134152], [29.638222, 0.113017], [29.613624, 0.233526], [29.537143, 0.309645], [29.533888, 0.386385], [29.603857, 0.463693], [29.660753, 0.558674], [29.704678, 0.671277], [29.833508, 0.772873], [30.047345, 0.863513], [30.182892, 0.973481], [30.240149, 1.102775], [30.321075, 1.185303], [30.477861, 1.238839]]]}}, {"type": "Feature", "properties": {"scalerank": 6, "featurecla": "River", "name": "Setit", "note": null, "min_zoom": 5.0, "name_alt": null, "name_en": "Setit", "min_label": 6.0}, "geometry": {"type": "LineString", "coordinates": [[37.816638, 13.875329], [37.699591, 13.909978], [37.629259, 13.970414], [37.535208, 14.117046], [37.35372, 14.372482], [37.25724, 14.453743], [37.185203, 14.445992], [37.132649, 14.406072], [37.099472, 14.333957], [37.063505, 14.289257], [37.024541, 14.271997], [36.940722, 14.280576], [36.811945, 14.315018], [36.679136, 14.307577], [36.5424, 14.258226], [36.427472, 14.24957], [36.334454, 14.281609], [36.220249, 14.279129], [36.084961, 14.242128], [35.976543, 14.257709], [35.894998, 14.325896], [35.864561, 14.424908], [35.895411, 14.619625]]}}, {"type": "Feature", "properties": {"scalerank": 3, "featurecla": "River", "name": "Shatt al Arab", "note": null, "min_zoom": 3.0, "name_alt": null, "name_en": "Shatt al Arab", "min_label": 4.0}, "geometry": {"type": "LineString", "coordinates": [[47.468452, 30.968472], [47.581778, 30.830754], [47.646839, 30.774608], [47.701512, 30.754092], [47.735516, 30.704224], [47.748951, 30.624953], [47.785332, 30.560874], [47.844656, 30.511988], [47.938294, 30.477623], [48.066141, 30.457676], [48.147532, 30.416826], [48.182362, 30.355021], [48.226132, 30.321354], [48.278945, 30.315798], [48.331035, 30.285439], [48.382608, 30.230196], [48.401418, 30.188339], [48.387569, 30.159865], [48.398628, 30.109609], [48.434594, 30.037624], [48.478519, 30.003802], [48.546526, 29.962357]]}}, {"type": "Feature", "properties": {"scalerank": 3, "featurecla": "River", "name": "Shiquan", "note": null, "min_zoom": 3.0, "name_alt": null, "name_en": "Shiquan", "min_label": 4.0}, "geometry": {"type": "LineString", "coordinates": [[81.639803, 31.449579], [81.5488, 31.404466], [81.50038, 31.400048], [81.446119, 31.431829], [81.29295, 31.535233], [81.225048, 31.602257], [81.191355, 31.667318], [81.187427, 31.742662], [81.213162, 31.82829], [81.268094, 31.899862], [81.35212, 31.957481], [81.365918, 32.001897], [81.30959, 32.033187], [81.281892, 32.07998], [81.282822, 32.142302], [81.251506, 32.223873], [81.187841, 32.324642], [81.028884, 32.419624], [80.774739, 32.508817], [80.534651, 32.553], [80.308618, 32.552148], [80.080415, 32.524733], [79.734596, 32.443937]]}}, {"type": "Feature", "properties": {"scalerank": 4, "featurecla": "River", "name": "Shishhid Gol", "note": null, "min_zoom": 4.0, "name_alt": null, "name_en": "Shishhid Gol", "min_label": 5.0}, "geometry": {"type": "MultiLineString", "coordinates": [[[98.808987, 50.626988], [98.985101, 50.556656], [99.06308, 50.55247], [99.120906, 50.610244], [99.206586, 50.750546], [99.321928, 50.80925], [99.402543, 50.898082], [99.47768, 51.048047], [99.491426, 51.148816], [99.443574, 51.200338], [99.466415, 51.329089], [99.423937, 51.349476]], [[99.309835, 51.410428], [99.004221, 51.472569], [98.764029, 51.474455], [98.487456, 51.436783], [98.261941, 51.441977], [98.000251, 51.514091]]]}}, {"type": "Feature", "properties": {"scalerank": 6, "featurecla": "River", "name": "Soroksari Duna", "note": null, "min_zoom": 5.0, "name_alt": null, "name_en": "Soroksari Duna", "min_label": 6.0}, "geometry": {"type": "LineString", "coordinates": [[19.060005, 47.48103], [19.091217, 47.438862], [19.097935, 47.417778], [19.09375, 47.394188], [19.052408, 47.353699], [18.974325, 47.275487], [18.948746, 47.199497], [18.97262, 47.144926], [18.976031, 47.10051], [18.93531, 47.033047]]}}, {"type": "Feature", "properties": {"scalerank": 6, "featurecla": "River", "name": "Suez Canal", "note": null, "min_zoom": 5.0, "name_alt": null, "name_en": "Suez Canal", "min_label": 6.0}, "geometry": {"type": "MultiLineString", "coordinates": [[[32.560835, 30.181517], [32.565692, 29.973959]], [[32.359813, 30.423595], [32.303486, 30.593043], [32.334182, 30.688696], [32.336766, 30.858608], [32.323536, 31.256077]]]}}, {"type": "Feature", "properties": {"scalerank": 4, "featurecla": "River", "name": "Sukhona", "note": null, "min_zoom": 4.0, "name_alt": null, "name_en": "Sukhona", "min_label": 5.0}, "geometry": {"type": "MultiLineString", "coordinates": [[[39.798119, 59.525204], [40.099031, 59.475802], [40.215406, 59.446501], [40.247549, 59.420869], [40.26238, 59.379632], [40.260003, 59.322684], [40.349713, 59.302298], [40.531614, 59.318473], [40.684473, 59.352295], [40.80829, 59.403816], [40.917224, 59.418337], [41.011275, 59.395858], [41.155142, 59.390587], [41.348722, 59.402524], [41.558425, 59.430145], [41.784251, 59.473399], [41.900161, 59.511872], [41.906259, 59.545642], [41.954266, 59.584348], [42.044183, 59.628014], [42.168827, 59.656566], [42.3283, 59.670053], [42.461884, 59.699974], [42.569681, 59.746276], [42.652622, 59.81622], [42.710706, 59.90978], [42.852609, 59.981714], [43.191297, 60.057213], [43.730799, 60.190176], [44.032486, 60.292108], [44.276295, 60.407321], [44.491579, 60.474345], [44.678545, 60.493181], [44.835227, 60.526151], [44.961731, 60.573202], [45.156138, 60.599609], [45.418448, 60.605397], [45.60624, 60.632191], [45.719515, 60.679992], [45.830567, 60.697174], [45.939398, 60.68379], [46.051071, 60.698569], [46.165689, 60.741564], [46.252195, 60.759599], [46.339942, 60.74916]], [[39.053462, 59.868439], [38.928095, 59.938874], [38.656173, 59.929882]]]}}, {"type": "Feature", "properties": {"scalerank": 6, "featurecla": "River", "name": "Sutlej", "note": null, "min_zoom": 5.0, "name_alt": null, "name_en": "Sutlej", "min_label": 6.0}, "geometry": {"type": "MultiLineString", "coordinates": [[[81.375736, 30.758149], [81.293777, 30.792281]], [[81.199313, 30.852096], [80.873958, 31.05397], [80.731228, 31.121253], [80.628392, 31.121253], [80.53403, 31.066373], [80.474499, 31.05335], [80.418172, 31.063892], [80.295595, 31.124612], [80.106563, 31.235406], [79.980421, 31.335917], [79.917065, 31.426196], [79.795471, 31.480869], [79.61574, 31.500041], [79.455595, 31.550374], [79.315138, 31.63192], [79.170806, 31.669773], [79.022701, 31.663882], [78.922139, 31.69698], [78.869119, 31.769121], [78.811345, 31.815733], [78.74861, 31.836894], [78.651665, 31.804467], [78.52051, 31.718426], [78.45178, 31.656673], [78.445476, 31.619156], [78.404806, 31.600423], [78.329669, 31.600423], [78.284452, 31.580605], [78.269052, 31.540969], [78.153401, 31.531822], [77.937393, 31.553216], [77.756526, 31.511514], [77.610798, 31.406817], [77.495456, 31.355502], [77.410603, 31.357569], [77.352984, 31.337984], [77.322702, 31.29672], [77.270457, 31.267239], [77.196146, 31.249566], [77.0899, 31.272743], [76.951613, 31.33677], [76.882884, 31.38023], [76.883711, 31.403122], [76.854255, 31.41307], [76.764648, 31.408626]], [[76.435056, 31.422268], [76.383793, 31.407386], [76.369582, 31.38656], [76.375266, 31.354882], [76.534998, 31.143681], [76.566934, 31.05335], [76.52611, 31.003017], [76.360022, 30.989013], [76.06867, 31.011363], [75.791116, 31.013198], [75.527463, 30.994491], [75.304996, 31.034695], [75.123818, 31.133785], [74.983982, 31.177115], [74.88559, 31.164765], [74.727511, 31.092263], [74.509747, 30.959661], [74.380401, 30.893412], [74.33937, 30.893567], [74.215605, 30.768975], [74.009002, 30.519688], [73.805656, 30.363367], [73.505415, 30.268308], [73.381805, 30.229266], [73.325375, 30.194436], [73.294989, 30.150744], [73.268117, 30.139349], [73.24476, 30.160227], [73.157943, 30.12364], [73.007771, 30.029589], [72.858323, 29.960084], [72.709805, 29.915022], [72.631257, 29.875851], [72.622679, 29.842546], [72.554362, 29.829032], [72.426102, 29.835285], [72.308589, 29.793711], [72.201619, 29.70426], [72.15263, 29.639509], [72.161518, 29.599486], [72.120539, 29.557473], [72.029692, 29.513444], [71.9051, 29.486986], [71.746866, 29.478098], [71.650128, 29.452156], [71.614988, 29.409161], [71.56481, 29.382393], [71.499595, 29.371851], [71.418101, 29.382083], [71.320433, 29.413089], [71.209122, 29.413089], [71.014146, 29.326246]]]}}, {"type": "Feature", "properties": {"scalerank": 4, "featurecla": "River", "name": "Severnaya Dvina", "note": "Northern Dvina", "min_zoom": 4.0, "name_alt": null, "name_en": "Severnaya Dvina", "min_label": 5.0}, "geometry": {"type": "LineString", "coordinates": [[46.339942, 60.74916], [46.455749, 60.843212], [46.512024, 60.910313], [46.547371, 60.981756], [46.564889, 61.043664], [46.564579, 61.096039], [46.579772, 61.129809], [46.610468, 61.145054], [46.617134, 61.186317], [46.591089, 61.287319], [46.254521, 61.472165], [45.945134, 61.59469], [45.550739, 61.716543], [45.291427, 61.839637], [45.1673, 61.964048], [45.091181, 62.060657], [45.063172, 62.129541], [44.974651, 62.206022], [44.825512, 62.2901], [44.561963, 62.346944], [44.183898, 62.376503], [43.907119, 62.44177], [43.731522, 62.542798], [43.403687, 62.670128], [42.923613, 62.823866], [42.657376, 62.934453], [42.605183, 63.001917], [42.487257, 63.044886], [42.211925, 63.072585], [42.077256, 63.140797], [42.040721, 63.194954], [42.057361, 63.257767], [42.015658, 63.328848], [41.915612, 63.408275], [41.872101, 63.483154], [41.885123, 63.553485], [41.805748, 63.60542], [41.633873, 63.638958], [41.514707, 63.681023], [41.448147, 63.731588], [41.469955, 63.784608], [41.580129, 63.840031], [41.632736, 63.879951], [41.627671, 63.904317], [41.658057, 63.944159], [41.723686, 63.999453], [41.751591, 64.05206], [41.74167, 64.101979], [41.77681, 64.136861], [41.857115, 64.156704], [41.883573, 64.192465], [41.856185, 64.244193], [41.654026, 64.295042], [41.276995, 64.345065], [40.948953, 64.41643], [40.530477, 64.55544], [40.450224, 64.629854], [40.407797, 64.754885]]}}, {"type": "Feature", "properties": {"scalerank": 5, "featurecla": "River", "name": "Svir’", "note": null, "min_zoom": 4.7, "name_alt": null, "name_en": "Svir’", "min_label": 5.7}, "geometry": {"type": "LineString", "coordinates": [[32.815754, 60.48189], [32.8634, 60.477187], [32.995795, 60.511087], [33.139869, 60.576096], [33.290454, 60.679501], [33.438197, 60.738153], [33.583201, 60.752158], [33.713012, 60.810965], [33.827734, 60.914628], [33.918116, 60.964238], [34.01718, 60.957727], [34.086116, 60.925739], [34.29339, 60.942947], [34.84638, 61.026637]]}}, {"type": "Feature", "properties": {"scalerank": 5, "featurecla": "River", "name": "Syr Darya", "note": null, "min_zoom": 4.7, "name_alt": null, "name_en": "Syr Darya", "min_label": 5.7}, "geometry": {"type": "MultiLineString", "coordinates": [[[69.826984, 40.272684], [69.68446, 40.30183], [69.562504, 40.285707], [69.413676, 40.233979], [69.298954, 40.225194], [69.218235, 40.259352], [69.152296, 40.338003], [69.101137, 40.4612], [69.086925, 40.53918], [69.093695, 40.577213], [69.081758, 40.598659], [69.019643, 40.657829], [68.816554, 40.796864], [68.701626, 40.898331], [68.674858, 40.96228], [68.610055, 41.02238], [68.455801, 41.106768]], [[67.990817, 41.254717], [68.008232, 41.285491], [68.069262, 41.335979], [68.086521, 41.462586], [68.051485, 41.658259], [68.067298, 41.834243], [68.133857, 41.990512], [68.185637, 42.081101], [68.20114, 42.099162], [68.207134, 42.132209], [68.192148, 42.150244], [68.187652, 42.181663], [68.254728, 42.236957], [68.284597, 42.302121], [68.277259, 42.377155], [68.25292, 42.443404], [68.211475, 42.500817], [68.208064, 42.553889], [68.242688, 42.60262], [68.254832, 42.662952], [68.2446, 42.734963], [68.229045, 42.769069], [68.223981, 42.794236], [68.200055, 42.825112], [68.134839, 42.866376], [68.118974, 42.907976], [68.129051, 42.946604], [68.088899, 42.990942], [67.928598, 43.031327], [67.838268, 43.121089], [67.817907, 43.260228], [67.788865, 43.341386], [67.751141, 43.364537], [67.720136, 43.358439], [67.693419, 43.331309], [67.660346, 43.343324], [67.64567, 43.38898], [67.604535, 43.418125], [67.547795, 43.420761], [67.514463, 43.459311], [67.504438, 43.533829], [67.443822, 43.631032], [67.332511, 43.75087], [67.258665, 43.811073], [67.222285, 43.81159], [67.194896, 43.839288], [67.176396, 43.894246], [67.107356, 43.948713], [66.98757, 44.002715], [66.901684, 44.008787], [66.849594, 43.966877], [66.770633, 43.958816], [66.664903, 43.984551], [66.602529, 43.988736], [66.560516, 44.009045], [66.533128, 44.101856], [66.49375, 44.151672], [66.442177, 44.158494], [66.418148, 44.180663], [66.421558, 44.218232], [66.382026, 44.267893], [66.299447, 44.329646], [66.263325, 44.37078], [66.188033, 44.425351], [66.019464, 44.456951], [65.974506, 44.509273], [65.957142, 44.539762], [65.915905, 44.584101], [65.833429, 44.640299], [65.794052, 44.687324], [65.791209, 44.722593], [65.738396, 44.748173], [65.61613, 44.756338], [65.493398, 44.815921], [65.370305, 44.926922], [65.2299, 44.99281], [65.072287, 45.013583], [64.963818, 45.012343], [64.90439, 44.989141], [64.783881, 45.002215], [64.60229, 45.051617], [64.466071, 45.113216], [64.37543, 45.18701], [64.334296, 45.234138], [64.318379, 45.270157], [64.260812, 45.280776], [64.220608, 45.321885], [64.19756, 45.393509], [64.112087, 45.446219], [63.963982, 45.479963], [63.883005, 45.511072], [63.869053, 45.539443], [63.877063, 45.567271], [63.906932, 45.594504], [63.875822, 45.632021], [63.783735, 45.679796], [63.751592, 45.713127], [63.700174, 45.718062], [63.33601, 45.634734], [63.124189, 45.632822], [63.005436, 45.700053], [62.900326, 45.71938], [62.808859, 45.6907], [62.733153, 45.690803], [62.673208, 45.71969], [62.634089, 45.759094], [62.615796, 45.809039], [62.565411, 45.813405], [62.482832, 45.772142], [62.376431, 45.758344], [62.246103, 45.771987], [62.127092, 45.751316], [62.019398, 45.69641], [61.897028, 45.704704], [61.759983, 45.776173], [61.70257, 45.83281], [61.724791, 45.874616], [61.762876, 45.902935], [61.816723, 45.917895], [61.822821, 45.949289], [61.760189, 46.021119]], [[61.561958, 46.109744], [61.264199, 46.050988], [61.093253, 46.057913], [60.877969, 46.137339]]]}}, {"type": "Feature", "properties": {"scalerank": 4, "featurecla": "River", "name": "Sénégal", "note": null, "min_zoom": 4.0, "name_alt": null, "name_en": "Sénégal", "min_label": 5.0}, "geometry": {"type": "LineString", "coordinates": [[-10.89243, 13.777867], [-10.914005, 13.78934], [-10.952065, 13.801406], [-11.011235, 13.855589], [-11.062187, 13.972274], [-11.12947, 14.04506], [-11.213083, 14.073999], [-11.245639, 14.104876], [-11.227242, 14.13769], [-11.229516, 14.191796], [-11.252512, 14.267243], [-11.299589, 14.342639], [-11.370799, 14.418061], [-11.476839, 14.489503], [-11.617709, 14.556993], [-11.73964, 14.597843], [-11.842631, 14.612002], [-11.935829, 14.646703], [-12.060938, 14.729489], [-12.302525, 14.817003], [-12.408669, 14.889014], [-12.45988, 14.974642], [-12.543544, 15.039005], [-12.659635, 15.082077], [-12.735238, 15.131273], [-12.770326, 15.18667], [-12.813166, 15.223541], [-12.858512, 15.242532], [-12.862646, 15.262376], [-12.851897, 15.289661], [-12.862724, 15.340408], [-12.930859, 15.453011], [-12.994318, 15.504894], [-13.048526, 15.496625], [-13.079274, 15.510423], [-13.097903, 15.535279], [-13.105293, 15.571763], [-13.142371, 15.603337], [-13.206449, 15.616877], [-13.257997, 15.700386], [-13.297012, 15.853865], [-13.347552, 15.973496], [-13.409641, 16.059175], [-13.454083, 16.091137], [-13.486949, 16.097002], [-13.498163, 16.110309], [-13.506999, 16.135217], [-13.555524, 16.144054], [-13.623556, 16.118293], [-13.684689, 16.126923], [-13.71492, 16.168781], [-13.756648, 16.172502], [-13.809798, 16.138033], [-13.868476, 16.148162], [-13.932607, 16.202861], [-13.96816, 16.257199], [-13.975033, 16.311149], [-14.085672, 16.418843], [-14.300078, 16.58028], [-14.533733, 16.65596], [-14.786689, 16.645883], [-14.928618, 16.653532], [-14.959521, 16.678905], [-14.990604, 16.676889], [-15.02192, 16.647485], [-15.055225, 16.640974], [-15.090572, 16.657381], [-15.112638, 16.644927], [-15.121423, 16.603586], [-15.210565, 16.582606], [-15.37996, 16.581986], [-15.516696, 16.556612], [-15.620772, 16.50659], [-15.768205, 16.485092], [-15.958995, 16.49212], [-16.074026, 16.510465], [-16.1133, 16.540128], [-16.168336, 16.547052], [-16.239029, 16.531291], [-16.302307, 16.451322], [-16.358117, 16.30717], [-16.404342, 16.224901], [-16.441032, 16.204541], [-16.4801, 16.097209], [-16.502062, 15.917323], [-16.535238, 15.838362]]}}, {"type": "Feature", "properties": {"scalerank": 5, "featurecla": "River", "name": "Tajo", "note": null, "min_zoom": 4.7, "name_alt": null, "name_en": "Tajo", "min_label": 5.7}, "geometry": {"type": "MultiLineString", "coordinates": [[[-5.995572, 39.851857], [-6.326146, 39.763594], [-6.532903, 39.746101], [-6.72607, 39.770053], [-6.896395, 39.756928], [-7.117674, 39.681687]], [[-2.732722, 40.528379], [-2.961002, 40.275061], [-3.099934, 40.156206], [-3.225612, 40.08745], [-3.380796, 40.04815], [-3.565487, 40.03828], [-3.738914, 39.995492], [-3.901023, 39.919786], [-4.059049, 39.88108], [-4.212993, 39.879375], [-4.318361, 39.839429], [-4.427915, 39.866921], [-4.628058, 39.947898], [-4.757327, 39.981591], [-4.815644, 39.967897], [-4.889231, 39.920794], [-4.977985, 39.84023], [-5.070977, 39.802997], [-5.21673, 39.812144]], [[-1.905537, 40.601036], [-2.060101, 40.744852], [-2.144282, 40.797407], [-2.24239, 40.811204], [-2.576814, 40.724388]]]}}, {"type": "Feature", "properties": {"scalerank": 6, "featurecla": "River", "name": "Tarim", "note": null, "min_zoom": 5.0, "name_alt": null, "name_en": "Tarim", "min_label": 6.0}, "geometry": {"type": "LineString", "coordinates": [[80.888014, 40.467143], [81.026197, 40.518612], [81.129033, 40.534942], [81.242411, 40.533237], [81.34256, 40.574475], [81.42948, 40.658656], [81.546268, 40.706689], [81.693029, 40.718626], [81.809611, 40.7525], [81.895911, 40.80831], [82.12122, 40.886342], [82.485539, 40.986594], [82.749037, 41.004164], [82.911818, 40.938974], [83.082299, 40.927967], [83.260376, 40.971117], [83.454989, 40.998092], [83.666139, 41.008893], [83.792901, 41.001115], [83.835379, 40.974812], [83.895996, 40.997653], [83.974854, 41.069638], [84.091333, 41.131262], [84.245638, 41.182448], [84.476529, 41.194954], [84.784004, 41.168779], [84.984353, 41.129376], [85.077474, 41.076718], [85.218396, 41.02822], [85.407015, 40.983829], [85.617028, 40.992511], [85.848435, 41.054264], [86.03788, 41.07062], [86.185365, 41.041578], [86.334865, 41.03734], [86.486277, 41.057908], [86.505345, 41.099714], [86.392174, 41.162837], [86.344528, 41.206477], [86.371607, 41.242806], [86.381839, 41.278204], [86.368196, 41.285026], [86.33409, 41.275104], [86.26567, 41.297428], [86.162937, 41.35205], [86.060825, 41.382384], [85.959229, 41.388482], [85.876857, 41.426361], [85.813605, 41.495969], [85.78632, 41.5709], [85.795001, 41.651153], [85.828901, 41.706679], [85.888019, 41.737504], [85.973492, 41.752542], [86.085319, 41.751715], [86.164798, 41.772463], [86.211927, 41.814786], [86.304738, 41.819256], [86.443127, 41.785925], [86.572628, 41.78329], [86.753392, 41.825509]]}}, {"type": "Feature", "properties": {"scalerank": 6, "featurecla": "River", "name": "Taz", "note": null, "min_zoom": 5.0, "name_alt": null, "name_en": "Taz", "min_label": 6.0}, "geometry": {"type": "LineString", "coordinates": [[84.219697, 62.636694], [84.445316, 62.811153], [84.581949, 62.886084], [84.833303, 62.966286], [85.244854, 63.076822], [85.506027, 63.189012], [85.616718, 63.302855], [85.608811, 63.357167], [85.482204, 63.351896], [85.388928, 63.391325], [85.329087, 63.475402], [85.184289, 63.537001], [84.954536, 63.57612], [84.805966, 63.619528], [84.738477, 63.667225], [84.636467, 63.696242], [84.499938, 63.706525], [84.322946, 63.681953], [84.105492, 63.622577], [83.915478, 63.588445], [83.752904, 63.579608], [83.70562, 63.594852], [83.773626, 63.634178], [83.765358, 63.681255], [83.680918, 63.73611], [83.602215, 63.757711], [83.529351, 63.746109], [83.495865, 63.750657], [83.501756, 63.771379], [83.459227, 63.807217], [83.322801, 63.883672], [83.197847, 63.924109], [83.109274, 63.925788], [83.015429, 63.902172], [82.98494, 63.874887], [83.017703, 63.843907], [82.999771, 63.810472], [82.931042, 63.774506], [82.898434, 63.766134], [82.902051, 63.785306], [82.86195, 63.784376], [82.778234, 63.763343], [82.685734, 63.763343], [82.584551, 63.784376], [82.52316, 63.784272], [82.501559, 63.76293], [82.459494, 63.767271], [82.396966, 63.797295], [82.380223, 63.819877], [82.409471, 63.835122], [82.34932, 63.865766], [82.199769, 63.911861], [82.076675, 63.966587], [81.979937, 64.03002], [81.884646, 64.114485], [81.790801, 64.220008], [81.753698, 64.287575], [81.773438, 64.317186], [81.749977, 64.350233], [81.683314, 64.386768], [81.668845, 64.410022], [81.706362, 64.419944], [81.712563, 64.437178], [81.687345, 64.46175], [81.439298, 64.542882], [81.387673, 64.570943], [81.441314, 64.581175], [81.487977, 64.60616], [81.527768, 64.645874], [81.537225, 64.674141], [81.516451, 64.690884], [81.521567, 64.699255], [81.552573, 64.699255], [81.53521, 64.731631], [81.469581, 64.796381], [81.46772, 64.846223], [81.529629, 64.881053], [81.528078, 64.908752], [81.462863, 64.929215], [81.430306, 64.978721], [81.430306, 65.057218], [81.52813, 65.112227], [81.723777, 65.143698], [81.889555, 65.192403], [82.025464, 65.258291], [82.100808, 65.309451], [82.115588, 65.345831], [82.087734, 65.371927], [82.017247, 65.387689], [81.989755, 65.420452], [82.005362, 65.470113], [82.041742, 65.488458], [82.098896, 65.475435], [82.11967, 65.478277], [82.103857, 65.496984], [82.122771, 65.52427], [82.176204, 65.560185], [82.399446, 65.651497], [82.422287, 65.702502], [82.337021, 65.755728], [82.302863, 65.814794], [82.319916, 65.879648], [82.27873, 65.941092], [82.179201, 65.999073], [82.17799619200059, 66.0]]}}, {"type": "Feature", "properties": {"scalerank": 5, "featurecla": "River", "name": "Tejo", "note": null, "min_zoom": 4.7, "name_alt": "Tagus", "name_en": "Tagus", "min_label": 5.7}, "geometry": {"type": "LineString", "coordinates": [[-7.117674, 39.681687], [-7.454087, 39.680679], [-7.653352, 39.634015], [-7.827605, 39.541308], [-7.98222, 39.49237], [-8.18474, 39.48467], [-8.375581, 39.468005], [-8.520689, 39.371241], [-8.660732, 39.249336], [-8.741761, 39.115391], [-8.791603, 39.078183]]}}, {"type": "Feature", "properties": {"scalerank": 6, "featurecla": "River", "name": "Thames", "note": null, "min_zoom": 5.0, "name_alt": null, "name_en": "Thames", "min_label": 6.0}, "geometry": {"type": "LineString", "coordinates": [[-2.021912, 51.685889], [-1.939282, 51.648476], [-1.824302, 51.652067], [-1.561992, 51.700178], [-1.43399, 51.704803], [-1.368826, 51.725319], [-1.323815, 51.763171], [-1.281544, 51.75896], [-1.241908, 51.712709], [-1.238808, 51.681962], [-1.220153, 51.649819], [-1.170285, 51.627702], [-1.123905, 51.586567], [-1.110211, 51.525227], [-1.068663, 51.48461], [-0.999236, 51.464714], [-0.943942, 51.478822], [-0.902808, 51.526984], [-0.841416, 51.554114], [-0.759767, 51.56029], [-0.71455, 51.549309], [-0.70574, 51.521248], [-0.676904, 51.503937], [-0.603653, 51.494118], [-0.503245, 51.415725], [-0.43325, 51.392419], [-0.360231, 51.398052], [-0.320337, 51.418826], [-0.313593, 51.454741], [-0.244863, 51.479752], [-0.048751, 51.500939], [0.384504, 51.453139], [0.424502, 51.465644]]}}, {"type": "Feature", "properties": {"scalerank": 4, "featurecla": "River", "name": "Tigris", "note": null, "min_zoom": 4.0, "name_alt": null, "name_en": "Tigris", "min_label": 5.0}, "geometry": {"type": "LineString", "coordinates": [[42.376566, 37.062493], [42.433617, 36.989784], [42.46638, 36.967434], [42.489169, 36.959579], [42.509323, 36.940665], [42.51294, 36.875837], [42.558674, 36.832481], [42.713083, 36.784783], [42.758558, 36.755173], [42.774475, 36.733159], [42.760832, 36.718741], [42.85757, 36.707527], [42.895191, 36.691301], [42.901289, 36.661561], [42.886096, 36.6458], [42.849509, 36.643991], [42.811165, 36.60867], [42.771167, 36.539837], [42.844341, 36.478497], [43.030686, 36.42465], [43.168663, 36.333648], [43.258269, 36.205439], [43.317491, 36.076196], [43.346326, 35.945868], [43.343226, 35.857812], [43.307982, 35.812026], [43.29744, 35.765414], [43.3116, 35.717975], [43.299301, 35.681879], [43.260647, 35.657074], [43.248348, 35.586407], [43.262404, 35.469825], [43.348031, 35.31632], [43.505231, 35.125867], [43.568431, 35.006184], [43.537529, 34.957221], [43.584038, 34.832009], [43.707854, 34.630496], [43.784646, 34.453091], [43.814515, 34.299715], [43.854202, 34.193727], [43.903811, 34.135074], [43.960345, 34.098074], [44.05543, 34.075104], [44.23237, 34.050015], [44.32854, 34.019009], [44.402851, 33.973715], [44.427345, 33.909197], [44.402024, 33.825481], [44.398458, 33.768895], [44.416752, 33.73944], [44.400009, 33.696858], [44.348436, 33.641254], [44.318256, 33.585857], [44.309678, 33.530667], [44.323941, 33.451033], [44.361045, 33.346854], [44.396701, 33.293369], [44.430808, 33.290578], [44.480004, 33.235078], [44.544289, 33.126971], [44.674617, 33.023695], [44.870988, 32.925226], [44.980955, 32.887192], [45.026585, 32.891248], [45.041365, 32.879156], [45.041365, 32.856341], [45.044465, 32.832286], [45.079502, 32.803476], [45.139602, 32.785389], [45.224764, 32.778], [45.260214, 32.751619], [45.258664, 32.713662], [45.298403, 32.663485], [45.383669, 32.60354], [45.522007, 32.555739], [45.809122, 32.502202], [46.029883, 32.618681], [46.136595, 32.63222], [46.201397, 32.587546], [46.343611, 32.54158], [46.563236, 32.494348], [46.692168, 32.442568], [46.730409, 32.386344], [46.735163, 32.32149], [46.706328, 32.248058], [46.698886, 32.190697], [46.712632, 32.149433], [46.755369, 32.112123], [46.826992, 32.078766], [46.888487, 32.013886], [46.939854, 31.917458], [47.00786, 31.8679], [47.092506, 31.865213], [47.138549, 31.825758], [47.146094, 31.749484], [47.220818, 31.62732], [47.362929, 31.459165], [47.433932, 31.286049], [47.441322, 30.99909]]}}, {"type": "Feature", "properties": {"scalerank": 6, "featurecla": "River", "name": "Tisa", "note": null, "min_zoom": 5.0, "name_alt": null, "name_en": "Tisa", "min_label": 6.0}, "geometry": {"type": "LineString", "coordinates": [[20.178851, 46.260846], [20.086971, 46.165865], [20.066455, 46.138399], [20.06444, 46.116927], [20.078806, 46.076361], [20.073535, 46.048714], [20.061132, 46.028974], [20.079994, 46.000758], [20.104231, 45.969184], [20.123764, 45.922314], [20.121646, 45.890274], [20.097771, 45.873066], [20.104902, 45.833999], [20.140352, 45.778343], [20.135857, 45.742066], [20.109553, 45.723669], [20.084749, 45.688891], [20.070176, 45.631892], [20.104644, 45.563317], [20.18805, 45.483116], [20.222828, 45.431077], [20.208875, 45.407151], [20.231045, 45.348705], [20.289439, 45.255739], [20.308352, 45.192436], [20.282308, 45.125773]]}}, {"type": "Feature", "properties": {"scalerank": 6, "featurecla": "River", "name": "Tisza", "note": null, "min_zoom": 5.0, "name_alt": null, "name_en": "Tisza", "min_label": 6.0}, "geometry": {"type": "MultiLineString", "coordinates": [[[21.346429, 48.026319], [21.181633, 48.005804], [21.103498, 47.944206], [21.057092, 47.834652], [20.871212, 47.689958], [20.545754, 47.510124], [20.400026, 47.382224], [20.43403, 47.30626], [20.426278, 47.26957], [20.376772, 47.272154], [20.305975, 47.24151], [20.213785, 47.177741], [20.174717, 47.11914], [20.188773, 47.065706], [20.21797, 47.037543], [20.192081, 47.009896], [20.155029, 46.979613], [20.143505, 46.938531], [20.124694, 46.911711], [20.066093, 46.873547], [20.079736, 46.810941], [20.165622, 46.723918], [20.191564, 46.652863], [20.157457, 46.597725], [20.162728, 46.500108], [20.20748, 46.360013], [20.217092, 46.282653], [20.178851, 46.260846]], [[24.255605, 48.321754], [24.337874, 48.2939], [24.3325, 48.234162], [24.234314, 48.08275], [24.169719, 47.954954], [24.001822, 47.935782], [23.709023, 47.982601], [23.477306, 48.049212], [23.306671, 48.135667], [23.146112, 48.154529], [22.995527, 48.105746], [22.885146, 48.09138], [22.81497, 48.111482], [22.70154, 48.107012], [22.54496, 48.078022], [22.419541, 48.095359], [22.32518, 48.158973], [22.276346, 48.244032], [22.272935, 48.350486], [22.253763, 48.407381], [22.218934, 48.41472], [22.133254, 48.37374], [21.996828, 48.284495], [21.868981, 48.22176], [21.749815, 48.185586], [21.636644, 48.169928], [21.529673, 48.17476], [21.465181, 48.145537], [21.443374, 48.082233], [21.409061, 48.044535], [21.338987, 48.026319]]]}}, {"type": "Feature", "properties": {"scalerank": 5, "featurecla": "River", "name": "Tobol", "note": null, "min_zoom": 4.7, "name_alt": null, "name_en": "Tobol", "min_label": 5.7}, "geometry": {"type": "LineString", "coordinates": [[60.910319, 51.668836], [61.014808, 51.492361], [61.363108, 51.441873], [61.515863, 51.454431], [61.589347, 51.513135], [61.605677, 51.635712], [61.565059, 51.822057], [61.554724, 51.948974], [61.574878, 52.016412], [61.559581, 52.086072], [61.509042, 52.15785], [61.547024, 52.252677], [61.673631, 52.370499], [61.734816, 52.442303], [61.776984, 52.465816], [61.834552, 52.482998], [62.046735, 52.487029], [62.298244, 52.529094], [62.588976, 52.609115], [62.767466, 52.696164], [62.833715, 52.790266], [63.023678, 52.891268], [63.337354, 52.99922], [63.586693, 53.145568], [63.86404, 53.422708], [63.875667, 53.567067], [63.845643, 53.670885], [63.777741, 53.782196], [63.751592, 53.886685], [63.767095, 53.984457], [63.797791, 54.040939], [63.843783, 54.056081], [63.858459, 54.07949], [63.859338, 54.117834], [63.877166, 54.152509], [63.963982, 54.203462], [64.006564, 54.251728], [64.062943, 54.302913], [64.19942, 54.347432], [64.589991, 54.402209], [64.80946, 54.480396], [64.857933, 54.582095], [64.915656, 54.651548], [64.982525, 54.688807], [65.001128, 54.717797], [64.971466, 54.738623], [64.973947, 54.772936], [65.008673, 54.820788], [65.008105, 54.862905], [64.972241, 54.899207], [64.958237, 54.93582], [64.966092, 54.972666], [65.04433, 55.064184], [65.192848, 55.210274], [65.254705, 55.312128], [65.229797, 55.369747], [65.264058, 55.411295], [65.357386, 55.43672], [65.448181, 55.500566], [65.580421, 55.653968], [65.610704, 55.787603], [65.641348, 55.841424], [65.682379, 55.85995], [65.695401, 55.899379], [65.680415, 55.959634], [65.757775, 56.027304], [65.927583, 56.102416], [65.973007, 56.152077], [65.964894, 56.190937], [65.997295, 56.251089], [66.185035, 56.308088], [66.256452, 56.362141], [66.260225, 56.384336], [66.27826, 56.424799], [66.337481, 56.481462], [66.348591, 56.53133], [66.311488, 56.574377], [66.329109, 56.631841], [66.40156, 56.703826], [66.436183, 56.766044], [66.433186, 56.818496], [66.465432, 56.850587], [66.532921, 56.862318], [66.561808, 56.884306], [66.55199, 56.916604], [66.577105, 56.961226], [66.637153, 57.018174], [66.730635, 57.071013], [66.934137, 57.15801], [66.960389, 57.185864], [66.963489, 57.211495], [66.943542, 57.234905], [66.953361, 57.257797], [66.993151, 57.280173], [67.004314, 57.297381], [67.043123, 57.320042], [67.076454, 57.338826], [67.099553, 57.375155], [67.080226, 57.432309], [67.096814, 57.464348], [67.149318, 57.471299], [67.160066, 57.499798], [67.128957, 57.549769], [67.091337, 57.579793], [67.098623, 57.611574], [67.114901, 57.635345], [67.147561, 57.677513], [67.153038, 57.734874], [67.208177, 57.786086], [67.31308, 57.831147], [67.533997, 57.864375], [67.870824, 57.885821], [68.053449, 57.910264], [68.081871, 57.937756], [68.083317, 57.969614], [68.057996, 58.00584], [68.088537, 58.060074], [68.218296, 58.168388]]}}, {"type": "Feature", "properties": {"scalerank": 6, "featurecla": "River", "name": "Tom’", "note": null, "min_zoom": 5.0, "name_alt": null, "name_en": "Tom’", "min_label": 6.0}, "geometry": {"type": "LineString", "coordinates": [[89.771089, 53.646028], [89.394782, 53.435137], [89.176397, 53.440614], [89.080124, 53.482963], [89.033047, 53.563966], [88.975479, 53.621017], [88.907369, 53.654116], [88.744485, 53.676724], [88.486827, 53.688816], [88.315984, 53.683597], [88.231752, 53.661144], [88.11548, 53.67768], [87.966962, 53.733232], [87.788213, 53.776795], [87.57913, 53.808344], [87.401208, 53.809868], [87.254344, 53.781291], [87.178896, 53.798319], [87.174659, 53.860899], [87.249124, 53.937328], [87.40219, 54.027504], [87.491435, 54.105483], [87.516963, 54.171164], [87.512054, 54.231987], [87.476604, 54.287849], [87.484459, 54.343505], [87.535619, 54.39885], [87.539804, 54.474789], [87.496913, 54.571269], [87.399865, 54.634857], [87.172798, 54.680952], [87.087222, 54.715834], [87.069445, 54.749733], [87.05141, 54.830478], [87.057405, 54.855515], [87.102983, 54.896443], [87.121225, 54.945096], [87.11213, 55.001501], [87.03999, 55.026151], [86.842483, 55.066639], [86.801245, 55.10258], [86.715462, 55.140407], [86.593764, 55.142552], [86.436151, 55.109014], [86.370832, 55.163868], [86.337655, 55.235905], [86.262311, 55.332282], [86.165625, 55.385276], [86.047699, 55.394914], [85.96698, 55.434033], [85.923676, 55.502607], [85.833138, 55.570846], [85.695576, 55.638775], [85.537033, 55.669626], [85.357715, 55.663321], [85.193798, 55.679677], [85.04528, 55.718718], [84.967145, 55.766157], [84.959187, 55.821994], [84.97748, 55.865944], [84.989366, 55.917001], [84.983785, 55.953407], [84.957843, 55.994567], [84.947094, 56.048517], [84.950143, 56.140992], [84.916399, 56.199361], [84.906063, 56.234604], [84.910921, 56.294962], [84.898415, 56.342711], [84.899862, 56.37842], [84.943374, 56.401881], [84.947301, 56.447718], [84.911541, 56.515879], [84.856247, 56.566728], [84.781523, 56.600215], [84.716669, 56.663105], [84.661789, 56.755451], [84.597297, 56.807437], [84.523193, 56.819168], [84.473687, 56.846427], [84.436324, 56.910687]]}}, {"type": "Feature", "properties": {"scalerank": 1, "featurecla": "River", "name": "Tongtian", "note": null, "min_zoom": 2.0, "name_alt": null, "name_en": "Tongtian", "min_label": 3.0}, "geometry": {"type": "LineString", "coordinates": [[92.992805, 34.100296], [93.094504, 34.194502], [93.262039, 34.222356], [93.529206, 34.215225], [93.70656, 34.23897], [93.837611, 34.320903], [94.010469, 34.501254], [94.117181, 34.566986], [94.215469, 34.578148], [94.338046, 34.628791], [94.48491, 34.718966], [94.660713, 34.74067], [94.865249, 34.693955], [95.018159, 34.62445], [95.119342, 34.532156], [95.212049, 34.485983], [95.296282, 34.485932], [95.398291, 34.442213], [95.518077, 34.354854], [95.575386, 34.293101], [95.570322, 34.257031], [95.59585, 34.229436], [95.652177, 34.210367], [95.756977, 34.111407], [95.910456, 33.932606], [96.023007, 33.823621], [96.094734, 33.78445], [96.152509, 33.770239], [96.19633, 33.781039], [96.222375, 33.769334], [96.23054, 33.735073], [96.276015, 33.724996], [96.358801, 33.739104], [96.418125, 33.715281], [96.454092, 33.653502], [96.52923, 33.603789], [96.643538, 33.566143], [96.701881, 33.516327], [96.704258, 33.454367], [96.7225, 33.406488], [96.756709, 33.37264], [96.780584, 33.364269], [96.794227, 33.381322], [96.807869, 33.37078], [96.821512, 33.332591], [96.873033, 33.320499], [96.962433, 33.334451], [97.011268, 33.309698], [97.019691, 33.24624], [97.084751, 33.143662], [97.206501, 33.001965], [97.290734, 32.92259], [97.337346, 32.905511], [97.37817, 32.847763], [97.413, 32.749423], [97.624253, 32.614056], [98.011723, 32.441741], [98.209127, 32.329707], [98.216362, 32.278004], [98.278167, 32.185116], [98.394542, 32.051016], [98.445909, 31.941306], [98.432266, 31.855989], [98.454487, 31.782427], [98.54151, 31.689797]]}}, {"type": "Feature", "properties": {"scalerank": 6, "featurecla": "River", "name": "Tshuapa", "note": null, "min_zoom": 5.0, "name_alt": null, "name_en": "Tshuapa", "min_label": 6.0}, "geometry": {"type": "LineString", "coordinates": [[24.594499, -3.176757], [24.617237, -2.994546], [24.582924, -2.902096], [24.499208, -2.838534], [24.44009, -2.769081], [24.388414, -2.656013], [24.368983, -2.477316], [24.27085, -2.309161], [24.087605, -2.091965], [23.970816, -1.828467], [23.920483, -1.518512], [23.847723, -1.40224], [23.769123, -1.36126], [23.707577, -1.33134], [23.668613, -1.273049], [23.488107, -1.211347], [23.165956, -1.146183], [22.960232, -1.063914], [22.870832, -0.964644], [22.7712, -0.904906], [22.661335, -0.8847], [22.556897, -0.850542], [22.457885, -0.802483], [22.397269, -0.754114], [22.375048, -0.705641], [22.273194, -0.650658], [22.000962, -0.558674], [21.784645, -0.486327], [21.683049, -0.437751], [21.624034, -0.388658], [21.574838, -0.370933], [21.535358, -0.384421], [21.474741, -0.366644], [21.392989, -0.3175], [21.302814, -0.295486], [21.204112, -0.300498], [21.127321, -0.284892], [21.072234, -0.248512], [21.029394, -0.261069], [21.008775, -0.249132], [20.977769, -0.204742], [20.936014, -0.191151], [20.876535, -0.197042], [20.821448, -0.222467], [20.796023, -0.269027], [20.7537, -0.281585]]}}, {"type": "Feature", "properties": {"scalerank": 1, "featurecla": "River", "name": "Tuotuo", "note": null, "min_zoom": 2.0, "name_alt": null, "name_en": "Tuotuo", "min_label": 3.0}, "geometry": {"type": "LineString", "coordinates": [[90.794696, 34.300413], [91.151574, 34.320903], [91.646582, 34.28137], [91.853081, 34.235275], [91.936073, 34.169439], [92.037256, 34.164892], [92.156628, 34.221632], [92.308609, 34.240081], [92.493094, 34.220237], [92.619701, 34.179568], [92.688224, 34.118021], [92.79013, 34.090529], [92.992805, 34.100296]]}}, {"type": "Feature", "properties": {"scalerank": 3, "featurecla": "River", "name": "Ubangi", "note": null, "min_zoom": 3.0, "name_alt": null, "name_en": "Ubangi", "min_label": 4.0}, "geometry": {"type": "LineString", "coordinates": [[18.596726, 3.67869], [18.622151, 3.304036], [18.490944, 2.924395], [18.211581, 2.414918], [18.07221, 2.013262], [18.07283, 1.719379], [18.057792, 1.534868], [18.011748, 1.42211], [17.902453, 1.118072], [17.885761, 0.856899], [17.925242, 0.53728], [17.887725, 0.234146], [17.773107, -0.0524], [17.724117, -0.277554], [17.75285, -0.549062]]}}, {"type": "Feature", "properties": {"scalerank": 3, "featurecla": "River", "name": "Uele", "note": null, "min_zoom": 3.0, "name_alt": null, "name_en": "Uele", "min_label": 4.0}, "geometry": {"type": "LineString", "coordinates": [[28.585987, 3.595801], [28.429562, 3.647426], [28.348275, 3.65032], [28.290088, 3.621691], [28.238618, 3.636523], [28.194073, 3.694762], [28.141259, 3.729333], [28.080178, 3.740237], [27.978272, 3.720316], [27.835335, 3.669647], [27.695912, 3.643912], [27.560003, 3.643085], [27.431122, 3.696209], [27.309476, 3.803282], [27.227517, 3.851083], [27.185245, 3.839637], [27.169536, 3.788761], [27.180284, 3.698431], [27.153361, 3.61673], [27.088765, 3.543557], [27.040035, 3.516504], [27.007168, 3.535598], [26.953528, 3.535082], [26.879218, 3.515005], [26.833484, 3.583632], [26.816431, 3.740961], [26.785115, 3.863795], [26.739536, 3.952136], [26.696593, 4.001617], [26.656285, 4.01221], [26.560994, 3.95441], [26.335478, 3.765016], [26.234502, 3.679802], [26.156678, 3.668639], [26.068414, 3.703133], [25.988213, 3.715329], [25.916176, 3.705278], [25.858763, 3.656521], [25.816078, 3.569136], [25.76187, 3.542626], [25.696241, 3.577043], [25.618933, 3.575906], [25.530049, 3.539216], [25.427937, 3.524204], [25.312698, 3.530922], [25.225882, 3.506195], [25.167487, 3.450074], [25.102478, 3.415296], [25.030648, 3.401808], [24.979437, 3.41744], [24.948741, 3.462115], [24.838567, 3.481932], [24.648914, 3.476868], [24.461484, 3.533118], [24.276172, 3.650734], [24.081249, 3.70918], [23.87661, 3.708456], [23.733156, 3.744888], [23.650784, 3.818398], [23.544899, 3.844727], [23.415398, 3.82385], [23.300211, 3.835632], [23.199339, 3.879996], [23.04927, 3.885138], [22.850006, 3.85098], [22.668312, 3.909167], [22.422125, 4.134942], [21.908151, 4.253901], [21.686976, 4.281393], [21.537631, 4.244806], [21.350201, 4.311365], [21.268397, 4.323096], [21.229743, 4.302218], [21.125564, 4.332191], [20.955755, 4.413116], [20.792974, 4.4473], [20.647453, 4.435621], [20.558105, 4.462699], [20.486481, 4.541532], [20.393515, 4.686174], [20.226342, 4.829628], [20.002376, 4.944711], [19.862488, 5.031295], [19.806574, 5.089328], [19.686065, 5.121393], [19.50096, 5.127491], [19.3234, 5.07075], [19.068532, 4.891407], [18.83175, 4.523445], [18.699924, 4.382601], [18.594194, 4.346221], [18.567477, 4.25757], [18.619877, 4.116622], [18.633726, 3.954281], [18.596726, 3.67869]]}}, {"type": "Feature", "properties": {"scalerank": 4, "featurecla": "River", "name": "Ural", "note": null, "min_zoom": 4.0, "name_alt": null, "name_en": "Ural", "min_label": 5.0}, "geometry": {"type": "MultiLineString", "coordinates": [[[58.630871, 51.695088], [58.628494, 51.618813], [58.659293, 51.561039], [58.722545, 51.49634], [58.750812, 51.424846], [58.744094, 51.346556], [58.712623, 51.287361], [58.656503, 51.24726], [58.527105, 51.201268], [58.324637, 51.149333], [58.209295, 51.10639], [58.181183, 51.072438], [58.045171, 51.068873], [57.801258, 51.095796], [57.535693, 51.164526], [57.248475, 51.275165], [56.906429, 51.3533], [56.509657, 51.398982], [56.223731, 51.472259], [56.048755, 51.573131], [55.877086, 51.647545], [55.708724, 51.695553], [55.456181, 51.735189], [55.119458, 51.766453], [54.649616, 51.725809], [54.046552, 51.613206], [53.667195, 51.55998], [53.511442, 51.566129], [53.40566, 51.550807], [53.34985, 51.513962], [53.227377, 51.484971], [53.038344, 51.463732], [52.902642, 51.466936], [52.820477, 51.494583], [52.728131, 51.498149], [52.625708, 51.477633], [52.553723, 51.441796], [52.512072, 51.390559], [52.427942, 51.3826], [52.301335, 51.417792], [52.225061, 51.420893], [52.199222, 51.391928], [52.128219, 51.381929], [52.01205, 51.39092], [51.941357, 51.378053], [51.916139, 51.343326], [51.768758, 51.285604], [51.499213, 51.204885], [51.395292, 51.148403], [51.364235, 51.075281], [51.316434, 50.998283], [51.221039, 50.903767], [51.18254, 50.825994], [51.200834, 50.764964], [51.189207, 50.708481], [51.147555, 50.656598], [51.13598, 50.594845], [51.15448, 50.52317], [51.149674, 50.478366], [51.121459, 50.460331], [51.116033, 50.436302], [51.133293, 50.406174], [51.131381, 50.364885], [51.110193, 50.31233], [51.156082, 50.253005], [51.26884, 50.186808], [51.329095, 50.122161], [51.340567, 50.027438], [51.319638, 49.955272], [51.347078, 49.912587], [51.416014, 49.875302], [51.470895, 49.801767], [51.511926, 49.691954], [51.557711, 49.630718], [51.59373, 49.613845], [51.608406, 49.584622], [51.635743, 49.546382], [51.707366, 49.488013], [51.739095, 49.449023], [51.743695, 49.419774], [51.76049, 49.404478], [51.827772, 49.374351], [51.847823, 49.352285], [51.846996, 49.335749], [51.858571, 49.323346], [51.883893, 49.314148], [51.915726, 49.27508], [51.947765, 49.205627], [51.936293, 49.137518], [51.881412, 49.070778], [51.84958, 49.000524], [51.841001, 48.92673], [51.853869, 48.895052], [51.880327, 48.868594], [51.875986, 48.815393], [51.803588, 48.623079], [51.775579, 48.585639], [51.730104, 48.56024], [51.666955, 48.546908], [51.624994, 48.514636], [51.606339, 48.468721], [51.602515, 48.443038], [51.610473, 48.42428], [51.634916, 48.404539], [51.633262, 48.385781], [51.60236, 48.370407], [51.588665, 48.318188], [51.592076, 48.229149], [51.583549, 48.181194], [51.569442, 48.167448], [51.581999, 48.11944], [51.640394, 48.016398], [51.654036, 47.881858], [51.62303, 47.715796], [51.67357, 47.578595], [51.805551, 47.470126], [51.879242, 47.397366], [51.894642, 47.360262], [51.892058, 47.331323], [51.871594, 47.310498], [51.876865, 47.293444], [51.907871, 47.280112], [51.926784, 47.250139], [51.933606, 47.203605], [51.88379, 47.121207], [51.724213, 46.943853]], [[59.426275, 54.51998], [59.306799, 54.402959], [59.194093, 54.324643], [59.161743, 54.277824], [59.172182, 54.23638], [59.149806, 54.174756], [59.094719, 54.092952], [59.102264, 54.012156], [59.172647, 53.932367], [59.190424, 53.863457], [59.155697, 53.805398], [59.168513, 53.746229], [59.228974, 53.685948], [59.253572, 53.640447], [59.242513, 53.609803], [59.182104, 53.573268], [59.072446, 53.530893], [59.021338, 53.464385], [59.02878, 53.373797], [59.066917, 53.307212], [59.135647, 53.264708], [59.129652, 53.217165], [59.048934, 53.164559], [58.974003, 53.070714], [58.905066, 52.935581], [58.904136, 52.810834], [58.971419, 52.696525], [58.995655, 52.620251], [58.985682, 52.599735], [58.989919, 52.569453], [59.01028, 52.545837], [59.057925, 52.526768], [59.082523, 52.513229], [59.080353, 52.469821], [59.062163, 52.419953], [58.833753, 52.195781]]]}}, {"type": "Feature", "properties": {"scalerank": 4, "featurecla": "River", "name": "Verkhniy Yenisey", "note": null, "min_zoom": 4.0, "name_alt": null, "name_en": "Verkhniy Yenisey", "min_label": 5.0}, "geometry": {"type": "MultiLineString", "coordinates": [[[94.464756, 51.73369], [94.070207, 51.604163], [93.646357, 51.566026], [92.769356, 51.581115], [92.349692, 51.701134], [92.151616, 51.795753], [92.035241, 51.904997], [92.068468, 52.012019], [92.2513, 52.116767], [92.376615, 52.213816], [92.444415, 52.303061], [92.43811, 52.377604], [92.357598, 52.437394], [92.31388, 52.499948], [92.307007, 52.565216], [92.172493, 52.596583], [91.91039, 52.593999], [91.768745, 52.615703], [91.747558, 52.661747], [91.671593, 52.67725], [91.540852, 52.662264], [91.439463, 52.674408], [91.367426, 52.713579], [91.378123, 52.796726], [91.471657, 52.923902], [91.500699, 53.011648], [91.465249, 53.059914], [91.454346, 53.101514], [91.467885, 53.136395], [91.537803, 53.160373], [91.6641, 53.173395], [91.78802, 53.229568], [91.90946, 53.328838], [91.954832, 53.398059], [91.924136, 53.437178], [91.847448, 53.478597], [91.724769, 53.522366], [91.63387, 53.569676], [91.574648, 53.620552], [91.558887, 53.659671], [91.586482, 53.687008], [91.578007, 53.709332], [91.510931, 53.735428]], [[92.998076, 58.100097], [92.989187, 58.048679], [93.028255, 58.028887], [93.112539, 58.023539], [93.176463, 57.979614], [93.220181, 57.896983], [93.305344, 57.636741], [93.305085, 57.515508], [93.262142, 57.419054], [93.293252, 57.332341], [93.398361, 57.255394], [93.452828, 57.182763], [93.456652, 57.114395], [93.437636, 57.062719], [93.395829, 57.027682], [93.38291, 56.993266], [93.456963, 56.860871], [93.508949, 56.822992], [93.579746, 56.801701], [93.65695, 56.725892], [93.740769, 56.595564], [93.735085, 56.480145], [93.64, 56.379608], [93.54998, 56.316976], [93.465024, 56.292249], [93.417792, 56.262148], [93.408283, 56.226646], [93.344825, 56.195097], [93.227519, 56.16745], [93.161787, 56.130889], [93.147627, 56.085414], [92.934617, 56.034926], [92.522653, 55.979452], [92.299772, 55.922788], [92.265976, 55.864859], [92.301477, 55.813131], [92.406381, 55.767501], [92.470046, 55.715773], [92.492577, 55.657947], [92.479968, 55.597537], [92.408448, 55.503124]]]}}, {"type": "Feature", "properties": {"scalerank": 1, "featurecla": "River", "name": "Victoria Nile", "note": null, "min_zoom": 2.0, "name_alt": null, "name_en": "Victoria Nile", "min_label": 3.0}, "geometry": {"type": "MultiLineString", "coordinates": [[[32.893114, 1.311445], [33.011246, 0.809408], [33.084782, 0.588543], [33.187256, 0.428191]], [[32.475362, 1.551637], [32.544712, 1.521845]], [[31.365765, 2.192864], [31.387366, 2.200228], [31.750651, 2.323631], [31.948366, 2.333295], [32.087272, 2.265495], [32.186697, 2.235988], [32.246642, 2.244773], [32.295321, 2.199427], [32.332631, 2.100001], [32.348858, 2.004684], [32.344, 1.913527], [32.282195, 1.829837], [32.163546, 1.753614], [32.104222, 1.698605], [32.104222, 1.664757], [32.138431, 1.652354], [32.240957, 1.665842]]]}}, {"type": "Feature", "properties": {"scalerank": 6, "featurecla": "River", "name": "Vilyuy", "note": null, "min_zoom": 5.0, "name_alt": null, "name_en": "Vilyuy", "min_label": 6.0}, "geometry": {"type": "MultiLineString", "coordinates": [[[122.0, 63.87775687362519], [121.795181, 63.851865], [121.674775, 63.807527], [121.503054, 63.788562], [121.279915, 63.794969], [121.140647, 63.777374], [121.08525, 63.735774], [121.023239, 63.725516], [120.954612, 63.7466], [120.868829, 63.729444], [120.76589, 63.674047], [120.65799, 63.64826], [120.545283, 63.651981], [120.482393, 63.610691], [120.469267, 63.524443], [120.329327, 63.508785], [120.062574, 63.563717], [119.67376, 63.565991], [119.162887, 63.515555], [118.891069, 63.480518], [118.858099, 63.460959], [118.85903, 63.430082], [118.893859, 63.387966], [118.833398, 63.349105], [118.677749, 63.313552], [118.407894, 63.285078], [118.023835, 63.263736], [117.768502, 63.220612], [117.641895, 63.155758], [117.544484, 63.049433], [117.476168, 62.901691], [117.457048, 62.813246], [117.487124, 62.784049], [117.481233, 62.753534], [117.439375, 62.721753], [117.419221, 62.661447], [117.420668, 62.572718], [117.455601, 62.515823], [117.523917, 62.490915], [117.54867, 62.445233], [117.529705, 62.378803], [117.57301, 62.306326], [117.678533, 62.227727], [117.709229, 62.160909], [117.665201, 62.105822], [117.618899, 62.08758], [117.570426, 62.106235], [117.521747, 62.089983], [117.472861, 62.038875], [117.380257, 61.99216], [117.243676, 61.949837], [117.044153, 61.939372], [116.78174, 61.960766], [116.550333, 61.999782], [116.350139, 62.056445], [116.215832, 62.104272], [116.147515, 62.143339], [116.125966, 62.190416], [116.151185, 62.245452], [116.054033, 62.301469], [115.834615, 62.358416], [115.764231, 62.420893], [115.735499, 62.466885], [115.735499, 62.505281], [115.763405, 62.558921], [115.716999, 62.583622], [115.596283, 62.579385], [115.494067, 62.591684], [115.410248, 62.620571], [115.35206, 62.656072], [115.319504, 62.698189], [115.322811, 62.738212], [115.362085, 62.776117], [115.338211, 62.801852], [115.251084, 62.815494], [115.229225, 62.850583], [115.27253, 62.90722], [115.281057, 62.95161], [115.254805, 62.983753], [115.197703, 63.014759], [115.109698, 63.044576], [115.028876, 63.042664], [114.955185, 63.008971], [114.865165, 63.001323], [114.759021, 63.019668], [114.683212, 63.045635], [114.63784, 63.079173], [114.631381, 63.113564], [114.663833, 63.148859], [114.671378, 63.172733], [114.653912, 63.185317], [114.344163, 63.145087], [114.206755, 63.148446], [114.132651, 63.186066], [114.058547, 63.194954], [113.984443, 63.175111], [113.937263, 63.178728], [113.917109, 63.205755], [113.855201, 63.228027], [113.751744, 63.245546], [113.638366, 63.214721], [113.515066, 63.135578], [113.497393, 63.096562], [113.454502, 63.061112], [113.378331, 63.056875], [113.355179, 63.040338], [113.363344, 62.995923], [113.37492, 62.960395], [113.389493, 62.93373], [113.432177, 62.904533], [113.43073, 62.87301], [113.385152, 62.83911], [113.339108, 62.828853], [113.292496, 62.842211], [113.25441, 62.879728], [113.224955, 62.941326], [113.157259, 62.978068], [113.051322, 62.989928], [112.992101, 63.012795], [112.979595, 63.046643], [112.925593, 63.055531], [112.830199, 63.039486], [112.783018, 63.008661], [112.766482, 62.980807], [112.708501, 62.960343], [112.480297, 63.020288]], [[103.516297, 65.994008], [103.58485245418328, 66.0]], [[103.72788802648466, 66.0], [103.769356, 65.993414], [103.885163, 65.935356], [104.057039, 65.803348], [104.268189, 65.73082], [104.57587, 65.673718], [104.810791, 65.646924], [104.972849, 65.65036], [105.151856, 65.682813], [105.34771, 65.744204], [105.494677, 65.764668], [105.592553, 65.744153], [105.710892, 65.685035], [105.849591, 65.587315], [105.918011, 65.515459], [105.91615, 65.469518], [105.932067, 65.43735], [105.965863, 65.418953], [106.020743, 65.422209], [106.096915, 65.447117], [106.215977, 65.447892], [106.377931, 65.424431], [106.540247, 65.435024], [106.702769, 65.47975], [106.781886, 65.516802], [106.821108, 65.554991], [106.935313, 65.575119], [107.41549, 65.617907], [107.704052, 65.591811], [107.813606, 65.568091], [107.840271, 65.538015], [107.845387, 65.507113], [107.828953, 65.475435], [107.841097, 65.458046], [107.857582, 65.446316], [107.856394, 65.427325], [107.879648, 65.384691], [107.956646, 65.316866], [108.064443, 65.296376], [108.203246, 65.323248], [108.34856, 65.314256], [108.59361, 65.235527], [108.62813, 65.212506], [108.637845, 65.193799], [108.622755, 65.179407], [108.667249, 65.151321], [108.771325, 65.109514], [108.883411, 65.105355], [109.003507, 65.138789], [109.105723, 65.125379], [109.190059, 65.065176], [109.298993, 65.0189], [109.432422, 64.986602], [109.487199, 64.938646], [109.463324, 64.875033], [109.4179, 64.828653], [109.351031, 64.799508], [109.31677, 64.763489], [109.315013, 64.720649], [109.391804, 64.674838], [109.54704, 64.626004], [109.55505, 64.581226], [109.415782, 64.540583], [109.366586, 64.483816], [109.40741, 64.411004], [109.407979, 64.360206], [109.368394, 64.331448], [109.295686, 64.321061], [109.190007, 64.329045], [109.114405, 64.289616], [109.069033, 64.202696], [109.12505, 64.164869], [109.28256, 64.176135], [109.420949, 64.166885], [109.540115, 64.137067], [109.545696, 64.103374], [109.437692, 64.065702], [109.40493, 64.025808], [109.447408, 63.983588], [109.462601, 63.949637], [109.45056, 63.92385], [109.476863, 63.894886], [109.541562, 63.862691], [109.544559, 63.818095], [109.485752, 63.761095], [109.385913, 63.706861], [109.283903, 63.68526], [109.244836, 63.655443], [109.270674, 63.625729], [109.348241, 63.568652], [109.410717, 63.527544], [109.586831, 63.455455]]]}}, {"type": "Feature", "properties": {"scalerank": 5, "featurecla": "River", "name": "Vistula", "note": null, "min_zoom": 4.7, "name_alt": null, "name_en": "Vistula", "min_label": 5.7}, "geometry": {"type": "MultiLineString", "coordinates": [[[18.879189, 49.643843], [18.788187, 49.817425], [18.770979, 49.887705], [18.810253, 49.925015]], [[18.93686, 49.931888], [19.06817, 49.9523], [19.141292, 49.986587], [19.199893, 50.041545], [19.348256, 50.045731], [19.586278, 49.999222], [19.851636, 50.006044], [20.290679, 50.096322], [20.521983, 50.137302], [20.645283, 50.18766], [20.73768, 50.261067], [20.883201, 50.307317], [21.081949, 50.326386], [21.289275, 50.385555], [21.505282, 50.484877], [21.670078, 50.585905], [21.783663, 50.688586], [21.823609, 50.845708], [21.790019, 51.05722], [21.783818, 51.188349], [21.805005, 51.239095], [21.855545, 51.287929], [21.93523, 51.3348], [21.961016, 51.386321], [21.932801, 51.442442], [21.897093, 51.472982], [21.853995, 51.477943], [21.829603, 51.500991], [21.824022, 51.542074], [21.731728, 51.590805], [21.552618, 51.647184], [21.451952, 51.704519], [21.429628, 51.762861], [21.37113, 51.820429], [21.276459, 51.877247], [21.241215, 51.91833], [21.2654, 51.943806], [21.258734, 51.993468], [21.221217, 52.067313], [21.126287, 52.170123], [20.973842, 52.301847], [20.841963, 52.383935], [20.730549, 52.416387], [20.52405, 52.41892], [20.222363, 52.391634], [19.963567, 52.42078], [19.639556, 52.549273], [19.201753, 52.643945], [18.959184, 52.759829], [18.765914, 52.928449], [18.537556, 53.038262], [18.27411, 53.089266], [18.199799, 53.174016], [18.314624, 53.292561], [18.463142, 53.382633], [18.645353, 53.444232], [18.739404, 53.519473], [18.745295, 53.608408], [18.777283, 53.67383], [18.835367, 53.715791], [18.870817, 53.777235], [18.88353, 53.85816], [18.872833, 53.94663], [18.838623, 54.042567], [18.853041, 54.128531], [18.915983, 54.204547], [18.949211, 54.271546], [18.976237, 54.348931]]]}}, {"type": "Feature", "properties": {"scalerank": 3, "featurecla": "River", "name": "Volga", "note": null, "min_zoom": 3.0, "name_alt": null, "name_en": "Volga", "min_label": 4.0}, "geometry": {"type": "MultiLineString", "coordinates": [[[47.841556, 46.734925], [48.113942, 46.683249], [48.21993, 46.605243], [48.250316, 46.483649], [48.313878, 46.400579], [48.410616, 46.355982], [48.500947, 46.272111], [48.683675, 46.08618]], [[45.663601, 50.222309], [45.489968, 50.122006], [45.414417, 50.056066], [45.378967, 49.991057], [45.360725, 49.91623], [45.359588, 49.831636], [45.305225, 49.736964], [45.197634, 49.632113], [45.106942, 49.513154], [45.048444, 49.407527], [45.010824, 49.350631], [44.996355, 49.313424], [44.990153, 49.293581], [44.986949, 49.259138], [44.975684, 49.194749], [44.841842, 49.012616], [44.587904, 48.727465], [44.544341, 48.665066], [44.527598, 48.598016], [44.595501, 48.545151], [44.864528, 48.465673], [45.042502, 48.434408], [45.129421, 48.45141], [45.22771, 48.446501], [45.337367, 48.419784], [45.411058, 48.424486], [45.448782, 48.460712], [45.558594, 48.451332], [45.733209, 48.398597], [45.797959, 48.383249], [45.831342, 48.368934], [45.864932, 48.352656], [45.90865, 48.321676], [46.077684, 48.218401], [46.155405, 48.110087], [46.14662, 47.993815], [46.193181, 47.917592], [46.295087, 47.88147], [46.350484, 47.842972], [46.359476, 47.802095], [46.408568, 47.773002], [46.497865, 47.755587], [46.616411, 47.672904], [46.764205, 47.524955], [46.87469, 47.444417], [46.947967, 47.431369], [47.008532, 47.402843], [47.056591, 47.358918], [47.081705, 47.315614], [47.085116, 47.25169], [47.086201, 47.214018], [47.21224, 47.143944], [47.463491, 47.028913], [47.584982, 46.9422], [47.576611, 46.883754], [47.611699, 46.854582], [47.69035, 46.854608], [47.800318, 46.772753], [47.941705, 46.608938], [48.002063, 46.505895], [47.981392, 46.463572], [47.980152, 46.418278], [47.998239, 46.369935], [47.916435, 46.249684], [47.734637, 46.057396], [47.641103, 45.929471], [47.635832, 45.865857], [47.610355, 45.834154], [47.578109, 45.813483], [47.560746, 45.789505], [47.563226, 45.760566], [47.587204, 45.737415], [47.631026, 45.693594], [47.649836, 45.656748]], [[49.904789, 53.456737], [50.042145, 53.45467], [50.108084, 53.404725], [50.148495, 53.30623], [50.128548, 53.235588], [50.048346, 53.192774], [49.957344, 53.185229], [49.855541, 53.212902], [49.717358, 53.203058], [49.542795, 53.155774], [49.427609, 53.152467], [49.371695, 53.193188], [49.269014, 53.218974], [49.119462, 53.229749], [48.918751, 53.208535], [48.66688, 53.155309], [48.524305, 53.104847], [48.491025, 53.057149], [48.503376, 52.995138], [48.561357, 52.918812], [48.504926, 52.816363], [48.334084, 52.68774], [48.177452, 52.506098], [48.034929, 52.271383], [47.900828, 52.124803], [47.775048, 52.066305], [47.643635, 52.043025], [47.506589, 52.054911], [47.272701, 51.980962], [47.114262, 51.918795], [46.970808, 51.83017], [46.842547, 51.772964], [46.774644, 51.747927]], [[43.432419, 56.674991], [43.656901, 56.496397], [43.836839, 56.403534], [44.046955, 56.336923], [44.16731, 56.27362], [44.197799, 56.213623], [44.258105, 56.179672], [44.348332, 56.171662], [44.450858, 56.140372], [44.565787, 56.08575], [44.77611, 56.082469], [45.081827, 56.130605], [45.280885, 56.137039], [45.373283, 56.101847], [45.442839, 56.103914], [45.489451, 56.143292], [45.560144, 56.15957], [45.654919, 56.152749], [45.736775, 56.166494], [45.805711, 56.200833], [45.87227, 56.198844], [45.936349, 56.1605], [46.025026, 56.171559], [46.1383, 56.231917], [46.294053, 56.286823], [46.492181, 56.336277], [46.679714, 56.308915], [46.856551, 56.204683], [47.165938, 56.150785], [47.828947, 56.14541], [47.886101, 56.121769], [47.92739, 56.073348], [47.971935, 55.992267], [48.066917, 55.925321], [48.212334, 55.872456], [48.459709, 55.825275], [48.809042, 55.78383], [49.002518, 55.692983], [49.058949, 55.48266]], [[37.148255, 56.752402], [37.391961, 56.861646], [37.477434, 56.934768], [37.485805, 57.008149], [37.557739, 57.106334], [37.760931, 57.290819]], [[32.598248, 57.250356], [32.680827, 57.079049], [32.675246, 57.00944], [32.692041, 56.972492], [32.729351, 56.944897], [32.850843, 56.9319], [33.056515, 56.933476], [33.282393, 56.899266], [33.528476, 56.829245], [33.674927, 56.765269], [33.721746, 56.707443], [33.815538, 56.640677], [33.956408, 56.565101], [33.979663, 56.50929], [33.885508, 56.473272], [33.844477, 56.444514], [33.856776, 56.423016], [34.049839, 56.35656], [34.42377, 56.245146], [34.668406, 56.208662], [34.783748, 56.247006], [34.861831, 56.289794], [34.902655, 56.336975], [34.908857, 56.368911], [34.880435, 56.385499], [34.890977, 56.415678], [34.940483, 56.459345], [34.955779, 56.50265], [34.936865, 56.545541], [35.001202, 56.578459], [35.222584, 56.612927], [35.333895, 56.703258], [35.421797, 56.742273], [35.523393, 56.76005], [35.606799, 56.791107], [35.672014, 56.835446], [35.772525, 56.860664], [35.908331, 56.866762], [36.065737, 56.84622], [36.244847, 56.799014], [36.344376, 56.758138], [36.374555, 56.706358]], [[41.343658, 57.49308], [41.715315, 57.447553], [41.889206, 57.451222], [41.989148, 57.488946], [42.173271, 57.484709], [42.575831, 57.415462]], [[40.007098, 57.566667], [39.853309, 57.668832], [39.798119, 57.725211], [39.790367, 57.769885], [39.696626, 57.831302], [39.517102, 57.909437], [39.246473, 57.989691], [38.704026, 58.113146]], [[38.300949, 57.571628], [38.445592, 57.760919], [38.479646, 57.872437], [38.437065, 58.017544]]]}}, {"type": "Feature", "properties": {"scalerank": 5, "featurecla": "River", "name": "Volta", "note": null, "min_zoom": 4.7, "name_alt": null, "name_en": "Volta", "min_label": 5.7}, "geometry": {"type": "LineString", "coordinates": [[0.103358, 6.338192], [0.098708, 6.188124], [0.156559, 6.113684], [0.275312, 6.064901], [0.379853, 6.042215], [0.470184, 6.045626], [0.543616, 6.02108], [0.60015, 5.968473], [0.639269, 5.896798], [0.671825, 5.7597]]}}, {"type": "Feature", "properties": {"scalerank": 6, "featurecla": "River", "name": "Vorma", "note": null, "min_zoom": 5.0, "name_alt": null, "name_en": "Vorma", "min_label": 6.0}, "geometry": {"type": "MultiLineString", "coordinates": [[[11.170202, 59.388649], [11.14147, 59.299843], [11.082972, 59.248529], [10.945048, 59.170859]], [[11.199554, 59.670208], [11.178987, 59.631864], [11.126587, 59.603701], [11.127052, 59.561972], [11.184465, 59.513344], [11.202862, 59.498229]], [[12.027618, 60.524833], [12.054903, 60.492329], [12.048288, 60.41099], [12.016869, 60.269965], [11.925402, 60.211726], [11.773886, 60.23622], [11.640923, 60.227642], [11.526511, 60.185965], [11.385383, 60.10181], [11.191545, 59.955669], [11.156766, 59.910762]]]}}, {"type": "Feature", "properties": {"scalerank": 6, "featurecla": "River", "name": "Vuoksi", "note": null, "min_zoom": 5.0, "name_alt": null, "name_en": "Vuoksi", "min_label": 6.0}, "geometry": {"type": "MultiLineString", "coordinates": [[[30.477964, 60.574184], [30.504216, 60.587413], [30.510831, 60.616094], [30.533878, 60.630098]], [[28.787835, 61.204171], [28.822045, 61.12906], [29.094793, 60.95168], [29.288373, 60.848663], [29.596364, 60.716992]]]}}, {"type": "Feature", "properties": {"scalerank": 5, "featurecla": "River", "name": "Vychegda", "note": null, "min_zoom": 4.7, "name_alt": null, "name_en": "Vychegda", "min_label": 5.7}, "geometry": {"type": "MultiLineString", "coordinates": [[[53.691121, 61.649829], [53.652519, 61.685692], [53.650658, 61.713133], [53.672673, 61.74419], [53.63531, 61.775454], [53.538572, 61.807055], [53.4377, 61.809147], [53.332693, 61.781811], [53.250011, 61.789717], [53.189653, 61.832919], [53.03421, 61.865216], [52.658316, 61.897359], [52.582765, 61.930587], [52.452075, 61.938855], [52.241132, 61.933223], [52.075871, 61.914619], [51.956292, 61.883045], [51.893815, 61.854209], [51.888544, 61.827984], [51.778576, 61.823255], [51.563912, 61.84005], [51.306667, 61.814935], [51.006737, 61.748014], [50.876926, 61.719256], [50.802977, 61.75096], [50.780084, 61.835864], [50.766442, 61.875087], [50.761998, 61.96552], [50.700089, 62.005053], [50.54599, 62.017145], [50.312929, 62.000557], [50.242184, 62.041278], [50.247197, 62.077141], [50.298253, 62.129671], [50.343367, 62.166593], [50.331068, 62.20765], [50.258772, 62.221448], [50.081419, 62.218476], [49.865618, 62.174035], [49.611267, 62.088097], [49.378723, 62.073576], [49.16778, 62.130575], [48.901956, 62.098458], [48.581252, 61.977303], [48.400178, 61.879169], [48.35894, 61.804031], [48.23471, 61.709102], [48.027591, 61.594277], [47.801661, 61.494955], [47.556922, 61.411187], [47.221955, 61.346928], [46.591089, 61.287319]], [[55.397684, 62.362344], [55.182916, 62.437636], [55.015485, 62.43774], [54.908049, 62.461769], [54.8048, 62.509725], [54.727389, 62.505642], [54.675815, 62.449522], [54.567553, 62.421797], [54.402499, 62.422469], [54.297389, 62.397484], [54.252017, 62.346841], [54.223285, 62.298368], [54.211193, 62.252066], [54.235997, 62.164526], [54.297699, 62.035749], [54.39361, 61.944023], [54.523628, 61.889401], [54.66207, 61.857517], [54.808934, 61.848396], [54.891048, 61.797003], [54.908308, 61.703443], [54.905207, 61.648124], [54.881643, 61.631019], [54.12572, 61.532162], [53.8292, 61.538983], [53.68368, 61.649829]]]}}, {"type": "Feature", "properties": {"scalerank": 4, "featurecla": "River", "name": "Waal", "note": null, "min_zoom": 4.0, "name_alt": null, "name_en": "Waal", "min_label": 5.0}, "geometry": {"type": "LineString", "coordinates": [[4.98536, 51.82371], [4.725428, 51.75666], [4.58125, 51.718962], [4.418366, 51.740046], [4.073788, 51.841074], [3.97891, 51.847792]]}}, {"type": "Feature", "properties": {"scalerank": 6, "featurecla": "River", "name": "Xar Moron", "note": null, "min_zoom": 5.0, "name_alt": null, "name_en": "Xar Moron", "min_label": 6.0}, "geometry": {"type": "LineString", "coordinates": [[117.208691, 42.592181], [117.172311, 42.613162], [117.178925, 42.645459], [117.216236, 42.696051], [117.22962, 42.747779], [117.213652, 42.82705], [117.188692, 42.8856], [117.194222, 42.93477], [117.221817, 42.994017], [117.347184, 43.063212], [117.570116, 43.142302], [117.745609, 43.185168], [117.873663, 43.191731], [118.015774, 43.220205], [118.172043, 43.270589], [118.470526, 43.276144], [118.911326, 43.236922], [119.219731, 43.228524], [119.483798, 43.262114], [120.758552, 43.423448]]}}, {"type": "Feature", "properties": {"scalerank": 4, "featurecla": "River", "name": "Xi", "note": null, "min_zoom": 4.0, "name_alt": null, "name_en": "Xi", "min_label": 5.0}, "geometry": {"type": "MultiLineString", "coordinates": [[[113.035354, 22.795301], [113.094937, 22.730292], [113.165527, 22.575599], [113.213689, 22.48346], [113.263971, 22.362821], [113.415744, 22.178388]], [[113.035354, 22.795301], [113.299162, 22.698356], [113.395435, 22.650607], [113.443701, 22.599034], [113.491864, 22.590689], [113.55217, 22.58733]], [[112.979905, 23.041126], [113.445303, 23.055079]], [[112.804722, 23.14789], [112.819088, 23.081796], [112.891228, 22.917749], [112.963317, 22.822251], [113.035354, 22.795301]], [[112.804722, 23.14789], [112.912467, 23.11275], [112.973601, 23.052082], [113.02414, 22.954206], [113.090338, 22.906923], [113.213276, 22.912013], [113.337816, 22.888836]], [[111.301403, 23.48066], [111.43323, 23.449112], [111.498755, 23.375266], [111.54206, 23.248659], [111.707011, 23.161429], [112.137166, 23.089702], [112.270905, 23.142102], [112.35276, 23.131715], [112.427484, 23.076008], [112.497557, 23.077506], [112.563083, 23.136211], [112.642665, 23.165124], [112.736199, 23.164271], [112.804722, 23.14789]]]}}, {"type": "Feature", "properties": {"scalerank": 6, "featurecla": "River", "name": "Xiliao", "note": null, "min_zoom": 5.0, "name_alt": null, "name_en": "Xiliao", "min_label": 6.0}, "geometry": {"type": "LineString", "coordinates": [[120.758552, 43.423448], [121.059102, 43.509438], [121.349317, 43.516853], [121.729345, 43.474349], [122.0, 43.51613910457495]]}}, {"type": "Feature", "properties": {"scalerank": 4, "featurecla": "River", "name": "Xun", "note": null, "min_zoom": 4.0, "name_alt": null, "name_en": "Xun", "min_label": 5.0}, "geometry": {"type": "LineString", "coordinates": [[110.089229, 23.407951], [110.200747, 23.545075], [110.333969, 23.555488], [110.622116, 23.449603], [110.745313, 23.46632], [110.813526, 23.446786], [110.867993, 23.396583], [110.996719, 23.398779], [111.301403, 23.48066]]}}, {"type": "Feature", "properties": {"scalerank": 6, "featurecla": "River", "name": "Yamuna", "note": null, "min_zoom": 5.0, "name_alt": null, "name_en": "Yamuna", "min_label": 6.0}, "geometry": {"type": "LineString", "coordinates": [[78.339952, 30.915168], [78.072372, 30.737659], [77.986692, 30.567695], [77.942199, 30.517905], [77.910263, 30.531573], [77.814713, 30.511006], [77.655446, 30.456203], [77.574418, 30.391169], [77.570077, 30.278281], [77.527754, 30.202653], [77.442746, 30.127257], [77.300843, 30.026901], [77.187, 29.871407], [77.101113, 29.660851], [77.073673, 29.537629], [77.104782, 29.501765], [77.106643, 29.469106], [77.094344, 29.450399], [77.092742, 29.427481], [77.120544, 29.401281], [77.144625, 29.340328], [77.137494, 29.191061], [77.155632, 29.065926], [77.19904, 28.964951], [77.221261, 28.858032], [77.222191, 28.745171], [77.248856, 28.64652], [77.327404, 28.519758], [77.454632, 28.424932], [77.489358, 28.373824], [77.474062, 28.334782], [77.484449, 28.281685], [77.520519, 28.214609], [77.520881, 28.147481], [77.485638, 28.080405], [77.49587, 27.98452], [77.55168, 27.859798], [77.607181, 27.797425], [77.662268, 27.797322], [77.681233, 27.749211], [77.663973, 27.653093], [77.667952, 27.60077], [77.693067, 27.592244], [77.700405, 27.569713], [77.689863, 27.533152], [77.711464, 27.466903], [77.765311, 27.370991], [77.821431, 27.305104], [77.879929, 27.26924], [77.92003, 27.262936], [77.941734, 27.28619], [77.966435, 27.289833], [77.994237, 27.273891], [78.01222, 27.244539], [78.020489, 27.201854], [78.068444, 27.183147], [78.156088, 27.188418], [78.203423, 27.164931], [78.210348, 27.112686], [78.249105, 27.096072], [78.292048, 27.106046], [78.308637, 27.095427], [78.312926, 27.079019], [78.326982, 27.061863], [78.383102, 27.057935], [78.436897, 27.024346], [78.488264, 26.961068], [78.507591, 26.953316], [78.521802, 26.960422], [78.543764, 26.957967], [78.60898, 26.910192], [78.663395, 26.894483], [78.707113, 26.910838], [78.778995, 26.879807], [78.878938, 26.801362], [78.947874, 26.762139], [78.985804, 26.762139], [79.024407, 26.721186], [79.063784, 26.639253], [79.135769, 26.579515], [79.240363, 26.541972], [79.262532, 26.511302], [79.261963, 26.48536], [79.251473, 26.471614], [79.265839, 26.445931], [79.280205, 26.432857], [79.311004, 26.427509], [79.401851, 26.436475], [79.47301, 26.416166], [79.493784, 26.371853], [79.518278, 26.359167], [79.5359, 26.354748], [79.544737, 26.334904], [79.537812, 26.306121], [79.592072, 26.243928], [79.712272, 26.155768], [79.804256, 26.107554], [79.868025, 26.099363], [79.91226, 26.112102], [79.931587, 26.125098], [79.947348, 26.125098], [79.956288, 26.094997], [79.988999, 26.072001], [80.049874, 26.071122], [80.080311, 26.052725], [80.080415, 26.01681], [80.113126, 25.979241], [80.211259, 25.920485], [80.44215, 25.889324], [80.524315, 25.869997], [80.534754, 25.852143], [80.522765, 25.83509], [80.488555, 25.818786], [80.524264, 25.781424], [80.629994, 25.72303], [80.7165, 25.702411], [80.783783, 25.719516], [80.843934, 25.717449], [80.896954, 25.696158], [80.930389, 25.667684], [80.944341, 25.632079], [80.969249, 25.617145], [81.005216, 25.622829], [81.021753, 25.604897], [81.018859, 25.563298], [81.059063, 25.530561], [81.142262, 25.50666], [81.181226, 25.465629], [81.175852, 25.407442], [81.221534, 25.367237], [81.318375, 25.344913], [81.37739, 25.318739], [81.398577, 25.288741], [81.472061, 25.294839], [81.597738, 25.337033], [81.69427, 25.351089], [81.761656, 25.337007], [81.803617, 25.351579], [81.82005, 25.394781], [81.847025, 25.415968], [81.903146, 25.414625]]}}, {"type": "Feature", "properties": {"scalerank": 1, "featurecla": "River", "name": "Yangtze", "note": null, "min_zoom": 2.0, "name_alt": null, "name_en": "Yangtze", "min_label": 3.0}, "geometry": {"type": "MultiLineString", "coordinates": [[[113.1277, 29.462776], [113.166354, 29.484428], [113.209607, 29.537836], [113.530156, 29.831616], [113.696347, 29.949283], [113.760323, 29.938741], [113.859852, 29.972331], [113.994727, 30.050052], [114.011057, 30.124466], [113.908841, 30.195522], [113.885276, 30.246164], [113.940467, 30.276292], [113.989559, 30.278566], [114.032451, 30.252986], [114.11627, 30.328382], [114.288456, 30.572088], [114.303235, 30.593043], [114.395943, 30.664433], [114.472011, 30.661281], [114.557948, 30.6033], [114.66187, 30.582139], [114.783826, 30.597823], [114.840929, 30.564543], [114.833177, 30.482274], [114.885215, 30.423105], [114.997146, 30.387086], [115.057815, 30.335797], [115.067323, 30.26929], [115.101533, 30.229215], [115.160444, 30.215572], [115.251808, 30.127903], [115.375625, 29.966233], [115.504402, 29.87921], [115.638038, 29.866911], [115.750899, 29.82849], [115.842728, 29.763998], [115.982823, 29.74604], [116.171132, 29.774565], [116.211853, 29.785159]], [[116.19759, 29.751388], [116.211853, 29.785159]], [[116.211853, 29.785159], [116.327194, 29.815183], [116.451115, 29.86779], [116.543925, 29.931403], [116.605627, 30.006024], [116.682935, 30.06137], [116.775849, 30.097388], [116.846698, 30.167694], [116.895532, 30.272235], [116.913205, 30.349207], [116.899563, 30.39861], [116.971961, 30.445997], [117.130401, 30.491369], [117.212205, 30.552321], [117.217373, 30.628828], [117.246622, 30.673994], [117.326617, 30.694768], [117.604636, 30.776468], [117.724887, 30.886384], [117.779974, 31.051748], [117.843794, 31.124199], [117.916451, 31.103787], [117.968076, 31.129573], [117.998772, 31.20161], [118.089361, 31.255224], [118.239946, 31.290442], [118.31188, 31.34062], [118.30542, 31.405758], [118.33317, 31.50986], [118.395182, 31.652952], [118.514658, 31.841132], [118.691753, 32.074425], [118.961401, 32.203203], [119.323601, 32.227387], [119.530203, 32.228834], [119.643064, 32.235371], [119.770964, 32.206949], [119.866823, 32.100341], [119.941496, 32.039957], [120.073942, 31.960272]]]}}, {"type": "Feature", "properties": {"scalerank": 6, "featurecla": "River", "name": "Yarkant", "note": null, "min_zoom": 5.0, "name_alt": null, "name_en": "Yarkant", "min_label": 6.0}, "geometry": {"type": "LineString", "coordinates": [[77.524912, 35.520675], [77.637618, 35.582144], [77.683455, 35.630797], [77.708363, 35.715236], [77.585063, 35.856675], [77.597362, 35.970802], [77.704229, 36.104799], [77.701025, 36.195698], [77.58775, 36.243473], [77.511062, 36.307965], [77.470858, 36.389123], [77.357894, 36.437079], [77.172168, 36.451806], [77.016622, 36.440231], [76.891462, 36.402378], [76.782631, 36.38765], [76.690131, 36.396047], [76.520012, 36.430257], [76.464201, 36.468265], [76.435262, 36.524334], [76.341263, 36.586449], [76.182203, 36.654714], [76.058128, 36.755638], [75.969038, 36.889222], [75.947127, 37.011281], [75.992395, 37.121817], [75.988003, 37.212251], [75.940616, 37.272402], [75.951571, 37.292711], [75.969554, 37.302995], [76.005935, 37.296432], [76.056268, 37.285528], [76.141947, 37.310591], [76.213571, 37.382292], [76.22897, 37.522878], [76.187939, 37.732374], [76.216361, 37.874794], [76.314133, 37.950216], [76.401776, 37.989464], [76.479394, 37.992513], [76.522906, 37.978432], [76.532518, 37.947193], [76.596803, 37.91934], [76.715866, 37.894845], [76.926912, 37.996777], [77.229943, 38.225135], [77.368487, 38.400292], [77.342546, 38.522248], [77.390346, 38.655212], [77.511993, 38.799182], [77.568423, 38.905016], [77.559845, 38.972764], [77.578552, 39.039633], [77.624751, 39.105675], [77.669606, 39.141074], [77.713117, 39.145905], [77.802414, 39.204093], [77.93729, 39.315663], [78.121154, 39.424674], [78.353905, 39.531127], [78.607378, 39.596834], [78.881573, 39.62182], [79.100836, 39.660474], [79.265167, 39.712873], [79.59724, 39.862063], [80.096951, 40.108146], [80.376831, 40.274415], [80.436775, 40.360844], [80.572064, 40.419859], [80.888014, 40.467143]]}}, {"type": "Feature", "properties": {"scalerank": 2, "featurecla": "River", "name": "Yarlung", "note": null, "min_zoom": 2.1, "name_alt": "Brahmaputra", "name_en": "Brahmaputra", "min_label": 3.1}, "geometry": {"type": "LineString", "coordinates": [[87.66021, 29.151528], [87.747234, 29.288187], [87.823301, 29.349062], [87.917249, 29.379706], [88.015434, 29.380533], [88.11765, 29.351594], [88.181936, 29.34733], [88.208187, 29.367743], [88.25666, 29.36627], [88.32725, 29.342964], [88.429672, 29.336142], [88.630797, 29.350664], [89.403618, 29.366011], [89.698794, 29.359035], [89.77388, 29.334851], [89.862143, 29.33392], [89.963326, 29.356348], [90.081975, 29.359707], [90.217987, 29.344101], [90.32134, 29.315472], [90.392033, 29.273924], [90.505618, 29.278497], [90.662094, 29.329244], [90.74643, 29.339863], [90.758626, 29.310408], [90.785911, 29.307875], [90.828389, 29.332267], [90.896705, 29.337434], [91.037989, 29.316505], [92.076168, 29.281159], [92.46524, 29.231343], [92.551281, 29.155275], [92.694528, 29.101325], [92.89493, 29.069492], [93.02288, 29.072541], [93.078381, 29.110472], [93.116932, 29.106518], [93.138326, 29.06063], [93.182664, 29.029288], [93.24974, 29.012545], [93.33113, 29.049597], [93.426732, 29.140444], [93.568119, 29.178323], [93.755291, 29.163233], [93.931559, 29.171062], [94.096923, 29.201784], [94.223737, 29.240231], [94.356029, 29.309529]]}}, {"type": "Feature", "properties": {"scalerank": 4, "featurecla": "River", "name": "Yenisey", "note": null, "min_zoom": 4.0, "name_alt": null, "name_en": "Yenisey", "min_label": 5.0}, "geometry": {"type": "LineString", "coordinates": [[87.92678311196745, 66.0], [87.895752, 65.962434], [87.809865, 65.935614], [87.765475, 65.909595], [87.762685, 65.884403], [87.771728, 65.85381], [87.792605, 65.817817], [87.849915, 65.790765], [87.943656, 65.772678], [88.003394, 65.740484], [88.029128, 65.694182], [87.980191, 65.4574], [87.847641, 64.999392], [87.822423, 64.877539], [87.794776, 64.816638], [87.767697, 64.786692], [87.700208, 64.737392], [87.630858, 64.679334], [87.564092, 64.594507], [87.540011, 64.516321], [87.544455, 64.442475], [87.577425, 64.372919], [87.579285, 64.271219], [87.550036, 64.137326], [87.557581, 64.038572], [87.602023, 63.974855], [87.551173, 63.885506], [87.404929, 63.770475], [87.347051, 63.677767], [87.377437, 63.607306], [87.359505, 63.527596], [87.293256, 63.438609], [87.265713, 63.38192], [87.27703, 63.357477], [87.441774, 63.299186], [87.759998, 63.206995], [88.024323, 63.092532], [88.339859, 62.887531], [88.434117, 62.85389], [88.48047, 62.80304], [88.510339, 62.723769], [88.595347, 62.634575], [88.735597, 62.535408], [88.857295, 62.471536], [88.960544, 62.442856], [89.013564, 62.388027], [89.016355, 62.30705], [89.082553, 62.179073], [89.21226, 62.004174], [89.325225, 61.894207], [89.469816, 61.826717], [89.705615, 61.750831], [89.785662, 61.688173], [89.788659, 61.613397], [89.843436, 61.585957], [89.9502, 61.605749], [90.052312, 61.601408], [90.149878, 61.572831], [90.1737, 61.536994], [90.123781, 61.49387], [90.001256, 61.449945], [89.806023, 61.40527], [89.684583, 61.336515], [89.636731, 61.243756], [89.658951, 61.109991], [89.751142, 60.935247], [89.847054, 60.815461], [89.946582, 60.750582], [90.005907, 60.65697], [90.024924, 60.534548], [90.055826, 60.459152], [90.120009, 60.416519], [90.166207, 60.381121], [90.171943, 60.307017], [90.308834, 60.238442], [90.494766, 60.11491], [90.698475, 59.927195], [90.783017, 59.781907], [90.804205, 59.745397], [90.858155, 59.70664], [90.884096, 59.657134], [90.881926, 59.596879], [90.989516, 59.498177], [91.206661, 59.360925], [91.32531, 59.267235], [91.345463, 59.217006], [91.430936, 59.163314], [91.581935, 59.10616], [91.678053, 59.050763], [91.719291, 58.997123], [91.732623, 58.953146], [91.717844, 58.918781], [91.76859, 58.900514], [91.884655, 58.898292], [91.976691, 58.876355], [92.044594, 58.834704], [92.046351, 58.794758], [91.981962, 58.756621], [91.982324, 58.72732], [92.04754, 58.706805], [92.083713, 58.649392], [92.090948, 58.555031], [92.139007, 58.498471], [92.22789, 58.479712], [92.275484, 58.450748], [92.281789, 58.411577], [92.319823, 58.380209], [92.389586, 58.356645], [92.428136, 58.325639], [92.435474, 58.287192], [92.472578, 58.244921], [92.539447, 58.198877], [92.679181, 58.15689], [92.998076, 58.100097]]}}, {"type": "Feature", "properties": {"scalerank": 6, "featurecla": "River", "name": "Yuan", "note": null, "min_zoom": 5.0, "name_alt": null, "name_en": "Yuan", "min_label": 6.0}, "geometry": {"type": "MultiLineString", "coordinates": [[[107.504787, 26.337592], [107.50086, 26.238502], [107.518998, 26.191477], [107.557962, 26.16352], [107.61, 26.166672], [107.707772, 26.218116], [107.779809, 26.357952], [107.800273, 26.431514], [107.793245, 26.485386], [107.826318, 26.529544], [107.899595, 26.564012], [107.95923, 26.616774], [108.005222, 26.68788], [108.071833, 26.752889], [108.158908, 26.8118], [108.250892, 26.83906], [108.34763, 26.834667], [108.395999, 26.816761], [108.396102, 26.78529], [108.453463, 26.725036], [108.568081, 26.635997], [108.644769, 26.617704], [108.683423, 26.670259], [108.71784, 26.695994], [108.747915, 26.695012], [108.76192, 26.67925], [108.759749, 26.648761], [108.795354, 26.614138], [108.868632, 26.575381], [108.961287, 26.573365], [109.073219, 26.608195], [109.194297, 26.678682], [109.38984, 26.837871], [109.437796, 26.893553], [109.443894, 26.954221], [109.42405, 27.038402], [109.440638, 27.079898], [109.493658, 27.078683], [109.556032, 27.107105], [109.627758, 27.165138], [109.667343, 27.177334], [109.674887, 27.143692], [109.691941, 27.128319], [109.718709, 27.131212], [109.739793, 27.151883], [109.755296, 27.190382], [109.822992, 27.188832], [109.942985, 27.147206], [110.050523, 27.190356], [110.216818, 27.422719], [110.263844, 27.503722], [110.283791, 27.566406], [110.276608, 27.61077], [110.299035, 27.653454], [110.350815, 27.694408], [110.366731, 27.72929], [110.346784, 27.758048], [110.348335, 27.79081], [110.371382, 27.827501], [110.346836, 27.862744], [110.274592, 27.896489], [110.250666, 27.92721], [110.275161, 27.954909], [110.252113, 27.980721], [110.18173, 28.004596], [110.135479, 28.036429], [110.113465, 28.076142], [110.12809, 28.128438], [110.179249, 28.193318], [110.194752, 28.242049], [110.174598, 28.274605], [110.181523, 28.289178], [110.215733, 28.285793], [110.27206, 28.320236], [110.350505, 28.392557], [110.418925, 28.486375], [110.477216, 28.601717], [110.633072, 28.690032], [110.886596, 28.751346], [111.040075, 28.803074], [111.093612, 28.845216], [111.149423, 28.837878], [111.207404, 28.78106], [111.27851, 28.762147], [111.404601, 28.790569], [111.522423, 28.986086], [111.55932, 29.005], [111.592703, 28.99022], [111.626499, 28.995879], [111.65456, 29.012674], [111.678796, 29.012674], [111.705151, 28.992443], [111.744425, 28.98774], [111.796412, 29.009599], [111.865038, 29.011614], [111.992885, 28.984846]], [[112.904871, 29.031381], [112.993548, 29.147446]], [[113.069305, 29.387664], [113.1277, 29.462776]]]}}, {"type": "Feature", "properties": {"scalerank": 2, "featurecla": "River", "name": "Za", "note": null, "min_zoom": 2.1, "name_alt": null, "name_en": "Za", "min_label": 3.1}, "geometry": {"type": "LineString", "coordinates": [[94.084004, 33.155858], [94.447703, 33.163299], [94.506614, 33.204278], [94.609864, 33.205467], [94.777089, 33.180611], [94.915788, 33.139631], [95.026066, 33.08258], [95.089421, 33.024755], [95.106061, 32.966153], [95.225227, 32.914632], [95.446919, 32.87019], [95.580864, 32.814612], [95.627166, 32.747924], [95.727625, 32.672218], [95.882344, 32.587494], [96.010708, 32.552484], [96.112718, 32.56716], [96.182688, 32.562354], [96.239325, 32.52587], [96.381177, 32.433318], [96.454609, 32.343401], [96.506906, 32.225191], [96.585454, 32.155014], [96.690357, 32.132871], [96.769887, 32.085355], [96.824147, 32.012491], [96.873808, 31.973449], [96.941298, 31.965543]]}}, {"type": "Feature", "properties": {"scalerank": 5, "featurecla": "River", "name": null, "note": "_untitled_79", "min_zoom": 4.7, "name_alt": null, "name_en": null, "min_label": 5.7}, "geometry": {"type": "MultiLineString", "coordinates": [[[106.464024, 10.298312], [106.385372, 10.330016], [106.137584, 10.306141]], [[106.137584, 10.306141], [105.930981, 10.28361]], [[106.137584, 10.306141], [106.183834, 10.253431], [106.222075, 10.244698], [106.292045, 10.261751], [106.329769, 10.247411], [106.359948, 10.210876], [106.407593, 10.117161], [106.467951, 10.05042], [106.518801, 10.015487], [106.579159, 9.978952], [106.658121, 9.948721]]]}}, {"type": "Feature", "properties": {"scalerank": 6, "featurecla": "River", "name": "Garonne", "note": null, "min_zoom": 5.0, "name_alt": null, "name_en": "Garonne", "min_label": 6.0}, "geometry": {"type": "LineString", "coordinates": [[1.454465, 43.41527], [1.453173, 43.41704], [1.409351, 43.513675], [1.408834, 43.587624], [1.361499, 43.6886], [1.220009, 43.880733], [1.082343, 44.031008], [0.860651, 44.125834], [0.508993, 44.215234], [0.323474, 44.295333], [0.304147, 44.366078], [0.25508, 44.422121], [0.136896, 44.484055], [0.003235, 44.560872], [-0.102081, 44.586865], [-0.223624, 44.587615], [-0.343307, 44.635596], [-0.533967, 44.795509], [-0.561795, 44.829925], [-0.567221, 44.859898], [-0.541693, 44.898035], [-0.536499, 44.95214], [-0.548488, 45.000587]]}}, {"type": "Feature", "properties": {"scalerank": 5, "featurecla": "River", "name": "Loire", "note": "Fixed in 4.0", "min_zoom": 4.7, "name_alt": null, "name_en": "Loire", "min_label": 5.7}, "geometry": {"type": "MultiLineString", "coordinates": [[[3.083254, 46.985427], [3.021862, 47.149267], [2.915926, 47.287243], [2.892878, 47.363259], [2.917476, 47.423411], [2.882749, 47.498806], [2.788595, 47.58955], [2.614342, 47.691146], [2.359887, 47.803594], [2.145378, 47.871264], [1.970815, 47.894183], [1.84519, 47.892529], [1.768502, 47.866278], [1.608202, 47.764372], [1.364393, 47.586889], [1.158204, 47.473743], [0.989738, 47.425013], [0.815434, 47.395815], [0.63529, 47.386255], [0.427757, 47.340625], [0.207409, 47.244042], [0.075401, 47.218178], [-0.038313, 47.249028], [-0.216364, 47.364241], [-0.418031, 47.40243], [-0.731242, 47.370959], [-1.05639, 47.374602], [-1.248704, 47.336413], [-1.416575, 47.257581], [-1.559047, 47.216317], [-1.63253, 47.201615], [-1.742524, 47.215956]], [[3.083132, 46.98503], [3.168228, 46.976891], [3.248557, 46.951589], [3.328886, 46.846035], [3.489545, 46.829127], [3.625486, 46.740273], [3.724353, 46.638546], [3.749069, 46.557877], [3.860294, 46.506866], [3.983878, 46.460064], [3.990057, 46.379129], [4.03949, 46.238272], [4.101282, 46.165568], [4.101282, 46.062763], [4.033311, 45.976945], [4.051848, 45.925391], [4.156894, 45.852274], [4.212507, 45.744573], [4.218686, 45.628023], [4.255761, 45.476578], [4.200148, 45.368153], [4.132177, 45.307344], [4.082744, 45.237768], [3.952982, 45.198594], [3.909728, 45.115805], [3.922086, 45.037262], [3.903548, 44.971727], [3.928265, 44.871095], [4.070386, 44.809755], [4.169252, 44.774673], [4.200148, 44.822904]]]}}]}