{"type": "FeatureCollection", "features": [{"type": "Feature", "properties": {"scalerank": 0, "featurecla": "Coastline", "min_zoom": 2}, "geometry": {"type": "LineString", "coordinates": [[22.964258, 58.605713], [22.820117, 58.621533], [22.753809, 58.604687], [22.688379, 58.597021], [22.617383, 58.62124], [22.546973, 58.627393], [22.474414, 58.604883], [22.328125, 58.580859], [22.266602, 58.507959], [22.205566, 58.521387], [22.168555, 58.51582], [22.081348, 58.478125], [22.001855, 58.510254], [21.924414, 58.514258], [21.862305, 58.497168], [21.984082, 58.38667], [21.965039, 58.348828], [21.924414, 58.315869], [21.891016, 58.30459], [21.854492, 58.30166], [21.882129, 58.262354], [22.03457, 58.213379], [22.104395, 58.17168], [22.187695, 58.154346], [22.15293, 58.115332], [21.985547, 57.995166], [21.978027, 57.963281], [21.996875, 57.931348], [22.07627, 57.936035], [22.152441, 57.966797], [22.227344, 58.051807], [22.269336, 58.160742], [22.37168, 58.217139], [22.498438, 58.23623], [22.730273, 58.230664], [22.757031, 58.260889], [22.885156, 58.311279], [22.979883, 58.363867], [23.035449, 58.372314], [23.082617, 58.398486], [23.127148, 58.435986], [23.323242, 58.45083], [23.292871, 58.483496], [22.964258, 58.605713]]}}, {"type": "Feature", "properties": {"scalerank": 0, "featurecla": "Coastline", "min_zoom": 1}, "geometry": {"type": "LineString", "coordinates": [[26.167871, 35.215088], [26.028027, 35.215283], [25.893359, 35.179199], [25.837109, 35.132568], [25.791309, 35.122852], [25.74502, 35.142725], [25.735156, 35.184033], [25.755859, 35.326367], [25.730176, 35.348584], [25.569629, 35.328076], [25.475684, 35.306201], [25.296777, 35.339355], [25.104297, 35.346924], [25.003125, 35.409863], [24.721289, 35.424805], [24.626953, 35.409912], [24.53457, 35.380762], [24.444922, 35.366016], [24.354004, 35.359473], [24.312891, 35.363818], [24.274902, 35.385986], [24.257715, 35.423145], [24.255371, 35.468604], [24.178516, 35.459521], [24.123145, 35.483643], [24.108984, 35.495801], [24.124023, 35.51084], [24.197754, 35.537451], [24.166016, 35.595215], [24.093359, 35.593848], [24.034375, 35.5354], [24.013281, 35.529443], [23.920605, 35.528174], [23.852246, 35.535449], [23.793359, 35.556201], [23.770801, 35.634229], [23.736914, 35.655518], [23.715039, 35.604736], [23.71543, 35.550146], [23.672656, 35.513916], [23.626563, 35.530371], [23.608691, 35.56626], [23.569824, 35.534766], [23.547559, 35.415576], [23.561621, 35.295166], [23.592773, 35.257227], [23.638086, 35.235156], [23.703906, 35.233496], [23.883594, 35.246094], [23.994336, 35.221924], [24.463672, 35.160352], [24.583398, 35.115332], [24.708887, 35.089062], [24.735156, 35.058301], [24.743945, 35.014355], [24.745215, 34.950635], [24.799805, 34.934473], [25.205762, 34.959277], [25.610938, 35.007324], [25.829688, 35.025195], [26.04668, 35.01416], [26.165625, 35.018604], [26.244336, 35.044678], [26.255566, 35.095166], [26.280859, 35.159229], [26.298633, 35.268604], [26.320215, 35.315137], [26.285547, 35.309766], [26.167871, 35.215088]]}}, {"type": "Feature", "properties": {"scalerank": 0, "featurecla": "Coastline", "min_zoom": 0}, "geometry": {"type": "LineString", "coordinates": [[24.463965, 38.145117], [24.359668, 38.1625], [24.275781, 38.22002], [24.220117, 38.338623], [24.1875, 38.463428], [24.211035, 38.504248], [24.199707, 38.541016], [24.154688, 38.588281], [24.127539, 38.648486], [24.099023, 38.670996], [23.878223, 38.686572], [23.688477, 38.764697], [23.63623, 38.770215], [23.525, 38.813477], [23.471973, 38.850098], [23.41543, 38.958643], [23.312695, 39.034912], [23.258203, 39.031348], [23.145801, 39.002686], [22.986328, 38.915918], [22.870313, 38.870508], [22.881348, 38.847656], [22.935742, 38.839648], [23.029102, 38.873389], [23.143945, 38.844824], [23.252148, 38.801221], [23.364063, 38.73501], [23.465234, 38.655859], [23.505273, 38.612939], [23.55332, 38.581982], [23.617383, 38.552539], [23.650781, 38.443066], [23.758789, 38.401221], [23.88623, 38.400732], [24.040137, 38.38999], [24.041895, 38.374121], [24.063574, 38.337207], [24.102832, 38.316846], [24.144141, 38.243066], [24.189063, 38.204297], [24.192578, 38.15166], [24.212012, 38.117529], [24.317773, 38.060352], [24.359473, 38.018555], [24.416504, 38.016553], [24.445801, 38.00498], [24.472656, 37.980518], [24.502344, 37.969922], [24.536523, 37.979736], [24.578516, 38.020166], [24.588379, 38.123975], [24.563281, 38.14751], [24.463965, 38.145117]]}}, {"type": "Feature", "properties": {"scalerank": 0, "featurecla": "Coastline", "min_zoom": 1}, "geometry": {"type": "LineString", "coordinates": [[34.272363, 35.569971], [34.19248, 35.545703], [34.063477, 35.473975], [33.607617, 35.35415], [33.458789, 35.335889], [33.307813, 35.341504], [33.123438, 35.358203], [32.941602, 35.39043], [32.926367, 35.278076], [32.879883, 35.180566], [32.772363, 35.15957], [32.712695, 35.171045], [32.652344, 35.182666], [32.555957, 35.155762], [32.475, 35.08999], [32.390918, 35.049805], [32.300977, 35.082959], [32.317188, 34.95332], [32.41377, 34.778027], [32.449023, 34.729443], [32.505566, 34.70625], [32.692969, 34.649365], [32.750098, 34.647803], [32.867188, 34.661133], [32.914258, 34.635498], [32.941797, 34.575879], [33.00791, 34.56958], [33.023926, 34.6], [33.024902, 34.636914], [33.062305, 34.674805], [33.115527, 34.695557], [33.176074, 34.698047], [33.296582, 34.717725], [33.414941, 34.750879], [33.514453, 34.806445], [33.699414, 34.969873], [33.758984, 34.973242], [33.822461, 34.965918], [33.936523, 34.971484], [34.050195, 34.988379], [34.023633, 35.045557], [34.004492, 35.065234], [33.93125, 35.140381], [33.90791, 35.202393], [33.941992, 35.292041], [34.463184, 35.593506], [34.556055, 35.662061], [34.411133, 35.629297], [34.272363, 35.569971]]}}, {"type": "Feature", "properties": {"scalerank": 0, "featurecla": "Coastline", "min_zoom": 2}, "geometry": {"type": "LineString", "coordinates": [[18.841113, 57.900195], [18.805176, 57.833154], [18.721875, 57.863721], [18.537402, 57.830566], [18.405176, 57.756836], [18.283203, 57.655127], [18.204883, 57.610889], [18.136523, 57.556641], [18.128906, 57.44917], [18.151953, 57.339062], [18.105078, 57.271875], [18.163965, 57.211719], [18.20957, 57.133301], [18.285352, 57.083203], [18.206543, 57.010156], [18.146387, 56.920508], [18.248926, 56.931543], [18.340234, 56.978223], [18.387207, 57.087646], [18.477344, 57.163037], [18.538477, 57.196924], [18.699902, 57.242725], [18.742871, 57.323535], [18.784863, 57.361084], [18.843652, 57.386475], [18.90791, 57.39834], [18.790918, 57.483105], [18.813867, 57.706201], [18.878125, 57.729687], [18.945117, 57.741602], [18.99375, 57.812109], [19.076465, 57.835938], [18.956445, 57.9], [18.900586, 57.915479], [18.841113, 57.900195]]}}, {"type": "Feature", "properties": {"scalerank": 0, "featurecla": "Coastline", "min_zoom": 1}, "geometry": {"type": "LineString", "coordinates": [[12.073047, 54.976758], [12.065527, 55.069922], [12.089941, 55.188135], [12.322461, 55.237109], [12.413086, 55.286182], [12.385156, 55.385645], [12.275391, 55.414258], [12.215039, 55.466504], [12.243457, 55.537891], [12.320605, 55.587842], [12.407129, 55.61626], [12.507031, 55.636621], [12.545215, 55.655811], [12.571191, 55.684961], [12.56875, 55.785059], [12.524805, 55.918457], [12.542969, 55.958984], [12.608398, 56.033008], [12.578711, 56.064062], [12.525781, 56.083398], [12.428223, 56.105859], [12.323242, 56.122119], [12.218945, 56.118652], [12.039648, 56.052148], [11.866406, 55.968164], [11.912793, 55.937305], [11.93457, 55.895898], [11.92207, 55.828076], [11.885352, 55.807959], [11.858301, 55.771875], [11.819727, 55.697656], [11.783594, 55.70166], [11.690918, 55.729004], [11.682227, 55.829492], [11.695898, 55.90791], [11.627734, 55.956885], [11.474707, 55.943457], [11.45957, 55.907227], [11.463672, 55.879297], [11.322266, 55.752539], [11.275488, 55.736475], [11.224414, 55.731201], [11.049609, 55.740234], [10.978906, 55.721533], [11.008789, 55.644434], [11.070312, 55.629297], [11.120996, 55.600732], [11.119531, 55.566064], [11.128027, 55.534766], [11.189746, 55.465625], [11.170703, 55.328613], [11.286328, 55.204443], [11.310254, 55.197852], [11.406836, 55.214746], [11.475879, 55.211523], [11.653809, 55.186914], [11.696777, 55.095996], [11.703613, 55.03916], [11.739844, 54.972461], [11.740918, 54.915332], [11.862305, 54.772607], [12.050391, 54.815332], [12.068848, 54.909033], [12.073047, 54.976758]]}}, {"type": "Feature", "properties": {"scalerank": 0, "featurecla": "Coastline", "min_zoom": 2}, "geometry": {"type": "LineString", "coordinates": [[10.785254, 55.133398], [10.808398, 55.203027], [10.785352, 55.269775], [10.819238, 55.321875], [10.738086, 55.446338], [10.686816, 55.557617], [10.645117, 55.609814], [10.622754, 55.612842], [10.505078, 55.558057], [10.424023, 55.560352], [10.353613, 55.598975], [10.286133, 55.61084], [9.994238, 55.535303], [9.860645, 55.515479], [9.858984, 55.357227], [9.930078, 55.228906], [9.967383, 55.205469], [9.98877, 55.163184], [10.25459, 55.087891], [10.442773, 55.048779], [10.623828, 55.052441], [10.785254, 55.133398]]}}, {"type": "Feature", "properties": {"scalerank": 0, "featurecla": "Coastline", "min_zoom": 2}, "geometry": {"type": "LineString", "coordinates": [[3.241113, 39.756689], [3.145313, 39.790088], [3.158691, 39.836572], [3.190918, 39.861377], [3.198633, 39.889844], [3.166992, 39.907715], [3.164453, 39.924219], [3.197559, 39.961084], [3.158691, 39.970508], [2.904785, 39.908301], [2.784961, 39.854834], [2.371289, 39.613086], [2.37002, 39.57207], [2.394336, 39.540381], [2.458789, 39.530469], [2.499512, 39.477881], [2.575879, 39.530664], [2.634082, 39.556201], [2.700586, 39.542139], [2.745996, 39.510254], [2.769824, 39.410254], [2.799805, 39.385059], [2.900098, 39.368359], [3.072852, 39.30127], [3.15459, 39.333252], [3.244727, 39.386621], [3.292969, 39.477051], [3.34873, 39.555664], [3.414648, 39.627148], [3.461816, 39.697754], [3.448926, 39.76123], [3.395898, 39.777295], [3.342188, 39.786719], [3.241113, 39.756689]]}}, {"type": "Feature", "properties": {"scalerank": 0, "featurecla": "Coastline", "min_zoom": 0}, "geometry": {"type": "LineString", "coordinates": [[99.69954992333423, 0.0], [99.669824, 0.045068], [99.597656, 0.102441], [99.33457, 0.208594], [99.236426, 0.267773], [99.15918, 0.351758], [99.111719, 0.458936], [99.05957, 0.686377], [98.935547, 1.031934], [98.796387, 1.494629], [98.702539, 1.701953], [98.595313, 1.8646], [98.564258, 1.902148], [98.086523, 2.195068], [98.005078, 2.238184], [97.918555, 2.264209], [97.79502, 2.282861], [97.700781, 2.358545], [97.662012, 2.494287], [97.640625, 2.676416], [97.616797, 2.785107], [97.59082, 2.846582], [97.391309, 2.975293], [97.313184, 3.077051], [97.247949, 3.189014], [97.188379, 3.275732], [96.968945, 3.575146], [96.893945, 3.653711], [96.800977, 3.708545], [96.525391, 3.766602], [96.444727, 3.816309], [96.31084, 3.986328], [96.230078, 4.072754], [95.987988, 4.263281], [95.578613, 4.661963], [95.494727, 4.761377], [95.431934, 4.865039], [95.38125, 4.976172], [95.206641, 5.284033], [95.220703, 5.34624], [95.24707, 5.410791], [95.242969, 5.464307], [95.223828, 5.51709], [95.227832, 5.564795], [95.27959, 5.592871], [95.396094, 5.628809], [95.516992, 5.624609], [95.628906, 5.609082], [95.737305, 5.579297], [95.841309, 5.514502], [96.027344, 5.351172], [96.133301, 5.294287], [96.250879, 5.266992], [96.492578, 5.229346], [96.615234, 5.220215], [96.842676, 5.274463], [96.967773, 5.269141], [97.085742, 5.229932], [97.19043, 5.207324], [97.451172, 5.236035], [97.500195, 5.22832], [97.547168, 5.205859], [97.5875, 5.170361], [97.706738, 5.040137], [97.908398, 4.87998], [97.966602, 4.77749], [97.999805, 4.662256], [98.020703, 4.635205], [98.248438, 4.414551], [98.27334, 4.322314], [98.241211, 4.194531], [98.307324, 4.092871], [98.52832, 3.997559], [98.658691, 3.928125], [98.686523, 3.885547], [98.705762, 3.834766], [98.77793, 3.759424], [98.868652, 3.710352], [99.151172, 3.58125], [99.521484, 3.311182], [99.732324, 3.183057], [99.906641, 2.988184], [99.969434, 2.894922], [100.0, 2.8355736797994417]]}}, {"type": "Feature", "properties": {"scalerank": 0, "featurecla": "Coastline", "min_zoom": 1}, "geometry": {"type": "LineString", "coordinates": [[81.832031, 7.428418], [81.79668, 7.464795], [81.727344, 7.625], [81.68291, 7.684473], [81.67627, 7.710938], [81.678711, 7.741553], [81.66543, 7.782471], [81.435938, 8.118896], [81.422168, 8.147852], [81.422168, 8.215234], [81.372852, 8.431445], [81.333984, 8.47207], [81.274609, 8.483594], [81.226953, 8.505518], [81.216211, 8.549414], [81.219238, 8.608398], [81.198242, 8.661963], [81.016016, 8.932617], [80.979199, 8.956934], [80.935449, 8.971484], [80.910059, 9.024512], [80.893457, 9.085889], [80.711133, 9.366357], [80.375977, 9.642334], [80.252832, 9.796338], [80.180957, 9.81001], [80.078418, 9.807471], [79.982324, 9.812695], [79.966992, 9.792627], [79.954004, 9.742334], [79.979492, 9.699365], [80.045801, 9.649902], [80.257617, 9.611279], [80.385352, 9.548779], [80.42832, 9.480957], [80.367969, 9.480469], [80.317969, 9.46543], [80.256445, 9.494775], [80.196094, 9.538135], [80.086328, 9.577832], [80.110938, 9.453271], [80.118359, 9.326855], [80.099609, 9.209961], [80.064844, 9.095654], [79.928906, 8.899219], [79.92793, 8.846436], [79.943652, 8.741162], [79.941797, 8.691504], [79.850879, 8.411572], [79.831934, 8.304053], [79.808887, 8.05], [79.783496, 8.018457], [79.749707, 8.048877], [79.749805, 8.294238], [79.712988, 8.182324], [79.707812, 8.065674], [79.759961, 7.796484], [79.79209, 7.585205], [79.859375, 6.829297], [79.946973, 6.584521], [80.007227, 6.364404], [80.095313, 6.153174], [80.267383, 6.009766], [80.495801, 5.949365], [80.724121, 5.979053], [80.971094, 6.088379], [81.30625, 6.203857], [81.37998, 6.240918], [81.637402, 6.425146], [81.712695, 6.511865], [81.767773, 6.614307], [81.818555, 6.756201], [81.861426, 6.90127], [81.876953, 7.020459], [81.874121, 7.28833], [81.832031, 7.428418]]}}, {"type": "Feature", "properties": {"scalerank": 0, "featurecla": "Coastline", "min_zoom": 3}, "geometry": {"type": "LineString", "coordinates": [[53.055176, 39.037939], [53.10957, 38.803076], [53.100195, 38.756152], [53.045898, 38.897217], [53.018555, 39.052734], [53.05332, 39.096582], [53.092188, 39.094092], [53.055176, 39.037939]]}}, {"type": "Feature", "properties": {"scalerank": 0, "featurecla": "Coastline", "min_zoom": 3}, "geometry": {"type": "LineString", "coordinates": [[50.095313, 44.830615], [49.995117, 44.936963], [50.023047, 45.044727], [50.059375, 45.066797], [50.109863, 45.081934], [50.116602, 45.058252], [50.045313, 45.01001], [50.038867, 44.949121], [50.098145, 44.881543], [50.184473, 44.854639], [50.14873, 44.826465], [50.095313, 44.830615]]}}, {"type": "Feature", "properties": {"scalerank": 0, "featurecla": "Coastline", "min_zoom": 4}, "geometry": {"type": "LineString", "coordinates": [[50.294922, 45.075928], [50.349707, 45.083008], [50.330859, 44.998437], [50.311719, 44.97207], [50.277246, 44.958594], [50.256152, 45.022412], [50.294922, 45.075928]]}}, {"type": "Feature", "properties": {"scalerank": 0, "featurecla": "Coastline", "min_zoom": 1}, "geometry": {"type": "LineString", "coordinates": [[9.682031, 40.818115], [9.632031, 40.882031], [9.574023, 40.914746], [9.553711, 40.932129], [9.589746, 40.99248], [9.621191, 41.004883], [9.615332, 41.017285], [9.575684, 41.030518], [9.53877, 41.053662], [9.500195, 41.106348], [9.455176, 41.150146], [9.350781, 41.195898], [9.283008, 41.20166], [9.228418, 41.25708], [9.182129, 41.242188], [9.163086, 41.185156], [9.107227, 41.14292], [8.998145, 41.110352], [8.821191, 40.949902], [8.698926, 40.895264], [8.571875, 40.850195], [8.468457, 40.834326], [8.363281, 40.846338], [8.310156, 40.85752], [8.245215, 40.907031], [8.224219, 40.91333], [8.203809, 40.870703], [8.180859, 40.771045], [8.189941, 40.651611], [8.230273, 40.605957], [8.295508, 40.558643], [8.353223, 40.500537], [8.385352, 40.442676], [8.40918, 40.352344], [8.471289, 40.292676], [8.470801, 40.130713], [8.455078, 40.077588], [8.408594, 40.037646], [8.399316, 39.978174], [8.407813, 39.917236], [8.495898, 39.897461], [8.547754, 39.839209], [8.538672, 39.769678], [8.540527, 39.731592], [8.510742, 39.72168], [8.471094, 39.748096], [8.451172, 39.72168], [8.461035, 39.647705], [8.44707, 39.562793], [8.418652, 39.523047], [8.399121, 39.481592], [8.410742, 39.291797], [8.418164, 39.205713], [8.48623, 39.110498], [8.55332, 39.030322], [8.59541, 38.964307], [8.648535, 38.926562], [8.718555, 38.926709], [8.801172, 38.909668], [8.881348, 38.912891], [8.966602, 38.963721], [9.022656, 39.043262], [9.056348, 39.23916], [9.101758, 39.211279], [9.149316, 39.196973], [9.206934, 39.213818], [9.26416, 39.216797], [9.388086, 39.167529], [9.486328, 39.139551], [9.5625, 39.166016], [9.583594, 39.253564], [9.616992, 39.354395], [9.686035, 39.924365], [9.706738, 40.017041], [9.700781, 40.091797], [9.659473, 40.159229], [9.642969, 40.268408], [9.754199, 40.400293], [9.782813, 40.441504], [9.805273, 40.499561], [9.794336, 40.556201], [9.682031, 40.818115]]}}, {"type": "Feature", "properties": {"scalerank": 0, "featurecla": "Coastline", "min_zoom": 1}, "geometry": {"type": "LineString", "coordinates": [[8.641602, 42.118213], [8.700977, 42.095605], [8.702539, 42.043115], [8.653418, 41.995557], [8.615137, 41.959131], [8.621875, 41.930713], [8.673633, 41.922363], [8.74043, 41.925146], [8.758691, 41.87041], [8.718652, 41.804004], [8.717969, 41.761426], [8.770996, 41.737109], [8.886816, 41.700684], [8.879004, 41.668555], [8.829785, 41.627686], [8.80752, 41.588379], [8.84209, 41.558887], [8.89502, 41.516162], [9.003027, 41.476562], [9.186133, 41.384912], [9.253418, 41.460059], [9.330859, 41.627148], [9.374219, 41.678809], [9.394824, 41.731201], [9.400879, 41.926221], [9.428418, 41.972412], [9.550684, 42.129736], [9.556445, 42.160937], [9.526172, 42.552637], [9.509375, 42.585596], [9.473242, 42.615576], [9.454199, 42.658594], [9.480371, 42.80542], [9.478613, 42.860498], [9.46084, 42.945215], [9.463281, 42.981006], [9.415234, 43.021484], [9.363184, 43.017383], [9.330957, 42.943799], [9.323047, 42.814062], [9.338379, 42.766895], [9.313379, 42.713184], [9.287695, 42.694629], [9.253516, 42.712451], [9.198047, 42.729199], [9.137891, 42.73291], [9.088379, 42.70498], [9.043652, 42.66167], [8.994922, 42.645312], [8.814844, 42.60791], [8.713086, 42.549756], [8.640039, 42.426562], [8.5875, 42.385303], [8.565625, 42.357715], [8.592383, 42.344727], [8.625879, 42.343408], [8.675488, 42.284033], [8.60791, 42.258447], [8.566211, 42.218799], [8.587793, 42.16084], [8.641602, 42.118213]]}}, {"type": "Feature", "properties": {"scalerank": 0, "featurecla": "Coastline", "min_zoom": 1}, "geometry": {"type": "LineString", "coordinates": [[15.340723, 38.217334], [15.27959, 38.230371], [15.224023, 38.211035], [15.176074, 38.168066], [15.11875, 38.152734], [14.981934, 38.167578], [14.845898, 38.17168], [14.789648, 38.166992], [14.737207, 38.150781], [14.636719, 38.085059], [14.505957, 38.045508], [14.416211, 38.042578], [14.287695, 38.016846], [14.05, 38.040527], [13.936621, 38.02417], [13.788867, 37.981201], [13.734863, 37.984033], [13.681543, 38.000732], [13.491309, 38.103125], [13.433496, 38.110254], [13.383496, 38.126807], [13.35166, 38.180518], [13.291113, 38.191455], [13.159961, 38.190332], [13.056836, 38.130908], [13.049023, 38.084082], [12.955469, 38.041309], [12.902734, 38.034863], [12.850684, 38.063721], [12.734375, 38.183057], [12.702344, 38.141699], [12.664355, 38.10791], [12.60166, 38.084961], [12.547656, 38.05293], [12.486816, 37.938721], [12.435547, 37.819775], [12.454395, 37.773779], [12.526758, 37.669531], [12.640234, 37.594336], [12.699023, 37.571826], [12.757324, 37.567383], [12.871191, 37.575195], [12.924121, 37.570508], [13.040332, 37.506543], [13.169922, 37.479297], [13.221094, 37.451807], [13.264941, 37.410352], [13.360938, 37.34873], [13.587109, 37.25415], [13.800586, 37.135889], [13.905469, 37.100635], [14.024316, 37.107129], [14.142969, 37.103662], [14.259082, 37.046436], [14.367285, 36.972852], [14.501855, 36.798682], [14.555469, 36.776758], [14.614355, 36.766602], [14.775977, 36.7104], [14.889648, 36.723535], [15.002441, 36.693896], [15.112598, 36.687842], [15.116309, 36.736475], [15.104297, 36.785254], [15.11582, 36.839258], [15.142383, 36.891602], [15.185156, 36.934814], [15.294531, 37.013281], [15.295703, 37.055176], [15.288672, 37.096924], [15.236035, 37.138721], [15.174121, 37.20918], [15.230273, 37.244336], [15.193652, 37.282861], [15.145996, 37.308008], [15.116992, 37.334717], [15.105664, 37.375488], [15.099512, 37.458594], [15.131055, 37.531885], [15.164844, 37.589551], [15.189844, 37.650732], [15.206836, 37.720557], [15.234473, 37.784814], [15.475684, 38.062939], [15.508887, 38.106641], [15.576563, 38.220312], [15.634668, 38.267578], [15.568359, 38.295898], [15.49873, 38.290869], [15.340723, 38.217334]]}}, {"type": "Feature", "properties": {"scalerank": 0, "featurecla": "Coastline", "min_zoom": 0}, "geometry": {"type": "LineString", "coordinates": [[-3.988477, 57.58125], [-3.868164, 57.600342], [-3.628223, 57.662256], [-3.402783, 57.708252], [-3.294531, 57.710156], [-3.083936, 57.673486], [-3.036035, 57.672314], [-2.94668, 57.689258], [-2.856299, 57.692285], [-2.244141, 57.680859], [-2.074072, 57.702393], [-1.961523, 57.67666], [-1.867383, 57.612354], [-1.77793, 57.49375], [-1.780664, 57.474023], [-1.834717, 57.419971], [-1.934473, 57.352197], [-2.020312, 57.258887], [-2.045508, 57.208545], [-2.062354, 57.153467], [-2.089551, 57.102539], [-2.260254, 56.86333], [-2.42666, 56.730713], [-2.500977, 56.636572], [-2.592676, 56.561572], [-2.680957, 56.514404], [-2.775195, 56.482959], [-3.047412, 56.449365], [-3.123584, 56.425293], [-3.214453, 56.383936], [-3.309961, 56.363477], [-3.197998, 56.366064], [-3.087012, 56.389063], [-2.885156, 56.39751], [-2.652734, 56.318262], [-2.674268, 56.253418], [-2.767578, 56.202148], [-2.979785, 56.194092], [-3.178223, 56.080127], [-3.267773, 56.045068], [-3.362256, 56.027637], [-3.48042, 56.032812], [-3.695117, 56.06333], [-3.789062, 56.095215], [-3.70415, 56.043164], [-3.607812, 56.016016], [-3.04873, 55.951953], [-3.015088, 55.958594], [-2.836865, 56.02627], [-2.599316, 56.027295], [-2.14707, 55.902979], [-2.016846, 55.807959], [-1.830273, 55.671729], [-1.72876, 55.618555], [-1.655371, 55.570361], [-1.610156, 55.498096], [-1.522559, 55.259521], [-1.422656, 55.026416], [-1.291748, 54.773877], [-1.232422, 54.703711], [-1.154395, 54.654492], [-0.759326, 54.541406], [-0.671387, 54.503906], [-0.518115, 54.395117], [-0.370361, 54.279199], [-0.232861, 54.190137], [-0.084375, 54.118066], [-0.156299, 54.080615], [-0.205566, 54.021729], [-0.16875, 53.94165], [-0.108252, 53.865186], [0.010547, 53.742822], [0.115332, 53.609277], [0.076709, 53.629443], [0.036084, 53.640527], [-0.019434, 53.637207], [-0.07373, 53.643652], [-0.173828, 53.685449], [-0.27002, 53.736768], [-0.461377, 53.716162], [-0.567676, 53.725391], [-0.659912, 53.724023], [-0.485059, 53.694385], [-0.293701, 53.692334], [0.12832, 53.468262], [0.270996, 53.335498], [0.355762, 53.159961], [0.298047, 53.081104], [0.208203, 53.030029], [0.124414, 52.971582], [0.045898, 52.905615], [0.279785, 52.808691], [0.330176, 52.811621], [0.381934, 52.825195], [0.431641, 52.858154], [0.515527, 52.938379], [0.558789, 52.966943], [0.704492, 52.977246], [0.826758, 52.971094], [0.948535, 52.953369], [1.055566, 52.958984], [1.271289, 52.924561], [1.382129, 52.893506], [1.656738, 52.753711], [1.716113, 52.677246], [1.743359, 52.578516], [1.746582, 52.468994], [1.700391, 52.368896], [1.647363, 52.278516], [1.614648, 52.161816], [1.591406, 52.119775], [1.558984, 52.086865], [1.413477, 51.994775], [1.316797, 51.956934], [1.275977, 51.973535], [1.232422, 51.97124], [1.227832, 51.949121], [1.273828, 51.9021], [1.274414, 51.845361], [1.188477, 51.803369], [1.101172, 51.785449], [0.955078, 51.807812], [0.752246, 51.72959], [0.898047, 51.689404], [0.927441, 51.646631], [0.890918, 51.571436], [0.799219, 51.537891], [0.697559, 51.523047], [0.593457, 51.519482], [0.507227, 51.501074], [0.424512, 51.465625], [0.52832, 51.484473], [0.600293, 51.467969], [0.645508, 51.404687], [0.686523, 51.386572], [0.889355, 51.359521], [1.014941, 51.359717], [1.257129, 51.375098], [1.373438, 51.374707], [1.414941, 51.363281], [1.415625, 51.31084], [1.397559, 51.182031], [1.365527, 51.155469], [1.044434, 51.047266], [0.978613, 50.97168], [0.960156, 50.925879], [0.772363, 50.933984], [0.684375, 50.885547], [0.532324, 50.853418], [0.414746, 50.819189], [0.299707, 50.775977], [0.205078, 50.763037], [-0.203906, 50.814355], [-0.450781, 50.810156], [-0.785254, 50.76543], [-0.871387, 50.772803], [-1.000586, 50.815625], [-1.132861, 50.84458], [-1.285059, 50.857324], [-1.416455, 50.896875], [-1.334473, 50.820801], [-1.516748, 50.747461], [-1.60083, 50.732861], [-1.687891, 50.735156], [-1.866016, 50.715234], [-2.031055, 50.725391], [-2.00625, 50.673242], [-1.962061, 50.627783], [-1.9979, 50.608008], [-2.03584, 50.603076], [-2.350146, 50.637402], [-2.394678, 50.630908], [-2.433447, 50.599219], [-2.547754, 50.616309], [-2.658838, 50.669727], [-2.776953, 50.705566], [-2.900879, 50.722412], [-2.999414, 50.716602], [-3.40459, 50.632422], [-3.485449, 50.547949], [-3.525879, 50.428174], [-3.584375, 50.321826], [-3.679785, 50.239941], [-3.793359, 50.229248], [-3.900195, 50.285937], [-4.103418, 50.348535], [-4.172559, 50.39082], [-4.19458, 50.393311], [-4.217285, 50.378174], [-4.296973, 50.359082], [-4.379492, 50.358203], [-4.506689, 50.341357], [-4.727979, 50.290479], [-4.817383, 50.255957], [-5.009521, 50.160742], [-5.048633, 50.134375], [-5.118506, 50.03833], [-5.225244, 50.021387], [-5.322852, 50.082959], [-5.433984, 50.104443], [-5.551221, 50.083398], [-5.622119, 50.050684], [-5.655176, 50.077246], [-5.65625, 50.131885], [-5.570654, 50.196973], [-5.342285, 50.246143], [-5.141797, 50.37373], [-5.043457, 50.451514], [-5.004443, 50.495264], [-4.956396, 50.523145], [-4.893555, 50.533691], [-4.861279, 50.582031], [-4.58291, 50.776367], [-4.559961, 50.820947], [-4.546094, 50.900684], [-4.523096, 50.977441], [-4.296484, 51.027148], [-4.188184, 51.188525], [-4.158398, 51.201318], [-3.842334, 51.230908], [-3.60791, 51.228564], [-3.375098, 51.196973], [-3.255762, 51.194141], [-3.135986, 51.205029], [-3.042041, 51.248584], [-2.88125, 51.405664], [-2.79082, 51.474805], [-2.687207, 51.537256], [-2.590283, 51.608594], [-2.433057, 51.740723], [-2.539355, 51.695215], [-2.667676, 51.622998], [-2.742139, 51.581104], [-2.978516, 51.538867], [-3.080371, 51.495801], [-3.258789, 51.398486], [-3.293115, 51.39043], [-3.562354, 51.413818], [-3.762695, 51.539941], [-3.890771, 51.59165], [-3.943652, 51.59751], [-3.99834, 51.582129], [-4.115283, 51.566406], [-4.23457, 51.569092], [-4.173682, 51.627344], [-4.091016, 51.659912], [-4.276172, 51.68252], [-4.327637, 51.700244], [-4.386279, 51.741064], [-4.531494, 51.748047], [-4.600781, 51.737646], [-4.717627, 51.683691], [-4.902295, 51.62627], [-5.124756, 51.705859], [-5.168359, 51.740723], [-5.167236, 51.808057], [-5.200586, 51.861377], [-5.262305, 51.880176], [-5.18335, 51.949658], [-5.088086, 51.995898], [-4.878516, 52.041846], [-4.561133, 52.150879], [-4.383154, 52.197314], [-4.217725, 52.277441], [-4.149365, 52.32627], [-4.099756, 52.393115], [-4.050537, 52.475146], [-3.980322, 52.541748], [-4.048437, 52.557617], [-4.078906, 52.607861], [-4.070703, 52.658838], [-4.039258, 52.704053], [-4.067432, 52.760742], [-4.117529, 52.82002], [-4.114746, 52.866162], [-4.101465, 52.915479], [-4.22915, 52.912842], [-4.356445, 52.897412], [-4.471826, 52.862451], [-4.583691, 52.814941], [-4.683057, 52.806152], [-4.681445, 52.844141], [-4.63833, 52.891113], [-4.525684, 52.958203], [-4.405078, 53.013818], [-4.362207, 53.056055], [-4.328418, 53.105127], [-4.268555, 53.144531], [-4.111035, 53.218945], [-3.809277, 53.302686], [-3.764209, 53.307617], [-3.645898, 53.2979], [-3.52959, 53.310547], [-3.427734, 53.340674], [-3.326172, 53.347168], [-3.097559, 53.260303], [-3.165576, 53.394678], [-3.064746, 53.426855], [-2.918555, 53.305371], [-2.86416, 53.292578], [-2.749512, 53.310205], [-2.79375, 53.330713], [-2.84541, 53.331934], [-2.913086, 53.350244], [-2.969971, 53.389209], [-3.0646, 53.512842], [-3.059473, 53.58623], [-2.995703, 53.662549], [-2.925098, 53.732764], [-2.984326, 53.746729], [-3.031787, 53.773584], [-3.045361, 53.843848], [-3.026758, 53.905908], [-2.899854, 53.960693], [-2.862402, 54.043848], [-2.846484, 54.135303], [-2.867578, 54.177246], [-2.993506, 54.170508], [-3.054736, 54.153418], [-3.109668, 54.126318], [-3.165967, 54.12793], [-3.321533, 54.229102], [-3.410254, 54.305615], [-3.569385, 54.467578], [-3.592041, 54.564355], [-3.4646, 54.773096], [-3.26792, 54.906592], [-3.03623, 54.953076], [-3.081055, 54.961963], [-3.434082, 54.96377], [-3.550439, 54.947412], [-3.658301, 54.892871], [-3.719238, 54.876123], [-3.783252, 54.869922], [-3.841602, 54.842773], [-3.898584, 54.805078], [-3.95791, 54.780957], [-4.075781, 54.787207], [-4.132959, 54.779248], [-4.174023, 54.801074], [-4.208398, 54.837158], [-4.253418, 54.846777], [-4.303662, 54.835693], [-4.409912, 54.787061], [-4.51748, 54.75835], [-4.647559, 54.789014], [-4.818066, 54.846143], [-4.851709, 54.825293], [-4.889502, 54.772266], [-4.91123, 54.689453], [-5.032324, 54.761377], [-5.135498, 54.85752], [-5.170117, 54.91792], [-5.172705, 54.985889], [-5.116699, 55.012256], [-5.055859, 54.988135], [-4.965186, 55.149463], [-4.784814, 55.359424], [-4.721143, 55.420996], [-4.676758, 55.501318], [-4.684375, 55.553906], [-4.72417, 55.598291], [-4.891846, 55.699121], [-4.889648, 55.781201], [-4.87168, 55.873926], [-4.826074, 55.929541], [-4.806836, 55.940137], [-4.584082, 55.938672], [-4.670947, 55.967383], [-4.844092, 56.051172], [-4.841016, 56.080859], [-4.800293, 56.15835], [-4.819141, 56.150488], [-4.85625, 56.114697], [-4.9271, 56.028076], [-4.970361, 56.007861], [-5.092822, 55.987305], [-5.11499, 55.944629], [-5.134668, 55.933496], [-5.19585, 55.928662], [-5.2146, 55.888867], [-5.228223, 55.886328], [-5.245605, 55.929248], [-5.247314, 56.000391], [-5.222949, 56.06582], [-5.176416, 56.116992], [-4.996973, 56.23335], [-5.084326, 56.197461], [-5.282324, 56.089941], [-5.383447, 56.019238], [-5.410449, 55.995361], [-5.418896, 55.975244], [-5.418311, 55.952051], [-5.3729, 55.827686], [-5.38584, 55.770117], [-5.556445, 55.3896], [-5.58877, 55.351416], [-5.618457, 55.331445], [-5.646533, 55.326855], [-5.730664, 55.334131], [-5.768213, 55.362646], [-5.767871, 55.394971], [-5.7521, 55.443457], [-5.681348, 55.623975], [-5.650635, 55.674121], [-5.605029, 55.720752], [-5.504492, 55.802393], [-5.506934, 55.807715], [-5.573877, 55.791699], [-5.602393, 55.796973], [-5.622852, 55.813135], [-5.60957, 56.055273], [-5.555273, 56.134961], [-5.534961, 56.25083], [-5.487891, 56.350049], [-5.433398, 56.422314], [-5.391943, 56.514795], [-5.329443, 56.555908], [-5.312695, 56.618799], [-5.242578, 56.686865], [-5.188379, 56.758057], [-5.217578, 56.751025], [-5.564209, 56.565723], [-5.652441, 56.531982], [-5.772803, 56.541016], [-5.864844, 56.561865], [-5.936768, 56.605713], [-5.968896, 56.689893], [-6.057715, 56.692139], [-6.133691, 56.706689], [-6.132764, 56.718018], [-6.034717, 56.763916], [-5.877637, 56.779639], [-5.730615, 56.853076], [-5.861426, 56.902686], [-5.850391, 56.918408], [-5.736279, 56.960645], [-5.591309, 57.102344], [-5.561914, 57.232715], [-5.63125, 57.293945], [-5.656348, 57.334082], [-5.794922, 57.378809], [-5.818066, 57.436084], [-5.801953, 57.468018], [-5.756738, 57.499219], [-5.688623, 57.523535], [-5.581787, 57.546777], [-5.67876, 57.57168], [-5.714941, 57.601074], [-5.742383, 57.643652], [-5.744922, 57.668311], [-5.694727, 57.778223], [-5.665479, 57.823535], [-5.60835, 57.881348], [-5.349023, 57.878076], [-5.319189, 57.903613], [-5.289795, 57.90459], [-5.157227, 57.881348], [-5.176904, 57.906396], [-5.39375, 58.043604], [-5.413184, 58.069727], [-5.351367, 58.143701], [-5.346875, 58.17666], [-5.355957, 58.211914], [-5.338281, 58.238721], [-5.269531, 58.251416], [-5.059961, 58.250146], [-5.008301, 58.262646], [-5.031836, 58.298291], [-5.080615, 58.345166], [-5.090137, 58.384521], [-5.078711, 58.419287], [-5.076025, 58.489258], [-5.066504, 58.520215], [-5.016748, 58.566553], [-4.975635, 58.580322], [-4.924658, 58.588379], [-4.809619, 58.5729], [-4.765771, 58.554199], [-4.71543, 58.51001], [-4.678223, 58.513574], [-4.534961, 58.561572], [-4.491895, 58.568457], [-4.433252, 58.512842], [-4.188623, 58.557227], [-3.859521, 58.5771], [-3.661816, 58.606299], [-3.453564, 58.616895], [-3.259131, 58.65], [-3.053076, 58.634814], [-3.046191, 58.615527], [-3.056982, 58.58877], [-3.109668, 58.515479], [-3.101123, 58.433691], [-3.112891, 58.408887], [-3.136768, 58.37832], [-3.212354, 58.32124], [-3.410986, 58.239648], [-3.775, 58.0521], [-3.990039, 57.959033], [-4.019629, 57.914258], [-4.035596, 57.852002], [-3.906836, 57.839648], [-3.857129, 57.818555], [-3.887939, 57.786914], [-4.078418, 57.677051], [-4.134521, 57.577734], [-3.988477, 57.58125]]}}, {"type": "Feature", "properties": {"scalerank": 0, "featurecla": "Coastline", "min_zoom": 0}, "geometry": {"type": "LineString", "coordinates": [[-9.542383, 51.664453], [-9.524902, 51.681104], [-9.579834, 51.689258], [-9.899023, 51.64707], [-10.009912, 51.611133], [-10.120752, 51.600684], [-10.069434, 51.655566], [-9.926416, 51.730713], [-9.849707, 51.766113], [-9.802881, 51.780127], [-9.749512, 51.824268], [-9.598828, 51.874414], [-10.084229, 51.770996], [-10.211719, 51.783594], [-10.241748, 51.812451], [-10.341064, 51.798926], [-10.378711, 51.86875], [-10.231592, 51.974512], [-10.14585, 52.02002], [-10.044043, 52.04458], [-9.946045, 52.079834], [-9.909668, 52.122949], [-9.955811, 52.13667], [-10.249512, 52.125732], [-10.390234, 52.134912], [-10.382617, 52.169092], [-10.356689, 52.206934], [-10.210938, 52.27168], [-10.13208, 52.28208], [-10.061768, 52.275928], [-9.993115, 52.259326], [-9.937305, 52.237646], [-9.772119, 52.250098], [-9.841064, 52.291455], [-9.853223, 52.375488], [-9.906055, 52.403711], [-9.838477, 52.442676], [-9.761133, 52.466357], [-9.632227, 52.546924], [-9.586328, 52.55918], [-9.33125, 52.57876], [-9.056152, 52.621143], [-8.783447, 52.679639], [-8.923291, 52.712305], [-8.990283, 52.75542], [-9.0979, 52.668262], [-9.175391, 52.634912], [-9.394238, 52.61709], [-9.463477, 52.626904], [-9.561035, 52.653955], [-9.591357, 52.643652], [-9.619531, 52.622754], [-9.764355, 52.57998], [-9.916602, 52.569727], [-9.7396, 52.648193], [-9.51499, 52.781152], [-9.464893, 52.823193], [-9.393652, 52.89624], [-9.415723, 52.92876], [-9.461963, 52.947266], [-9.299219, 53.097559], [-9.241895, 53.124854], [-9.137598, 53.129248], [-9.061133, 53.153076], [-9.027441, 53.153174], [-8.997168, 53.162061], [-8.930127, 53.20708], [-9.033545, 53.235742], [-9.140332, 53.250488], [-9.470752, 53.234863], [-9.514209, 53.238232], [-9.555176, 53.252051], [-9.581738, 53.271973], [-9.601758, 53.323047], [-9.625977, 53.334473], [-9.700586, 53.334473], [-9.774072, 53.318848], [-9.825391, 53.320361], [-9.875781, 53.342725], [-9.79541, 53.394971], [-9.899023, 53.407275], [-10.003906, 53.397021], [-10.09126, 53.412842], [-10.093994, 53.445605], [-10.054395, 53.47832], [-10.10625, 53.509326], [-10.116992, 53.548535], [-10.061719, 53.567822], [-10.001367, 53.561426], [-9.878271, 53.59043], [-9.720654, 53.604492], [-9.855859, 53.633105], [-9.909717, 53.657617], [-9.912305, 53.695117], [-9.901611, 53.727197], [-9.745068, 53.781494], [-9.578223, 53.80542], [-9.590527, 53.841162], [-9.578857, 53.879834], [-9.74751, 53.891016], [-9.914062, 53.863721], [-9.89624, 53.937598], [-9.856348, 54.004297], [-9.848486, 54.048291], [-9.856445, 54.095361], [-9.934473, 54.075244], [-9.943604, 54.141602], [-9.9771, 54.187109], [-10.092676, 54.155762], [-10.089697, 54.21582], [-10.056396, 54.257812], [-9.995947, 54.276025], [-9.935937, 54.268115], [-9.824561, 54.268896], [-9.717139, 54.300439], [-9.562305, 54.308545], [-9.315527, 54.298633], [-9.145898, 54.209619], [-9.1021, 54.225537], [-9.034277, 54.281787], [-9.002441, 54.287988], [-8.746777, 54.263477], [-8.588037, 54.231104], [-8.545557, 54.241211], [-8.568457, 54.303613], [-8.623145, 54.346875], [-8.554443, 54.403564], [-8.470996, 54.441943], [-8.415234, 54.461084], [-8.286523, 54.484863], [-8.230371, 54.507275], [-8.192969, 54.580127], [-8.133447, 54.64082], [-8.456543, 54.609277], [-8.763916, 54.681201], [-8.715186, 54.732031], [-8.650293, 54.760889], [-8.538281, 54.782959], [-8.527686, 54.809473], [-8.470996, 54.831543], [-8.377295, 54.889453], [-8.411719, 54.965088], [-8.393262, 55.02041], [-8.325781, 55.056445], [-8.304688, 55.108203], [-8.274609, 55.146289], [-8.137695, 55.159912], [-8.006104, 55.195312], [-7.958594, 55.191895], [-7.803174, 55.200049], [-7.750537, 55.185791], [-7.762549, 55.24834], [-7.66709, 55.256494], [-7.629785, 55.243994], [-7.613379, 55.199658], [-7.57002, 55.171387], [-7.556641, 55.122217], [-7.585693, 55.084229], [-7.634277, 55.05498], [-7.589844, 55.025049], [-7.65874, 54.970947], [-7.584375, 54.993994], [-7.478418, 55.046973], [-7.483936, 55.090283], [-7.501953, 55.144727], [-7.531445, 55.193848], [-7.517871, 55.247949], [-7.458301, 55.281787], [-7.301758, 55.298779], [-7.365967, 55.360205], [-7.308789, 55.36582], [-7.24668, 55.353027], [-7.155322, 55.305176], [-7.060254, 55.267627], [-6.96167, 55.237891], [-7.056396, 55.17832], [-7.172852, 55.137012], [-7.218652, 55.091992], [-7.178613, 55.056885], [-7.100635, 55.048291], [-7.030762, 55.080615], [-6.947168, 55.18252], [-6.888965, 55.188916], [-6.824854, 55.180664], [-6.698828, 55.193457], [-6.475049, 55.241016], [-6.375293, 55.241797], [-6.234229, 55.216846], [-6.12915, 55.217383], [-6.035791, 55.144531], [-5.985742, 55.029688], [-5.869189, 54.916211], [-5.716846, 54.81748], [-5.710742, 54.75708], [-5.765186, 54.724658], [-5.879102, 54.684375], [-5.878613, 54.641309], [-5.803467, 54.663037], [-5.738623, 54.673047], [-5.58252, 54.663428], [-5.52793, 54.619629], [-5.490186, 54.554053], [-5.47041, 54.500195], [-5.483887, 54.44165], [-5.525879, 54.460205], [-5.568555, 54.512598], [-5.615967, 54.536719], [-5.671094, 54.549756], [-5.646094, 54.477881], [-5.655957, 54.381738], [-5.631885, 54.372656], [-5.557812, 54.370996], [-5.606787, 54.272559], [-5.708057, 54.24585], [-5.826172, 54.23584], [-5.854639, 54.200977], [-5.876074, 54.156055], [-5.937744, 54.089062], [-6.019043, 54.05127], [-6.119531, 54.058887], [-6.218018, 54.088721], [-6.175732, 54.053516], [-6.156934, 54.017236], [-6.230664, 54.003613], [-6.307617, 54.011035], [-6.345166, 53.987207], [-6.347607, 53.941309], [-6.321582, 53.882178], [-6.270117, 53.840234], [-6.229004, 53.745703], [-6.194873, 53.640869], [-6.141846, 53.577539], [-6.130957, 53.498926], [-6.13877, 53.460303], [-6.129102, 53.390869], [-6.15166, 53.366406], [-6.134717, 53.301221], [-6.072266, 53.166309], [-6.04502, 53.091162], [-6.027393, 52.9271], [-6.071484, 52.865625], [-6.130664, 52.807275], [-6.169336, 52.738135], [-6.199219, 52.663477], [-6.217236, 52.543115], [-6.34541, 52.402002], [-6.399951, 52.366943], [-6.463184, 52.345361], [-6.325, 52.24668], [-6.437939, 52.202686], [-6.561084, 52.188818], [-6.697314, 52.213525], [-6.782227, 52.210498], [-6.859717, 52.178564], [-6.890234, 52.159229], [-6.914648, 52.168555], [-6.965771, 52.249512], [-7.003271, 52.165918], [-7.081787, 52.139307], [-7.216211, 52.144971], [-7.440869, 52.122705], [-7.527295, 52.098877], [-7.563184, 52.061621], [-7.589844, 52.018555], [-7.624902, 51.993115], [-7.664551, 51.979736], [-7.837988, 51.947998], [-7.872168, 51.935303], [-7.95249, 51.865771], [-8.057812, 51.825586], [-8.14502, 51.813525], [-8.222461, 51.854004], [-8.254297, 51.87832], [-8.290234, 51.890674], [-8.40918, 51.88877], [-8.371631, 51.87627], [-8.347363, 51.847705], [-8.335596, 51.792969], [-8.349121, 51.739307], [-8.407812, 51.712061], [-8.477832, 51.707031], [-8.588281, 51.651367], [-8.734473, 51.636182], [-8.813428, 51.584912], [-9.296484, 51.498242], [-9.323877, 51.497217], [-9.390576, 51.519287], [-9.462891, 51.529053], [-9.534863, 51.522168], [-9.737305, 51.47373], [-9.835352, 51.48335], [-9.710352, 51.603711], [-9.542383, 51.664453]]}}, {"type": "Feature", "properties": {"scalerank": 0, "featurecla": "Coastline", "min_zoom": 0}, "geometry": {"type": "MultiLineString", "coordinates": [[[-14.682307404722648, 66.0], [-14.674365, 65.989893], [-14.668994, 65.959863], [-14.688232, 65.896973], [-14.752539, 65.833789], [-14.839307, 65.780908], [-14.8271, 65.764258], [-14.75752, 65.755664], [-14.426221, 65.789941], [-14.391846, 65.787402], [-14.372803, 65.770361], [-14.369092, 65.738721], [-14.350879, 65.710107], [-14.318164, 65.684473], [-14.328369, 65.658252], [-14.473389, 65.575342], [-14.302295, 65.627539], [-14.166943, 65.642285], [-13.935449, 65.616064], [-13.840723, 65.585938], [-13.785254, 65.533008], [-13.705127, 65.550537], [-13.670312, 65.549512], [-13.617871, 65.519336], [-13.616016, 65.487158], [-13.654443, 65.441309], [-13.667773, 65.398975], [-13.708008, 65.381592], [-13.783252, 65.368994], [-13.804785, 65.354785], [-13.771631, 65.32251], [-13.722852, 65.290967], [-13.653467, 65.289502], [-13.641113, 65.275], [-13.639551, 65.257471], [-13.648926, 65.236963], [-13.671582, 65.222852], [-13.707422, 65.215137], [-13.754883, 65.192529], [-13.580811, 65.143018], [-13.558594, 65.124658], [-13.556104, 65.097656], [-13.569678, 65.068115], [-13.599316, 65.035938], [-13.651855, 65.016846], [-13.777246, 65.013721], [-13.854004, 64.992871], [-13.827832, 64.958008], [-13.829834, 64.914014], [-13.85293, 64.862158], [-13.95166, 64.783643], [-14.044434, 64.741895], [-14.135156, 64.714795], [-14.296973, 64.724365], [-14.385107, 64.745215], [-14.375293, 64.677441], [-14.465381, 64.635693], [-14.44834, 64.60083], [-14.416992, 64.583105], [-14.432568, 64.53833], [-14.475391, 64.493994], [-14.54707, 64.445947], [-14.628223, 64.415967], [-14.789551, 64.379834], [-14.927393, 64.319678], [-15.021582, 64.295898], [-15.255859, 64.296924], [-15.494971, 64.258203], [-15.83291, 64.17666], [-16.060449, 64.11123], [-16.236035, 64.037207], [-16.468066, 63.916357], [-16.640332, 63.865479], [-16.739697, 63.851758], [-16.933057, 63.840918], [-17.095117, 63.808105], [-17.633447, 63.746582], [-17.815723, 63.712988], [-17.839258, 63.682373], [-17.914844, 63.636377], [-17.91958, 63.619727], [-17.886377, 63.606885], [-17.880273, 63.590186], [-17.946924, 63.535742], [-18.080029, 63.496338], [-18.14292, 63.496973], [-18.219043, 63.530859], [-18.252197, 63.529687], [-18.265234, 63.524512], [-18.266016, 63.513867], [-18.222266, 63.473193], [-18.302832, 63.454248], [-18.653613, 63.406689], [-19.250195, 63.441992], [-19.486572, 63.478516], [-19.778271, 63.536572], [-19.951953, 63.552051], [-20.0, 63.55278480418535]], [[-19.963499947205417, 66.0], [-19.874756, 65.930127], [-19.752637, 65.867773], [-19.647852, 65.800781], [-19.593555, 65.779053], [-19.489697, 65.768066], [-19.461816, 65.772363], [-19.443262, 65.787842], [-19.433887, 65.814453], [-19.45625, 65.984912], [-19.447949553244403, 66.0]], [[-18.50140306398719, 66.0], [-18.454932, 65.964551], [-18.276953, 65.884717], [-18.183643, 65.758008], [-18.163721, 65.736572], [-18.141943, 65.734082], [-18.118408, 65.750537], [-18.10332, 65.773926], [-18.099023, 65.830273], [-18.148877, 65.905029], [-18.232903883913146, 66.0]], [[-17.635665498873326, 66.0], [-17.634326, 65.99917], [-17.582227, 65.971387], [-17.550439, 65.964404], [-17.539014, 65.97832], [-17.467041, 65.999658], [-17.46638280957532, 66.0]]]}}, {"type": "Feature", "properties": {"scalerank": 0, "featurecla": "Coastline", "min_zoom": 4}, "geometry": {"type": "LineString", "coordinates": [[14.180371, 36.0604], [14.194238, 36.042236], [14.253613, 36.012158], [14.313477, 36.027588], [14.320898, 36.03623], [14.303711, 36.062305], [14.263281, 36.075781], [14.180371, 36.0604]]}}, {"type": "Feature", "properties": {"scalerank": 0, "featurecla": "Coastline", "min_zoom": 4}, "geometry": {"type": "LineString", "coordinates": [[13.871191, 40.761816], [13.853516, 40.724072], [13.867676, 40.70874], [13.893652, 40.696973], [13.938281, 40.705615], [13.96084, 40.718164], [13.962109, 40.739404], [13.871191, 40.761816]]}}, {"type": "Feature", "properties": {"scalerank": 0, "featurecla": "Coastline", "min_zoom": 4}, "geometry": {"type": "LineString", "coordinates": [[11.948047, 36.843066], [11.936426, 36.828613], [11.940625, 36.780371], [12.00332, 36.745996], [12.05127, 36.757031], [12.048047, 36.776367], [12.024219, 36.820947], [11.948047, 36.843066]]}}, {"type": "Feature", "properties": {"scalerank": 0, "featurecla": "Coastline", "min_zoom": 4}, "geometry": {"type": "LineString", "coordinates": [[6.193262, 53.476807], [6.333398, 53.510742], [6.290918, 53.51499], [6.167676, 53.49375], [6.159277, 53.483936], [6.193262, 53.476807]]}}, {"type": "Feature", "properties": {"scalerank": 0, "featurecla": "Coastline", "min_zoom": 4}, "geometry": {"type": "LineString", "coordinates": [[5.708105, 53.473389], [5.654297, 53.466504], [5.665332, 53.454883], [5.732031, 53.442627], [5.929297, 53.458838], [5.928223, 53.46499], [5.87627, 53.475098], [5.708105, 53.473389]]}}, {"type": "Feature", "properties": {"scalerank": 0, "featurecla": "Coastline", "min_zoom": 4}, "geometry": {"type": "LineString", "coordinates": [[5.027051, 53.310205], [4.90791, 53.24624], [4.92373, 53.23457], [5.108594, 53.308008], [5.027051, 53.310205]]}}, {"type": "Feature", "properties": {"scalerank": 0, "featurecla": "Coastline", "min_zoom": 4}, "geometry": {"type": "LineString", "coordinates": [[5.415137, 53.431445], [5.190234, 53.391797], [5.232617, 53.377783], [5.325781, 53.385742], [5.582617, 53.438086], [5.557422, 53.443555], [5.415137, 53.431445]]}}, {"type": "Feature", "properties": {"scalerank": 0, "featurecla": "Coastline", "min_zoom": 3}, "geometry": {"type": "LineString", "coordinates": [[16.977539, 42.927783], [17.089355, 42.914893], [17.188281, 42.917041], [17.169824, 42.932617], [17.093652, 42.964355], [16.971094, 42.981494], [16.835547, 42.968652], [16.650684, 42.996582], [16.666309, 42.959912], [16.696387, 42.933691], [16.738867, 42.912744], [16.850684, 42.895508], [16.977539, 42.927783]]}}, {"type": "Feature", "properties": {"scalerank": 0, "featurecla": "Coastline", "min_zoom": 3}, "geometry": {"type": "LineString", "coordinates": [[17.124121, 43.11543], [17.194043, 43.125781], [17.061133, 43.143896], [16.697266, 43.174951], [16.655957, 43.21377], [16.521387, 43.229248], [16.376465, 43.21377], [16.405859, 43.197363], [16.549805, 43.143896], [16.679199, 43.123145], [17.124121, 43.11543]]}}, {"type": "Feature", "properties": {"scalerank": 0, "featurecla": "Coastline", "min_zoom": 3}, "geometry": {"type": "LineString", "coordinates": [[16.627441, 43.268066], [16.490332, 43.286182], [16.423145, 43.317236], [16.428125, 43.343408], [16.448926, 43.387061], [16.601562, 43.381885], [16.834375, 43.35083], [16.891309, 43.314648], [16.873633, 43.297949], [16.785254, 43.270654], [16.627441, 43.268066]]}}, {"type": "Feature", "properties": {"scalerank": 0, "featurecla": "Coastline", "min_zoom": 4}, "geometry": {"type": "LineString", "coordinates": [[-2.646143, 49.468213], [-2.639014, 49.450928], [-2.547363, 49.428711], [-2.512305, 49.494531], [-2.520898, 49.506299], [-2.542187, 49.506592], [-2.646143, 49.468213]]}}, {"type": "Feature", "properties": {"scalerank": 0, "featurecla": "Coastline", "min_zoom": 3}, "geometry": {"type": "LineString", "coordinates": [[-2.220508, 49.266357], [-2.23584, 49.176367], [-2.165674, 49.187402], [-2.091016, 49.187402], [-2.05376, 49.169824], [-2.009912, 49.180811], [-2.018652, 49.23125], [-2.082227, 49.255371], [-2.220508, 49.266357]]}}, {"type": "Feature", "properties": {"scalerank": 0, "featurecla": "Coastline", "min_zoom": 4}, "geometry": {"type": "LineString", "coordinates": [[52.65957, 45.518066], [52.608887, 45.528027], [52.554297, 45.473975], [52.59834, 45.428174], [52.664844, 45.401318], [52.682422, 45.411816], [52.692969, 45.460742], [52.65957, 45.518066]]}}, {"type": "Feature", "properties": {"scalerank": 0, "featurecla": "Coastline", "min_zoom": 4}, "geometry": {"type": "LineString", "coordinates": [[47.987109, 45.554053], [47.947168, 45.64707], [47.917578, 45.618164], [47.920313, 45.562061], [47.967676, 45.469971], [47.983008, 45.488232], [47.987109, 45.554053]]}}, {"type": "Feature", "properties": {"scalerank": 0, "featurecla": "Coastline", "min_zoom": 4}, "geometry": {"type": "LineString", "coordinates": [[42.569727, 15.407324], [42.549023, 15.320068], [42.558691, 15.281201], [42.590234, 15.303418], [42.610449, 15.332275], [42.624512, 15.367969], [42.602344, 15.43252], [42.569727, 15.407324]]}}, {"type": "Feature", "properties": {"scalerank": 0, "featurecla": "Coastline", "min_zoom": 4}, "geometry": {"type": "LineString", "coordinates": [[40.048145, 16.104492], [40.039062, 16.080957], [39.996094, 16.042676], [40.012402, 16.022656], [40.110059, 15.985742], [40.076465, 16.082422], [40.048145, 16.104492]]}}, {"type": "Feature", "properties": {"scalerank": 0, "featurecla": "Coastline", "min_zoom": 3}, "geometry": {"type": "LineString", "coordinates": [[36.924414, 25.425537], [36.747559, 25.55874], [36.58877, 25.619824], [36.554102, 25.645361], [36.533594, 25.688721], [36.504297, 25.645117], [36.530273, 25.601562], [36.72207, 25.534033], [36.763867, 25.500586], [36.805078, 25.450732], [36.875195, 25.383057], [36.90166, 25.383057], [36.954785, 25.414648], [36.924414, 25.425537]]}}, {"type": "Feature", "properties": {"scalerank": 0, "featurecla": "Coastline", "min_zoom": 4}, "geometry": {"type": "LineString", "coordinates": [[36.586133, 25.699219], [36.595508, 25.712793], [36.595605, 25.734863], [36.579883, 25.79541], [36.582715, 25.855518], [36.546484, 25.811621], [36.543945, 25.734277], [36.586133, 25.699219]]}}, {"type": "Feature", "properties": {"scalerank": 0, "featurecla": "Coastline", "min_zoom": 4}, "geometry": {"type": "LineString", "coordinates": [[18.397559, 59.089111], [18.377246, 59.069043], [18.349902, 59.022607], [18.371875, 59.01958], [18.416211, 59.029102], [18.485547, 59.10459], [18.464941, 59.107861], [18.397559, 59.089111]]}}, {"type": "Feature", "properties": {"scalerank": 0, "featurecla": "Coastline", "min_zoom": 4}, "geometry": {"type": "LineString", "coordinates": [[18.620898, 59.547803], [18.572363, 59.52583], [18.555176, 59.485791], [18.545117, 59.477832], [18.570312, 59.437256], [18.59541, 59.470361], [18.623828, 59.492188], [18.697949, 59.524609], [18.698438, 59.534619], [18.620898, 59.547803]]}}, {"type": "Feature", "properties": {"scalerank": 0, "featurecla": "Coastline", "min_zoom": 2}, "geometry": {"type": "LineString", "coordinates": [[54.187402, 12.664014], [53.918555, 12.659424], [53.824805, 12.624805], [53.763184, 12.636816], [53.638477, 12.707373], [53.534961, 12.715771], [53.430957, 12.663574], [53.403906, 12.63335], [53.388477, 12.601855], [53.31582, 12.533154], [53.499414, 12.425342], [53.59834, 12.342285], [53.718848, 12.318994], [54.129492, 12.360645], [54.271289, 12.446631], [54.41377, 12.483301], [54.45, 12.523438], [54.511133, 12.552783], [54.187402, 12.664014]]}}, {"type": "Feature", "properties": {"scalerank": 0, "featurecla": "Coastline", "min_zoom": 3}, "geometry": {"type": "LineString", "coordinates": [[53.445312, 24.371191], [53.412402, 24.411035], [53.370898, 24.364453], [53.33252, 24.341602], [53.190918, 24.290918], [53.258301, 24.25293], [53.332227, 24.258594], [53.382617, 24.280859], [53.408984, 24.30791], [53.445312, 24.371191]]}}, {"type": "Feature", "properties": {"scalerank": 0, "featurecla": "Coastline", "min_zoom": 2}, "geometry": {"type": "LineString", "coordinates": [[58.787988, 20.496582], [58.641211, 20.337354], [58.640918, 20.210693], [58.659082, 20.203613], [58.72207, 20.21875], [58.772266, 20.266846], [58.835156, 20.423926], [58.950781, 20.516162], [58.884375, 20.680566], [58.787988, 20.496582]]}}, {"type": "Feature", "properties": {"scalerank": 0, "featurecla": "Coastline", "min_zoom": 4}, "geometry": {"type": "LineString", "coordinates": [[52.6, 24.281299], [52.616895, 24.288574], [52.657617, 24.332617], [52.629395, 24.376758], [52.583594, 24.352344], [52.582227, 24.335254], [52.6, 24.281299]]}}, {"type": "Feature", "properties": {"scalerank": 0, "featurecla": "Coastline", "min_zoom": 2}, "geometry": {"type": "LineString", "coordinates": [[56.074121, 26.98335], [55.907129, 26.909814], [55.757617, 26.947656], [55.747461, 26.930957], [55.78457, 26.857178], [55.762598, 26.811963], [55.531738, 26.71001], [55.346973, 26.647949], [55.296484, 26.657568], [55.29502, 26.639209], [55.311523, 26.592627], [55.34043, 26.585742], [55.42373, 26.583105], [55.543164, 26.617529], [55.674609, 26.68584], [55.747266, 26.69248], [55.847656, 26.730811], [55.894141, 26.732275], [55.954297, 26.701123], [56.094922, 26.801172], [56.187988, 26.921143], [56.279395, 26.9521], [56.213965, 27.003271], [56.074121, 26.98335]]}}, {"type": "Feature", "properties": {"scalerank": 0, "featurecla": "Coastline", "min_zoom": 3}, "geometry": {"type": "LineString", "coordinates": [[53.799121, 24.135547], [53.826367, 24.153125], [53.928125, 24.143359], [53.927832, 24.177197], [53.89375, 24.215137], [53.833789, 24.258936], [53.689648, 24.210791], [53.634473, 24.169775], [53.71582, 24.145313], [53.799121, 24.135547]]}}, {"type": "Feature", "properties": {"scalerank": 0, "featurecla": "Coastline", "min_zoom": 2}, "geometry": {"type": "LineString", "coordinates": [[42.059961, 16.803516], [42.026367, 16.757666], [42.033203, 16.741943], [42.065039, 16.710059], [41.987695, 16.715625], [41.94668, 16.748926], [41.9625, 16.778662], [41.953906, 16.80625], [41.947949, 16.936426], [41.917285, 16.993652], [41.860449, 17.002539], [41.884961, 16.946826], [41.858203, 16.89292], [41.816113, 16.860156], [41.776074, 16.846875], [41.801563, 16.77876], [41.897266, 16.684277], [41.96416, 16.653467], [42.071777, 16.671484], [42.102344, 16.643945], [42.108398, 16.618457], [42.127734, 16.594824], [42.157813, 16.570703], [42.167188, 16.596387], [42.17041, 16.708643], [42.059961, 16.803516]]}}, {"type": "Feature", "properties": {"scalerank": 0, "featurecla": "Coastline", "min_zoom": 2}, "geometry": {"type": "LineString", "coordinates": [[40.250098, 15.703467], [40.234082, 15.665869], [40.211426, 15.648145], [40.18252, 15.64292], [40.141211, 15.696143], [40.132422, 15.795264], [40.096777, 15.838477], [40.042578, 15.875488], [39.956738, 15.889404], [40.000488, 15.828271], [39.979395, 15.806592], [39.945215, 15.789062], [39.939941, 15.744531], [40.016309, 15.733252], [40.070508, 15.676611], [40.063477, 15.665869], [40.023926, 15.655615], [39.947461, 15.696143], [39.975195, 15.612451], [40.095117, 15.590918], [40.195801, 15.598145], [40.304688, 15.577344], [40.399023, 15.579883], [40.408203, 15.629199], [40.250098, 15.703467]]}}, {"type": "Feature", "properties": {"scalerank": 0, "featurecla": "Coastline", "min_zoom": 4}, "geometry": {"type": "LineString", "coordinates": [[42.689746, 13.673633], [42.755859, 13.704297], [42.794141, 13.766113], [42.78125, 13.769287], [42.734961, 13.752979], [42.689746, 13.673633]]}}, {"type": "Feature", "properties": {"scalerank": 0, "featurecla": "Coastline", "min_zoom": 3}, "geometry": {"type": "LineString", "coordinates": [[50.469922, 26.228955], [50.452441, 26.19082], [50.489453, 26.058447], [50.465918, 25.965527], [50.544043, 25.833496], [50.574902, 25.806787], [50.607227, 25.883105], [50.61748, 26.002344], [50.609766, 26.124463], [50.557813, 26.198291], [50.585938, 26.240723], [50.564063, 26.246436], [50.469922, 26.228955]]}}, {"type": "Feature", "properties": {"scalerank": 0, "featurecla": "Coastline", "min_zoom": 4}, "geometry": {"type": "LineString", "coordinates": [[42.694043, 14.00791], [42.756055, 13.954883], [42.774219, 13.950244], [42.787402, 13.971484], [42.79834, 14.012256], [42.762109, 14.06748], [42.694043, 14.00791]]}}, {"type": "Feature", "properties": {"scalerank": 0, "featurecla": "Coastline", "min_zoom": 2}, "geometry": {"type": "LineString", "coordinates": [[48.348242, 29.782666], [48.227734, 29.936328], [48.184766, 29.978857], [48.158594, 29.95957], [48.138867, 29.896582], [48.120117, 29.886328], [48.113477, 29.870215], [48.114746, 29.848779], [48.081445, 29.798926], [48.142578, 29.665283], [48.179688, 29.611426], [48.218262, 29.601953], [48.275391, 29.624316], [48.340234, 29.694727], [48.347363, 29.719971], [48.348242, 29.782666]]}}, {"type": "Feature", "properties": {"scalerank": 0, "featurecla": "Coastline", "min_zoom": 2}, "geometry": {"type": "LineString", "coordinates": [[97.786426, 1.145898], [97.69834, 1.18374], [97.481543, 1.465088], [97.355957, 1.539746], [97.342773, 1.52793], [97.324414, 1.481641], [97.244238, 1.423633], [97.079199, 1.425488], [97.296875, 1.187354], [97.368848, 1.056934], [97.405371, 0.946973], [97.46123, 0.941406], [97.603906, 0.833887], [97.68252, 0.641064], [97.683984, 0.596094], [97.82041, 0.564453], [97.876465, 0.62832], [97.902051, 0.884229], [97.931934, 0.973926], [97.903223, 1.018262], [97.786426, 1.145898]]}}, {"type": "Feature", "properties": {"scalerank": 0, "featurecla": "Coastline", "min_zoom": 2}, "geometry": {"type": "LineString", "coordinates": [[98.38628409313665, 0.0], [98.374512, 0.00708], [98.32807184734766, 0.0]]}}, {"type": "Feature", "properties": {"scalerank": 0, "featurecla": "Coastline", "min_zoom": 3}, "geometry": {"type": "LineString", "coordinates": [[97.291406, 2.20083], [97.252832, 2.216016], [97.156641, 2.232227], [97.108301, 2.216895], [97.225098, 2.158496], [97.32832, 2.053271], [97.33418, 2.075635], [97.328711, 2.148535], [97.291406, 2.20083]]}}, {"type": "Feature", "properties": {"scalerank": 0, "featurecla": "Coastline", "min_zoom": 2}, "geometry": {"type": "LineString", "coordinates": [[96.417285, 2.515186], [96.17998, 2.661328], [96.129785, 2.720898], [96.101562, 2.741211], [95.997852, 2.781396], [95.895801, 2.889062], [95.80625, 2.916016], [95.772168, 2.85498], [95.717188, 2.825977], [95.733008, 2.766504], [95.808594, 2.655615], [95.879785, 2.640918], [95.938477, 2.598437], [96.021973, 2.595752], [96.29043, 2.42959], [96.340625, 2.37207], [96.400977, 2.350684], [96.463672, 2.36001], [96.459375, 2.41582], [96.443066, 2.465625], [96.417285, 2.515186]]}}, {"type": "Feature", "properties": {"scalerank": 0, "featurecla": "Coastline", "min_zoom": 3}, "geometry": {"type": "LineString", "coordinates": [[95.241992, 5.907031], [95.217676, 5.889502], [95.283203, 5.798535], [95.342578, 5.784131], [95.362109, 5.812402], [95.366016, 5.842676], [95.35918, 5.876758], [95.28252, 5.897754], [95.241992, 5.907031]]}}, {"type": "Feature", "properties": {"scalerank": 0, "featurecla": "Coastline", "min_zoom": 3}, "geometry": {"type": "LineString", "coordinates": [[31.584863, 46.303174], [31.508789, 46.373145], [31.528711, 46.306592], [31.563867, 46.257764], [31.700195, 46.214062], [32.009375, 46.167822], [32.150098, 46.154687], [32.012207, 46.203906], [31.638477, 46.272559], [31.584863, 46.303174]]}}, {"type": "Feature", "properties": {"scalerank": 0, "featurecla": "Coastline", "min_zoom": 2}, "geometry": {"type": "LineString", "coordinates": [[22.411035, 58.863379], [22.478906, 58.753809], [22.472656, 58.712061], [22.542188, 58.68999], [22.661426, 58.70918], [22.767285, 58.820898], [22.792871, 58.797217], [22.841699, 58.777441], [22.92373, 58.826904], [23.008691, 58.833936], [22.981641, 58.919824], [22.909863, 58.991211], [22.725488, 59.015088], [22.712207, 59.031982], [22.702246, 59.074414], [22.649414, 59.087109], [22.587207, 59.081201], [22.50459, 59.026465], [22.462598, 58.974316], [22.05625, 58.943604], [22.161914, 58.898486], [22.307422, 58.895459], [22.411035, 58.863379]]}}, {"type": "Feature", "properties": {"scalerank": 0, "featurecla": "Coastline", "min_zoom": 3}, "geometry": {"type": "LineString", "coordinates": [[23.16543, 58.678125], [23.109082, 58.659229], [23.063477, 58.611084], [23.260352, 58.53999], [23.343555, 58.550342], [23.356445, 58.575537], [23.332813, 58.648584], [23.16543, 58.678125]]}}, {"type": "Feature", "properties": {"scalerank": 0, "featurecla": "Coastline", "min_zoom": 3}, "geometry": {"type": "LineString", "coordinates": [[35.858398, 65.07793], [35.848438, 65.142676], [35.816113, 65.18208], [35.729102, 65.197559], [35.608691, 65.157129], [35.585742, 65.16709], [35.528906, 65.151074], [35.558594, 65.093604], [35.621387, 65.058789], [35.680078, 65.057617], [35.778711, 64.97666], [35.842285, 65.001465], [35.827344, 65.036475], [35.858398, 65.07793]]}}, {"type": "Feature", "properties": {"scalerank": 0, "featurecla": "Coastline", "min_zoom": 3}, "geometry": {"type": "LineString", "coordinates": [[99.848047, 6.465723], [99.82168, 6.44502], [99.749219, 6.409619], [99.710547, 6.427344], [99.646289, 6.418359], [99.656641, 6.367139], [99.704688, 6.337549], [99.74375, 6.263281], [99.782617, 6.271582], [99.823242, 6.312744], [99.86582, 6.29707], [99.883398, 6.31084], [99.918652, 6.358594], [99.848047, 6.465723]]}}, {"type": "Feature", "properties": {"scalerank": 0, "featurecla": "Coastline", "min_zoom": 3}, "geometry": {"type": "LineString", "coordinates": [[99.654004, 6.714111], [99.606641, 6.596826], [99.644043, 6.516113], [99.663086, 6.521924], [99.701367, 6.570557], [99.654004, 6.714111]]}}, {"type": "Feature", "properties": {"scalerank": 0, "featurecla": "Coastline", "min_zoom": 4}, "geometry": {"type": "MultiLineString", "coordinates": [[[99.983398, 9.793555], [99.998047, 9.747607], [100.0, 9.745070933712052]], [[100.0, 9.793028404319086], [99.983398, 9.793555]]]}}, {"type": "Feature", "properties": {"scalerank": 0, "featurecla": "Coastline", "min_zoom": 3}, "geometry": {"type": "MultiLineString", "coordinates": [[[99.953613, 9.581006], [99.939551, 9.559961], [99.93125, 9.476074], [99.962402, 9.421631], [100.0, 9.438017253381375]], [[100.0, 9.578851109035767], [99.953613, 9.581006]]]}}, {"type": "Feature", "properties": {"scalerank": 0, "featurecla": "Coastline", "min_zoom": 4}, "geometry": {"type": "LineString", "coordinates": [[98.57998, 7.917041], [98.591992, 7.933936], [98.604297, 8.057324], [98.529395, 8.108545], [98.57998, 7.917041]]}}, {"type": "Feature", "properties": {"scalerank": 0, "featurecla": "Coastline", "min_zoom": 3}, "geometry": {"type": "LineString", "coordinates": [[98.398828, 7.964551], [98.434961, 8.085645], [98.350977, 8.110645], [98.32207, 8.166309], [98.301367, 8.13623], [98.262305, 7.926074], [98.296289, 7.776074], [98.315625, 7.782324], [98.357422, 7.829443], [98.398438, 7.828418], [98.409082, 7.902051], [98.398828, 7.964551]]}}, {"type": "Feature", "properties": {"scalerank": 0, "featurecla": "Coastline", "min_zoom": 4}, "geometry": {"type": "LineString", "coordinates": [[98.250781, 9.04082], [98.30752, 9.051465], [98.3125, 9.080371], [98.301172, 9.139111], [98.273633, 9.129883], [98.258398, 9.09541], [98.250781, 9.04082]]}}, {"type": "Feature", "properties": {"scalerank": 0, "featurecla": "Coastline", "min_zoom": 2}, "geometry": {"type": "LineString", "coordinates": [[93.858984, 7.206836], [93.822461, 7.236621], [93.68418, 7.183594], [93.656348, 7.13623], [93.658008, 7.016064], [93.709277, 7.000684], [93.828809, 6.748682], [93.890039, 6.831055], [93.92959, 6.973486], [93.858984, 7.206836]]}}, {"type": "Feature", "properties": {"scalerank": 0, "featurecla": "Coastline", "min_zoom": 3}, "geometry": {"type": "LineString", "coordinates": [[93.654688, 7.379932], [93.614258, 7.358105], [93.597266, 7.31875], [93.638477, 7.261865], [93.733594, 7.356494], [93.69248, 7.410596], [93.654688, 7.379932]]}}, {"type": "Feature", "properties": {"scalerank": 0, "featurecla": "Coastline", "min_zoom": 4}, "geometry": {"type": "LineString", "coordinates": [[93.096973, 8.349365], [93.077539, 8.327881], [93.064258, 8.274951], [93.115234, 8.218506], [93.170605, 8.212061], [93.140723, 8.249512], [93.096973, 8.349365]]}}, {"type": "Feature", "properties": {"scalerank": 0, "featurecla": "Coastline", "min_zoom": 3}, "geometry": {"type": "LineString", "coordinates": [[93.375488, 8.01792], [93.334473, 8.006934], [93.309375, 7.964014], [93.341992, 7.919336], [93.365039, 7.876562], [93.442578, 7.877832], [93.447363, 7.899121], [93.433691, 7.948389], [93.375488, 8.01792]]}}, {"type": "Feature", "properties": {"scalerank": 0, "featurecla": "Coastline", "min_zoom": 3}, "geometry": {"type": "LineString", "coordinates": [[93.511621, 8.159766], [93.531641, 8.21377], [93.494043, 8.224658], [93.456445, 8.171875], [93.46123, 8.108594], [93.469727, 8.072656], [93.471777, 8.052686], [93.478223, 8.024463], [93.490039, 8.019434], [93.536914, 8.056641], [93.511621, 8.159766]]}}, {"type": "Feature", "properties": {"scalerank": 0, "featurecla": "Coastline", "min_zoom": 4}, "geometry": {"type": "LineString", "coordinates": [[92.713281, 9.204883], [92.716602, 9.165088], [92.743555, 9.130957], [92.7875, 9.13667], [92.809277, 9.173389], [92.785742, 9.240527], [92.762109, 9.243896], [92.738574, 9.230664], [92.713281, 9.204883]]}}, {"type": "Feature", "properties": {"scalerank": 0, "featurecla": "Coastline", "min_zoom": 2}, "geometry": {"type": "LineString", "coordinates": [[92.510352, 10.897461], [92.447852, 10.865527], [92.370703, 10.793506], [92.352832, 10.751123], [92.377148, 10.650586], [92.369531, 10.547412], [92.472656, 10.520752], [92.502832, 10.554883], [92.574316, 10.704248], [92.554004, 10.799805], [92.510352, 10.897461]]}}, {"type": "Feature", "properties": {"scalerank": 0, "featurecla": "Coastline", "min_zoom": 4}, "geometry": {"type": "LineString", "coordinates": [[92.690039, 11.463428], [92.640234, 11.509131], [92.633887, 11.426758], [92.595703, 11.386426], [92.644531, 11.361328], [92.693164, 11.381152], [92.687207, 11.41123], [92.690039, 11.463428]]}}, {"type": "Feature", "properties": {"scalerank": 0, "featurecla": "Coastline", "min_zoom": 4}, "geometry": {"type": "LineString", "coordinates": [[93.017383, 12.036816], [92.995801, 12.031787], [92.955371, 12.002441], [92.981738, 11.959473], [93.062109, 11.899414], [93.017383, 12.036816]]}}, {"type": "Feature", "properties": {"scalerank": 0, "featurecla": "Coastline", "min_zoom": 4}, "geometry": {"type": "LineString", "coordinates": [[92.679688, 12.939258], [92.685742, 12.799951], [92.717578, 12.864893], [92.730859, 12.948535], [92.710645, 12.961572], [92.694434, 12.956787], [92.679688, 12.939258]]}}, {"type": "Feature", "properties": {"scalerank": 0, "featurecla": "Coastline", "min_zoom": 2}, "geometry": {"type": "LineString", "coordinates": [[93.016016, 13.336182], [93.07666, 13.400684], [93.066699, 13.436475], [93.062305, 13.545459], [93.029395, 13.543848], [92.924609, 13.48584], [92.857324, 13.358105], [92.860156, 13.230566], [92.808984, 13.0396], [92.830859, 13.002637], [92.807031, 12.878906], [92.753125, 12.820898], [92.740039, 12.779639], [92.75918, 12.669092], [92.732031, 12.615625], [92.720703, 12.54126], [92.718945, 12.357324], [92.734082, 12.335938], [92.777637, 12.302539], [92.788281, 12.225781], [92.769238, 12.215576], [92.694727, 12.214697], [92.676465, 12.192383], [92.640625, 12.112207], [92.631836, 12.013867], [92.60752, 11.949512], [92.566504, 11.930518], [92.533887, 11.873389], [92.559668, 11.833447], [92.575586, 11.718213], [92.668359, 11.538721], [92.700781, 11.512549], [92.722754, 11.536084], [92.764648, 11.63916], [92.766992, 11.764648], [92.797559, 11.874658], [92.796777, 11.917529], [92.763965, 11.94043], [92.747656, 11.992773], [92.78623, 12.034668], [92.798828, 12.079248], [92.867188, 12.181445], [92.879492, 12.22793], [92.863672, 12.436035], [92.932617, 12.453076], [92.990234, 12.538525], [92.965039, 12.850488], [92.88623, 12.942285], [92.909961, 12.975195], [92.951367, 13.0625], [93.004687, 13.089355], [93.042969, 13.154883], [93.066113, 13.221582], [93.073828, 13.2521], [93.016016, 13.336182]]}}, {"type": "Feature", "properties": {"scalerank": 0, "featurecla": "Coastline", "min_zoom": 4}, "geometry": {"type": "LineString", "coordinates": [[98.526563, 11.086963], [98.477441, 10.979736], [98.498047, 10.964258], [98.518945, 10.959375], [98.541699, 10.961523], [98.526563, 11.086963]]}}, {"type": "Feature", "properties": {"scalerank": 0, "featurecla": "Coastline", "min_zoom": 3}, "geometry": {"type": "LineString", "coordinates": [[98.209766, 10.952734], [98.167285, 10.980322], [98.142578, 10.963135], [98.080469, 10.886621], [98.155371, 10.897949], [98.218164, 10.837744], [98.251758, 10.744434], [98.271484, 10.739893], [98.284375, 10.753125], [98.293457, 10.779687], [98.209766, 10.952734]]}}, {"type": "Feature", "properties": {"scalerank": 0, "featurecla": "Coastline", "min_zoom": 3}, "geometry": {"type": "LineString", "coordinates": [[98.220703, 10.045215], [98.140234, 9.974658], [98.118066, 9.877881], [98.134375, 9.875391], [98.182617, 9.933447], [98.23125, 9.953955], [98.283398, 10.007617], [98.291699, 10.051318], [98.220703, 10.045215]]}}, {"type": "Feature", "properties": {"scalerank": 0, "featurecla": "Coastline", "min_zoom": 3}, "geometry": {"type": "LineString", "coordinates": [[98.239062, 11.644727], [98.201074, 11.567187], [98.187305, 11.472412], [98.209375, 11.456543], [98.216211, 11.455762], [98.22168, 11.478223], [98.263281, 11.523633], [98.283789, 11.594092], [98.30752, 11.7229], [98.299609, 11.783008], [98.278125, 11.758398], [98.239062, 11.644727]]}}, {"type": "Feature", "properties": {"scalerank": 0, "featurecla": "Coastline", "min_zoom": 3}, "geometry": {"type": "LineString", "coordinates": [[98.525293, 12.005176], [98.466211, 12.084277], [98.454492, 12.061279], [98.474316, 11.899414], [98.516016, 11.905029], [98.576465, 11.925098], [98.60957, 11.956641], [98.525293, 12.005176]]}}, {"type": "Feature", "properties": {"scalerank": 0, "featurecla": "Coastline", "min_zoom": 4}, "geometry": {"type": "LineString", "coordinates": [[98.010352, 11.860254], [98.021094, 11.695898], [98.083594, 11.636816], [98.075488, 11.692383], [98.080762, 11.733203], [98.05957, 11.756689], [98.010352, 11.860254]]}}, {"type": "Feature", "properties": {"scalerank": 0, "featurecla": "Coastline", "min_zoom": 3}, "geometry": {"type": "LineString", "coordinates": [[98.376465, 11.791504], [98.399512, 11.714844], [98.396875, 11.683545], [98.434766, 11.56709], [98.464844, 11.567187], [98.528418, 11.538672], [98.553809, 11.744873], [98.523535, 11.804932], [98.376465, 11.791504]]}}, {"type": "Feature", "properties": {"scalerank": 0, "featurecla": "Coastline", "min_zoom": 3}, "geometry": {"type": "LineString", "coordinates": [[98.136719, 12.150439], [98.120117, 12.191309], [98.118457, 12.223389], [98.128418, 12.26123], [98.122461, 12.278711], [98.104883, 12.287793], [98.071387, 12.291797], [98.057324, 12.280078], [98.037305, 12.232471], [98.075391, 12.164453], [98.108496, 12.148096], [98.125098, 12.144873], [98.136719, 12.150439]]}}, {"type": "Feature", "properties": {"scalerank": 0, "featurecla": "Coastline", "min_zoom": 3}, "geometry": {"type": "LineString", "coordinates": [[98.045117, 12.387012], [97.990234, 12.393799], [97.938672, 12.346094], [97.951758, 12.322314], [98.002344, 12.279004], [98.060352, 12.353516], [98.066113, 12.389795], [98.059863, 12.397852], [98.045117, 12.387012]]}}, {"type": "Feature", "properties": {"scalerank": 0, "featurecla": "Coastline", "min_zoom": 3}, "geometry": {"type": "LineString", "coordinates": [[98.396484, 12.647119], [98.312109, 12.678174], [98.302539, 12.611572], [98.331445, 12.511426], [98.313867, 12.335986], [98.334473, 12.336182], [98.380859, 12.353662], [98.459473, 12.47373], [98.468262, 12.571338], [98.436426, 12.570508], [98.413965, 12.597949], [98.396484, 12.647119]]}}, {"type": "Feature", "properties": {"scalerank": 0, "featurecla": "Coastline", "min_zoom": 3}, "geometry": {"type": "LineString", "coordinates": [[98.265332, 13.202246], [98.25459, 13.188574], [98.250781, 13.104395], [98.259277, 13.014014], [98.30918, 12.934717], [98.31543, 13.099072], [98.298633, 13.15166], [98.268555, 13.189355], [98.265332, 13.202246]]}}, {"type": "Feature", "properties": {"scalerank": 0, "featurecla": "Coastline", "min_zoom": 3}, "geometry": {"type": "LineString", "coordinates": [[97.579004, 16.486035], [97.541992, 16.505078], [97.516406, 16.496875], [97.469141, 16.461035], [97.480371, 16.305713], [97.537207, 16.240137], [97.575, 16.253223], [97.589355, 16.397363], [97.599609, 16.429541], [97.593262, 16.460791], [97.579004, 16.486035]]}}, {"type": "Feature", "properties": {"scalerank": 0, "featurecla": "Coastline", "min_zoom": 4}, "geometry": {"type": "LineString", "coordinates": [[99.037695, 7.548486], [99.067871, 7.495898], [99.104395, 7.471289], [99.078418, 7.591846], [99.045117, 7.636523], [99.038086, 7.625732], [99.037695, 7.548486]]}}, {"type": "Feature", "properties": {"scalerank": 0, "featurecla": "Coastline", "min_zoom": 4}, "geometry": {"type": "LineString", "coordinates": [[94.733496, 15.823047], [94.743359, 15.812109], [94.784375, 15.793848], [94.804883, 15.819336], [94.838184, 15.89209], [94.828027, 15.933008], [94.733496, 15.823047]]}}, {"type": "Feature", "properties": {"scalerank": 0, "featurecla": "Coastline", "min_zoom": 3}, "geometry": {"type": "LineString", "coordinates": [[94.49375, 16.075342], [94.387891, 15.994141], [94.411914, 15.848389], [94.476758, 15.945947], [94.566113, 16.019287], [94.618652, 16.141309], [94.60127, 16.205518], [94.545996, 16.152832], [94.49375, 16.075342]]}}, {"type": "Feature", "properties": {"scalerank": 0, "featurecla": "Coastline", "min_zoom": 3}, "geometry": {"type": "LineString", "coordinates": [[93.744727, 18.865527], [93.618262, 18.888818], [93.4875, 18.867529], [93.569922, 18.75957], [93.674023, 18.675684], [93.69082, 18.684277], [93.718359, 18.715723], [93.745508, 18.808057], [93.744727, 18.865527]]}}, {"type": "Feature", "properties": {"scalerank": 0, "featurecla": "Coastline", "min_zoom": 3}, "geometry": {"type": "LineString", "coordinates": [[93.491797, 19.892578], [93.412891, 19.950342], [93.419531, 19.877588], [93.444629, 19.806445], [93.513281, 19.754785], [93.491797, 19.892578]]}}, {"type": "Feature", "properties": {"scalerank": 0, "featurecla": "Coastline", "min_zoom": 3}, "geometry": {"type": "LineString", "coordinates": [[92.914648, 20.086475], [92.912695, 19.999805], [92.975195, 19.868018], [93.023242, 19.828857], [93.010156, 19.923926], [92.95957, 20.046191], [92.914648, 20.086475]]}}, {"type": "Feature", "properties": {"scalerank": 0, "featurecla": "Coastline", "min_zoom": 3}, "geometry": {"type": "LineString", "coordinates": [[93.874707, 19.481055], [93.829492, 19.475293], [93.714844, 19.558252], [93.688379, 19.544434], [93.644043, 19.495068], [93.662207, 19.458936], [93.732324, 19.416309], [93.755859, 19.325684], [93.815234, 19.298682], [93.901953, 19.332031], [93.933984, 19.36543], [93.947461, 19.408154], [93.945703, 19.428613], [93.874707, 19.481055]]}}, {"type": "Feature", "properties": {"scalerank": 0, "featurecla": "Coastline", "min_zoom": 4}, "geometry": {"type": "LineString", "coordinates": [[91.850684, 21.927051], [91.835156, 21.885352], [91.819727, 21.809814], [91.837598, 21.750244], [91.873828, 21.832129], [91.88252, 21.883643], [91.861328, 21.92666], [91.850684, 21.927051]]}}, {"type": "Feature", "properties": {"scalerank": 0, "featurecla": "Coastline", "min_zoom": 3}, "geometry": {"type": "LineString", "coordinates": [[91.907715, 21.722949], [91.857031, 21.708789], [91.873242, 21.574414], [91.859473, 21.532959], [91.888867, 21.50332], [91.949219, 21.508057], [91.961914, 21.609766], [91.948633, 21.682568], [91.933984, 21.722168], [91.907715, 21.722949]]}}, {"type": "Feature", "properties": {"scalerank": 0, "featurecla": "Coastline", "min_zoom": 3}, "geometry": {"type": "LineString", "coordinates": [[91.079492, 22.519727], [91.044727, 22.105176], [91.150781, 22.175195], [91.178223, 22.283008], [91.158301, 22.36543], [91.079492, 22.519727]]}}, {"type": "Feature", "properties": {"scalerank": 0, "featurecla": "Coastline", "min_zoom": 3}, "geometry": {"type": "LineString", "coordinates": [[91.411328, 22.475684], [91.466895, 22.378418], [91.510449, 22.352783], [91.556738, 22.382227], [91.54834, 22.425391], [91.523047, 22.490723], [91.483984, 22.576562], [91.456055, 22.616504], [91.438867, 22.598828], [91.411328, 22.475684]]}}, {"type": "Feature", "properties": {"scalerank": 0, "featurecla": "Coastline", "min_zoom": 4}, "geometry": {"type": "LineString", "coordinates": [[90.579883, 23.035449], [90.536328, 23.014893], [90.562305, 22.975439], [90.603906, 22.945557], [90.65957, 22.92002], [90.641797, 22.962988], [90.579883, 23.035449]]}}, {"type": "Feature", "properties": {"scalerank": 0, "featurecla": "Coastline", "min_zoom": 0}, "geometry": {"type": "LineString", "coordinates": [[90.683008, 22.785303], [90.672266, 22.813184], [90.596484, 22.863525], [90.50293, 22.835352], [90.522559, 22.74751], [90.560352, 22.672559], [90.564941, 22.617627], [90.649219, 22.540674], [90.674902, 22.444971], [90.680469, 22.32749], [90.515039, 22.065137], [90.603613, 22.054199], [90.777637, 22.089307], [90.829883, 22.159961], [90.86582, 22.390576], [90.868164, 22.484863], [90.736914, 22.638721], [90.699219, 22.713525], [90.683008, 22.785303]]}}, {"type": "Feature", "properties": {"scalerank": 0, "featurecla": "Coastline", "min_zoom": 4}, "geometry": {"type": "LineString", "coordinates": [[79.969531, 9.630664], [79.911914, 9.67915], [79.888477, 9.741162], [79.872266, 9.744336], [79.858594, 9.734375], [79.845703, 9.714648], [79.857422, 9.686377], [79.906836, 9.619824], [79.969531, 9.630664]]}}, {"type": "Feature", "properties": {"scalerank": 0, "featurecla": "Coastline", "min_zoom": 4}, "geometry": {"type": "LineString", "coordinates": [[79.903711, 8.975], [79.874805, 9.050732], [79.859961, 9.065723], [79.747656, 9.10459], [79.766797, 9.069775], [79.821094, 9.026855], [79.903711, 8.975]]}}, {"type": "Feature", "properties": {"scalerank": 0, "featurecla": "Coastline", "min_zoom": 2}, "geometry": {"type": "LineString", "coordinates": [[27.914453, 36.345312], [27.815234, 36.276953], [27.774414, 36.21377], [27.716309, 36.171582], [27.718652, 36.141113], [27.757324, 36.069189], [27.715527, 35.957324], [27.745703, 35.911035], [27.770605, 35.908301], [27.842773, 35.929297], [27.965527, 36.04751], [28.087793, 36.065332], [28.067676, 36.129687], [28.144043, 36.209863], [28.230078, 36.370264], [28.231836, 36.433643], [28.171484, 36.426221], [27.914453, 36.345312]]}}, {"type": "Feature", "properties": {"scalerank": 0, "featurecla": "Coastline", "min_zoom": 3}, "geometry": {"type": "LineString", "coordinates": [[27.157227, 35.629492], [27.207031, 35.714453], [27.223145, 35.820459], [27.158008, 35.788672], [27.156055, 35.72627], [27.070703, 35.597754], [27.11582, 35.511133], [27.099121, 35.456445], [27.137891, 35.409082], [27.176074, 35.465283], [27.233594, 35.478564], [27.208887, 35.558936], [27.157227, 35.629492]]}}, {"type": "Feature", "properties": {"scalerank": 0, "featurecla": "Coastline", "min_zoom": 4}, "geometry": {"type": "LineString", "coordinates": [[27.8625, 36.641162], [27.836816, 36.634863], [27.785742, 36.60752], [27.788086, 36.583691], [27.838281, 36.537988], [27.860156, 36.553906], [27.869043, 36.582666], [27.869824, 36.62251], [27.8625, 36.641162]]}}, {"type": "Feature", "properties": {"scalerank": 0, "featurecla": "Coastline", "min_zoom": 4}, "geometry": {"type": "LineString", "coordinates": [[27.040137, 37.001562], [27.016016, 37.009668], [26.966602, 37.0521], [26.888672, 37.087256], [26.937695, 37.024609], [26.919922, 36.945215], [27.019727, 36.959033], [27.03457, 36.975977], [27.040137, 37.001562]]}}, {"type": "Feature", "properties": {"scalerank": 0, "featurecla": "Coastline", "min_zoom": 3}, "geometry": {"type": "LineString", "coordinates": [[27.061133, 36.840381], [26.955566, 36.774219], [26.918359, 36.725928], [26.949609, 36.7271], [27.033594, 36.770752], [27.150977, 36.777588], [27.193164, 36.809131], [27.352148, 36.868896], [27.265625, 36.905127], [27.214941, 36.898633], [27.061133, 36.840381]]}}, {"type": "Feature", "properties": {"scalerank": 0, "featurecla": "Coastline", "min_zoom": 3}, "geometry": {"type": "LineString", "coordinates": [[25.361914, 37.07041], [25.395898, 36.984375], [25.456738, 36.929688], [25.545898, 36.967578], [25.584277, 37.039307], [25.587891, 37.152539], [25.564355, 37.185107], [25.525293, 37.196387], [25.361914, 37.07041]]}}, {"type": "Feature", "properties": {"scalerank": 0, "featurecla": "Coastline", "min_zoom": 3}, "geometry": {"type": "LineString", "coordinates": [[25.275293, 37.137842], [25.235059, 37.148535], [25.146484, 37.107422], [25.105469, 37.034961], [25.133301, 36.999658], [25.199414, 36.991309], [25.278906, 37.068408], [25.271484, 37.08418], [25.275293, 37.137842]]}}, {"type": "Feature", "properties": {"scalerank": 0, "featurecla": "Coastline", "min_zoom": 4}, "geometry": {"type": "LineString", "coordinates": [[25.414648, 36.442285], [25.412891, 36.404883], [25.397168, 36.378955], [25.370508, 36.358936], [25.435938, 36.340088], [25.482422, 36.392627], [25.467383, 36.435059], [25.408984, 36.47373], [25.396875, 36.465332], [25.414648, 36.442285]]}}, {"type": "Feature", "properties": {"scalerank": 0, "featurecla": "Coastline", "min_zoom": 4}, "geometry": {"type": "LineString", "coordinates": [[25.364355, 36.65835], [25.381738, 36.674023], [25.406934, 36.717334], [25.295898, 36.78916], [25.259961, 36.758447], [25.288672, 36.721533], [25.364355, 36.65835]]}}, {"type": "Feature", "properties": {"scalerank": 0, "featurecla": "Coastline", "min_zoom": 3}, "geometry": {"type": "LineString", "coordinates": [[26.981543, 37.781982], [26.947363, 37.778467], [26.824414, 37.811426], [26.743359, 37.809766], [26.638672, 37.780859], [26.581055, 37.72373], [26.612891, 37.710498], [26.720508, 37.705469], [26.788281, 37.656982], [26.844922, 37.644727], [26.978125, 37.700488], [27.055078, 37.709277], [27.039648, 37.77002], [26.981543, 37.781982]]}}, {"type": "Feature", "properties": {"scalerank": 0, "featurecla": "Coastline", "min_zoom": 3}, "geometry": {"type": "LineString", "coordinates": [[26.211523, 37.638281], [26.086328, 37.634912], [25.996777, 37.565576], [25.982422, 37.525586], [26.029297, 37.529395], [26.204883, 37.568506], [26.296875, 37.61958], [26.351367, 37.674316], [26.325586, 37.673047], [26.211523, 37.638281]]}}, {"type": "Feature", "properties": {"scalerank": 0, "featurecla": "Coastline", "min_zoom": 3}, "geometry": {"type": "LineString", "coordinates": [[25.941992, 36.886572], [25.852441, 36.847559], [25.834375, 36.825391], [25.796777, 36.807031], [25.743164, 36.789746], [25.771094, 36.782227], [25.859375, 36.79043], [25.984668, 36.879687], [26.064453, 36.902734], [26.000684, 36.937402], [25.941992, 36.886572]]}}, {"type": "Feature", "properties": {"scalerank": 0, "featurecla": "Coastline", "min_zoom": 3}, "geometry": {"type": "LineString", "coordinates": [[26.337012, 36.580566], [26.269824, 36.59541], [26.27002, 36.546924], [26.331445, 36.511377], [26.381641, 36.561523], [26.460645, 36.5854], [26.421289, 36.624219], [26.37002, 36.638574], [26.38418, 36.607861], [26.337012, 36.580566]]}}, {"type": "Feature", "properties": {"scalerank": 0, "featurecla": "Coastline", "min_zoom": 3}, "geometry": {"type": "LineString", "coordinates": [[24.277441, 37.601123], [24.288965, 37.528271], [24.355957, 37.576855], [24.400781, 37.649023], [24.379102, 37.682715], [24.32041, 37.677734], [24.277441, 37.601123]]}}, {"type": "Feature", "properties": {"scalerank": 0, "featurecla": "Coastline", "min_zoom": 4}, "geometry": {"type": "LineString", "coordinates": [[24.397754, 37.383447], [24.378906, 37.314111], [24.435742, 37.344434], [24.481445, 37.408008], [24.448535, 37.449561], [24.43125, 37.475195], [24.394824, 37.450391], [24.369727, 37.419629], [24.397754, 37.383447]]}}, {"type": "Feature", "properties": {"scalerank": 0, "featurecla": "Coastline", "min_zoom": 3}, "geometry": {"type": "LineString", "coordinates": [[24.425195, 36.712939], [24.357422, 36.744287], [24.344922, 36.722998], [24.325977, 36.655615], [24.530664, 36.683984], [24.5375, 36.705029], [24.535742, 36.76377], [24.460352, 36.747461], [24.450195, 36.728955], [24.425195, 36.712939]]}}, {"type": "Feature", "properties": {"scalerank": 0, "featurecla": "Coastline", "min_zoom": 4}, "geometry": {"type": "LineString", "coordinates": [[24.942871, 37.493506], [24.906543, 37.508887], [24.895313, 37.446338], [24.896191, 37.406592], [24.911523, 37.390576], [24.937891, 37.389697], [24.942871, 37.493506]]}}, {"type": "Feature", "properties": {"scalerank": 0, "featurecla": "Coastline", "min_zoom": 3}, "geometry": {"type": "LineString", "coordinates": [[24.948438, 37.857666], [24.956348, 37.904785], [24.855078, 37.913672], [24.79043, 37.990137], [24.763379, 37.9875], [24.700195, 37.96167], [24.714355, 37.898877], [24.766504, 37.870703], [24.798535, 37.824023], [24.884082, 37.770508], [24.962207, 37.692383], [24.991699, 37.759619], [24.980469, 37.796924], [24.948438, 37.857666]]}}, {"type": "Feature", "properties": {"scalerank": 0, "featurecla": "Coastline", "min_zoom": 3}, "geometry": {"type": "LineString", "coordinates": [[25.156348, 37.545068], [25.21875, 37.535107], [25.255859, 37.599609], [25.225391, 37.630664], [25.091797, 37.647998], [25.039355, 37.680664], [24.996484, 37.676904], [25.016309, 37.645947], [25.051953, 37.614453], [25.156348, 37.545068]]}}, {"type": "Feature", "properties": {"scalerank": 0, "featurecla": "Coastline", "min_zoom": 4}, "geometry": {"type": "LineString", "coordinates": [[24.676465, 36.959277], [24.702637, 36.91709], [24.720898, 36.921436], [24.763184, 36.949219], [24.716113, 37.023828], [24.681445, 37.021631], [24.670996, 36.998584], [24.676465, 36.959277]]}}, {"type": "Feature", "properties": {"scalerank": 0, "featurecla": "Coastline", "min_zoom": 2}, "geometry": {"type": "LineString", "coordinates": [[26.0125, 38.601709], [25.846094, 38.574023], [25.85127, 38.508398], [25.959961, 38.416016], [25.991406, 38.353516], [25.952637, 38.302637], [25.874316, 38.269629], [25.891895, 38.243311], [25.998535, 38.161523], [26.094043, 38.218066], [26.103125, 38.23418], [26.110742, 38.279639], [26.157031, 38.30293], [26.149609, 38.468457], [26.141211, 38.486182], [26.160352, 38.540723], [26.110449, 38.544629], [26.0125, 38.601709]]}}, {"type": "Feature", "properties": {"scalerank": 0, "featurecla": "Coastline", "min_zoom": 0}, "geometry": {"type": "LineString", "coordinates": [[26.531055, 39.171777], [26.392773, 39.270117], [26.410156, 39.329443], [26.347754, 39.383008], [26.16543, 39.373535], [26.164844, 39.331982], [26.088379, 39.304297], [26.026465, 39.284619], [25.90957, 39.287549], [25.844141, 39.200049], [25.855469, 39.178662], [25.90625, 39.138965], [26.072363, 39.095605], [26.175977, 39.194287], [26.273145, 39.197559], [26.245117, 39.164111], [26.10791, 39.081055], [26.16084, 39.025879], [26.390137, 38.973926], [26.46875, 38.972803], [26.547168, 38.994141], [26.503125, 39.031445], [26.488672, 39.074805], [26.531543, 39.064355], [26.583984, 39.031445], [26.595605, 39.048828], [26.578223, 39.109521], [26.531055, 39.171777]]}}, {"type": "Feature", "properties": {"scalerank": 0, "featurecla": "Coastline", "min_zoom": 4}, "geometry": {"type": "LineString", "coordinates": [[23.735156, 39.080566], [23.779785, 39.114404], [23.593945, 39.208594], [23.666113, 39.095361], [23.735156, 39.080566]]}}, {"type": "Feature", "properties": {"scalerank": 0, "featurecla": "Coastline", "min_zoom": 4}, "geometry": {"type": "LineString", "coordinates": [[23.970898, 39.267725], [23.888086, 39.226367], [23.841211, 39.146582], [23.887988, 39.158301], [23.939746, 39.200537], [23.970898, 39.267725]]}}, {"type": "Feature", "properties": {"scalerank": 0, "featurecla": "Coastline", "min_zoom": 3}, "geometry": {"type": "LineString", "coordinates": [[24.58125, 38.878857], [24.564063, 38.942236], [24.485645, 38.980273], [24.473438, 38.96167], [24.461035, 38.888623], [24.566406, 38.832373], [24.564551, 38.819434], [24.541016, 38.788672], [24.569043, 38.784814], [24.674707, 38.809229], [24.58125, 38.878857]]}}, {"type": "Feature", "properties": {"scalerank": 0, "featurecla": "Coastline", "min_zoom": 3}, "geometry": {"type": "LineString", "coordinates": [[25.568555, 40.515869], [25.448047, 40.482812], [25.572656, 40.400439], [25.685742, 40.426562], [25.664258, 40.463867], [25.624316, 40.491992], [25.568555, 40.515869]]}}, {"type": "Feature", "properties": {"scalerank": 0, "featurecla": "Coastline", "min_zoom": 3}, "geometry": {"type": "LineString", "coordinates": [[25.373633, 40.015527], [25.348047, 39.984766], [25.285742, 39.956299], [25.23418, 40.00542], [25.058008, 39.999658], [25.052344, 39.976367], [25.065234, 39.909863], [25.062207, 39.852393], [25.126465, 39.82583], [25.185156, 39.829932], [25.203223, 39.849414], [25.223828, 39.892578], [25.249414, 39.894141], [25.251758, 39.854395], [25.263379, 39.822949], [25.29873, 39.806104], [25.357031, 39.808105], [25.37207, 39.891309], [25.399902, 39.949561], [25.437695, 39.983301], [25.449121, 40.034814], [25.373633, 40.015527]]}}, {"type": "Feature", "properties": {"scalerank": 0, "featurecla": "Coastline", "min_zoom": 3}, "geometry": {"type": "LineString", "coordinates": [[24.62334, 40.79292], [24.585547, 40.76875], [24.516699, 40.687207], [24.515527, 40.647021], [24.645898, 40.579443], [24.774219, 40.615186], [24.768652, 40.658887], [24.786328, 40.703857], [24.773633, 40.730273], [24.719141, 40.786279], [24.62334, 40.79292]]}}, {"type": "Feature", "properties": {"scalerank": 0, "featurecla": "Coastline", "min_zoom": 3}, "geometry": {"type": "LineString", "coordinates": [[25.740918, 40.196289], [25.668945, 40.135889], [25.740234, 40.105469], [25.97002, 40.136328], [25.977051, 40.177832], [25.918359, 40.237988], [25.874805, 40.233691], [25.740918, 40.196289]]}}, {"type": "Feature", "properties": {"scalerank": 0, "featurecla": "Coastline", "min_zoom": 3}, "geometry": {"type": "LineString", "coordinates": [[-16.067334, 11.197217], [-16.087451, 11.198779], [-16.104785, 11.191016], [-16.144043, 11.166846], [-16.175879, 11.130811], [-16.194629, 11.130127], [-16.236426, 11.113428], [-16.231006, 11.094238], [-16.194531, 11.04458], [-16.114502, 11.059424], [-16.072217, 11.084082], [-16.052783, 11.117529], [-16.067334, 11.197217]]}}, {"type": "Feature", "properties": {"scalerank": 0, "featurecla": "Coastline", "min_zoom": 3}, "geometry": {"type": "LineString", "coordinates": [[-16.420166, 19.801953], [-16.477002, 19.710352], [-16.465967, 19.646387], [-16.437549, 19.609277], [-16.37334, 19.706445], [-16.343652, 19.866211], [-16.393262, 19.849268], [-16.420166, 19.801953]]}}, {"type": "Feature", "properties": {"scalerank": 0, "featurecla": "Coastline", "min_zoom": 2}, "geometry": {"type": "LineString", "coordinates": [[-16.693262, 32.758008], [-16.773975, 32.773535], [-16.929199, 32.841406], [-17.054492, 32.815869], [-17.190869, 32.868604], [-17.241016, 32.807373], [-17.226025, 32.766846], [-17.171191, 32.721875], [-17.018262, 32.662793], [-16.837402, 32.648291], [-16.765283, 32.709717], [-16.693262, 32.758008]]}}, {"type": "Feature", "properties": {"scalerank": 0, "featurecla": "Coastline", "min_zoom": 4}, "geometry": {"type": "LineString", "coordinates": [[-15.963477, 11.095312], [-15.950635, 11.087109], [-15.963965, 11.058984], [-15.905176, 11.054736], [-15.895898, 11.082471], [-15.905273, 11.14834], [-15.909131, 11.161328], [-15.937695, 11.192773], [-15.946484, 11.179736], [-15.963477, 11.095312]]}}, {"type": "Feature", "properties": {"scalerank": 0, "featurecla": "Coastline", "min_zoom": 2}, "geometry": {"type": "LineString", "coordinates": [[-16.334473, 28.379932], [-16.119141, 28.528271], [-16.123633, 28.575977], [-16.318994, 28.558203], [-16.517432, 28.412695], [-16.556836, 28.400488], [-16.752051, 28.369824], [-16.843066, 28.376123], [-16.905322, 28.3396], [-16.866016, 28.293262], [-16.794727, 28.14917], [-16.658008, 28.007178], [-16.542773, 28.03208], [-16.49624, 28.061914], [-16.418213, 28.151416], [-16.334473, 28.379932]]}}, {"type": "Feature", "properties": {"scalerank": 0, "featurecla": "Coastline", "min_zoom": 2}, "geometry": {"type": "LineString", "coordinates": [[-13.535059, 29.144287], [-13.650098, 29.118994], [-13.788184, 29.056104], [-13.823633, 29.01333], [-13.859912, 28.869092], [-13.783984, 28.845459], [-13.715967, 28.91123], [-13.554688, 28.960205], [-13.47793, 29.006592], [-13.45376, 29.151367], [-13.422949, 29.19751], [-13.463574, 29.237207], [-13.501416, 29.21123], [-13.535059, 29.144287]]}}, {"type": "Feature", "properties": {"scalerank": 0, "featurecla": "Coastline", "min_zoom": 2}, "geometry": {"type": "LineString", "coordinates": [[-14.028369, 28.617432], [-14.152588, 28.406641], [-14.231982, 28.21582], [-14.355566, 28.129687], [-14.491797, 28.100928], [-14.468604, 28.082373], [-14.332617, 28.056006], [-14.196777, 28.169287], [-13.928027, 28.253467], [-13.862988, 28.409326], [-13.827588, 28.585156], [-13.827148, 28.691211], [-13.857227, 28.738037], [-13.886279, 28.744678], [-13.95415, 28.741455], [-14.003369, 28.706689], [-14.028369, 28.617432]]}}, {"type": "Feature", "properties": {"scalerank": 0, "featurecla": "Coastline", "min_zoom": 2}, "geometry": {"type": "LineString", "coordinates": [[-12.615234, 7.637207], [-12.854395, 7.622021], [-12.951611, 7.57085], [-12.607178, 7.474512], [-12.540625, 7.410254], [-12.526074, 7.436328], [-12.500635, 7.535107], [-12.5125, 7.582422], [-12.544189, 7.607373], [-12.615234, 7.637207]]}}, {"type": "Feature", "properties": {"scalerank": 0, "featurecla": "Coastline", "min_zoom": 2}, "geometry": {"type": "LineString", "coordinates": [[-15.400586, 28.147363], [-15.415479, 28.159326], [-15.432715, 28.154248], [-15.452783, 28.136914], [-15.682764, 28.154053], [-15.720947, 28.06416], [-15.809473, 27.994482], [-15.807324, 27.887549], [-15.710303, 27.784082], [-15.655762, 27.758398], [-15.559375, 27.746973], [-15.436768, 27.810693], [-15.38916, 27.874707], [-15.383154, 27.992822], [-15.406689, 28.070508], [-15.400586, 28.147363]]}}, {"type": "Feature", "properties": {"scalerank": 0, "featurecla": "Coastline", "min_zoom": 3}, "geometry": {"type": "LineString", "coordinates": [[-15.71748, 11.301758], [-15.754687, 11.268701], [-15.779785, 11.194531], [-15.76748, 11.182275], [-15.725146, 11.174512], [-15.725146, 11.215479], [-15.687109, 11.234326], [-15.667187, 11.257861], [-15.65835, 11.286475], [-15.671924, 11.296484], [-15.71748, 11.301758]]}}, {"type": "Feature", "properties": {"scalerank": 0, "featurecla": "Coastline", "min_zoom": 4}, "geometry": {"type": "LineString", "coordinates": [[-15.536572, 11.617627], [-15.619629, 11.533496], [-15.562793, 11.51377], [-15.553418, 11.537012], [-15.526221, 11.553857], [-15.484424, 11.567529], [-15.482471, 11.632324], [-15.536572, 11.617627]]}}, {"type": "Feature", "properties": {"scalerank": 0, "featurecla": "Coastline", "min_zoom": 3}, "geometry": {"type": "LineString", "coordinates": [[-17.324902, 28.117676], [-17.273926, 28.038281], [-17.225391, 28.013525], [-17.184668, 28.021973], [-17.101074, 28.083447], [-17.10376, 28.111133], [-17.129639, 28.155957], [-17.214355, 28.199268], [-17.258594, 28.203174], [-17.290332, 28.176318], [-17.324902, 28.117676]]}}, {"type": "Feature", "properties": {"scalerank": 0, "featurecla": "Coastline", "min_zoom": 3}, "geometry": {"type": "LineString", "coordinates": [[-15.94873, 11.434424], [-15.901807, 11.46582], [-15.915332, 11.589111], [-15.964551, 11.598291], [-16.019336, 11.527295], [-16.023193, 11.477148], [-15.997217, 11.44917], [-15.94873, 11.434424]]}}, {"type": "Feature", "properties": {"scalerank": 0, "featurecla": "Coastline", "min_zoom": 3}, "geometry": {"type": "LineString", "coordinates": [[-16.102441, 11.773193], [-16.03833, 11.759717], [-15.986426, 11.882031], [-16.021875, 11.88667], [-16.152441, 11.876807], [-16.147363, 11.845996], [-16.102441, 11.773193]]}}, {"type": "Feature", "properties": {"scalerank": 0, "featurecla": "Coastline", "min_zoom": 3}, "geometry": {"type": "LineString", "coordinates": [[-18.043359, 27.768115], [-18.160547, 27.761475], [-18.135937, 27.72793], [-18.106592, 27.707471], [-17.984766, 27.646387], [-17.887939, 27.80957], [-17.924512, 27.850146], [-18.043359, 27.768115]]}}, {"type": "Feature", "properties": {"scalerank": 0, "featurecla": "Coastline", "min_zoom": 2}, "geometry": {"type": "LineString", "coordinates": [[-17.928809, 28.84458], [-18.000781, 28.758252], [-17.882129, 28.5646], [-17.859375, 28.485693], [-17.834277, 28.493213], [-17.758008, 28.569092], [-17.744385, 28.616016], [-17.751611, 28.688574], [-17.726562, 28.724463], [-17.744531, 28.786572], [-17.797559, 28.846777], [-17.928809, 28.84458]]}}, {"type": "Feature", "properties": {"scalerank": 0, "featurecla": "Coastline", "min_zoom": 2}, "geometry": {"type": "LineString", "coordinates": [[8.760449, 3.754346], [8.735742, 3.758301], [8.675879, 3.735937], [8.637695, 3.668848], [8.622754, 3.57998], [8.577246, 3.482373], [8.549805, 3.467627], [8.464648, 3.450586], [8.451758, 3.4229], [8.434277, 3.332422], [8.444922, 3.293506], [8.474902, 3.264648], [8.652344, 3.21709], [8.704004, 3.223633], [8.763477, 3.304639], [8.792188, 3.400391], [8.946094, 3.627539], [8.950684, 3.705322], [8.910059, 3.758203], [8.760449, 3.754346]]}}, {"type": "Feature", "properties": {"scalerank": 0, "featurecla": "Coastline", "min_zoom": 2}, "geometry": {"type": "LineString", "coordinates": [[6.625879, 0.400244], [6.524316, 0.340283], [6.477539, 0.280127], [6.468164, 0.227344], [6.496973, 0.117383], [6.519727, 0.066309], [6.556836, 0.047363], [6.659961, 0.120654], [6.75, 0.243457], [6.749805, 0.325635], [6.686914, 0.404395], [6.625879, 0.400244]]}}, {"type": "Feature", "properties": {"scalerank": 0, "featurecla": "Coastline", "min_zoom": 3}, "geometry": {"type": "LineString", "coordinates": [[7.414453, 1.699121], [7.387598, 1.680176], [7.330664, 1.603369], [7.342383, 1.563574], [7.386621, 1.541553], [7.423828, 1.567725], [7.452344, 1.631104], [7.450391, 1.661963], [7.437012, 1.683057], [7.414453, 1.699121]]}}, {"type": "Feature", "properties": {"scalerank": 0, "featurecla": "Coastline", "min_zoom": 3}, "geometry": {"type": "LineString", "coordinates": [[7.227344, 4.527344], [7.14043, 4.395117], [7.203906, 4.387646], [7.300781, 4.418164], [7.32793, 4.487207], [7.271387, 4.498926], [7.227344, 4.527344]]}}, {"type": "Feature", "properties": {"scalerank": 0, "featurecla": "Coastline", "min_zoom": 4}, "geometry": {"type": "LineString", "coordinates": [[11.254883, 34.820312], [11.153027, 34.74458], [11.123633, 34.681689], [11.278027, 34.753809], [11.281055, 34.802197], [11.254883, 34.820312]]}}, {"type": "Feature", "properties": {"scalerank": 0, "featurecla": "Coastline", "min_zoom": 3}, "geometry": {"type": "LineString", "coordinates": [[10.921973, 33.893115], [10.745215, 33.888672], [10.733887, 33.855615], [10.72207, 33.738916], [10.757031, 33.71748], [10.784766, 33.717676], [10.857422, 33.687158], [10.883008, 33.690186], [10.931348, 33.717432], [10.957617, 33.72207], [10.993066, 33.745947], [11.037598, 33.785059], [11.033594, 33.805029], [11.017871, 33.82334], [10.921973, 33.893115]]}}, {"type": "Feature", "properties": {"scalerank": 0, "featurecla": "Coastline", "min_zoom": 3}, "geometry": {"type": "LineString", "coordinates": [[-4.412061, 54.185352], [-4.392285, 54.225391], [-4.337988, 54.269092], [-4.377197, 54.392578], [-4.395557, 54.40293], [-4.424707, 54.407178], [-4.508643, 54.376709], [-4.614844, 54.266943], [-4.69873, 54.224902], [-4.745557, 54.118799], [-4.785352, 54.073047], [-4.765771, 54.069434], [-4.696094, 54.081445], [-4.614258, 54.058691], [-4.412061, 54.185352]]}}, {"type": "Feature", "properties": {"scalerank": 0, "featurecla": "Coastline", "min_zoom": 4}, "geometry": {"type": "LineString", "coordinates": [[-6.569922, 56.66123], [-6.668555, 56.593604], [-6.664453, 56.579443], [-6.607617, 56.58501], [-6.530078, 56.626611], [-6.483691, 56.665771], [-6.506055, 56.672363], [-6.569922, 56.66123]]}}, {"type": "Feature", "properties": {"scalerank": 0, "featurecla": "Coastline", "min_zoom": 3}, "geometry": {"type": "LineString", "coordinates": [[-5.10498, 55.573975], [-5.1604, 55.666797], [-5.185449, 55.690967], [-5.251611, 55.716943], [-5.318115, 55.70918], [-5.345703, 55.690723], [-5.370801, 55.666943], [-5.392676, 55.618359], [-5.331494, 55.481055], [-5.277051, 55.456738], [-5.231494, 55.448096], [-5.10542, 55.448828], [-5.094727, 55.494336], [-5.10498, 55.573975]]}}, {"type": "Feature", "properties": {"scalerank": 0, "featurecla": "Coastline", "min_zoom": 2}, "geometry": {"type": "LineString", "coordinates": [[-5.836035, 56.522559], [-5.94668, 56.534521], [-6.02959, 56.609814], [-6.102734, 56.645654], [-6.138281, 56.649854], [-6.18208, 56.642969], [-6.286328, 56.611865], [-6.30625, 56.598779], [-6.319678, 56.569434], [-6.310645, 56.552148], [-6.138867, 56.490625], [-6.184863, 56.356885], [-6.298486, 56.33916], [-6.32583, 56.320947], [-6.313428, 56.293652], [-6.176172, 56.288721], [-5.777881, 56.344336], [-5.76084, 56.490674], [-5.836035, 56.522559]]}}, {"type": "Feature", "properties": {"scalerank": 0, "featurecla": "Coastline", "min_zoom": 3}, "geometry": {"type": "LineString", "coordinates": [[-6.128906, 55.930566], [-6.215674, 55.90459], [-6.311279, 55.856494], [-6.344141, 55.87373], [-6.374951, 55.871338], [-6.413184, 55.854639], [-6.445264, 55.832373], [-6.462842, 55.808252], [-6.466455, 55.768994], [-6.495654, 55.711572], [-6.491357, 55.697314], [-6.451953, 55.704248], [-6.333887, 55.774365], [-6.301758, 55.780615], [-6.286426, 55.77251], [-6.302051, 55.728369], [-6.27002, 55.670313], [-6.307227, 55.619141], [-6.305078, 55.606934], [-6.253174, 55.607227], [-6.088379, 55.65752], [-6.055322, 55.695312], [-6.057617, 55.72251], [-6.092822, 55.802148], [-6.128906, 55.930566]]}}, {"type": "Feature", "properties": {"scalerank": 0, "featurecla": "Coastline", "min_zoom": 3}, "geometry": {"type": "LineString", "coordinates": [[-5.939062, 56.045264], [-5.972656, 56.004443], [-5.970312, 55.992188], [-5.911768, 55.974756], [-6.041309, 55.925635], [-6.071973, 55.893115], [-6.070703, 55.847656], [-6.060352, 55.8229], [-6.041553, 55.806787], [-5.990918, 55.803809], [-5.970068, 55.814551], [-5.797217, 56.005615], [-5.725146, 56.118555], [-5.762256, 56.120312], [-5.799609, 56.108789], [-5.939062, 56.045264]]}}, {"type": "Feature", "properties": {"scalerank": 0, "featurecla": "Coastline", "min_zoom": 3}, "geometry": {"type": "LineString", "coordinates": [[-1.093311, 60.720215], [-1.165527, 60.603906], [-1.067871, 60.502295], [-1.042529, 60.513867], [-1.034229, 60.530176], [-1.035107, 60.59292], [-1.049023, 60.646924], [-1.04502, 60.655518], [-1.000342, 60.658008], [-0.99165, 60.686035], [-1.005615, 60.716504], [-1.093311, 60.720215]]}}, {"type": "Feature", "properties": {"scalerank": 0, "featurecla": "Coastline", "min_zoom": 2}, "geometry": {"type": "LineString", "coordinates": [[-1.235742, 60.485303], [-1.287402, 60.467041], [-1.308105, 60.5375], [-1.301709, 60.607666], [-1.363965, 60.60957], [-1.414209, 60.59873], [-1.498145, 60.529834], [-1.552637, 60.517432], [-1.571777, 60.494434], [-1.548828, 60.481299], [-1.449561, 60.468555], [-1.374609, 60.33291], [-1.494434, 60.29248], [-1.57666, 60.298389], [-1.66377, 60.28252], [-1.660059, 60.262256], [-1.641357, 60.236768], [-1.613037, 60.229102], [-1.516602, 60.231006], [-1.499121, 60.221777], [-1.496875, 60.193994], [-1.481494, 60.173389], [-1.409033, 60.189502], [-1.322803, 60.188379], [-1.290918, 60.153467], [-1.276172, 60.114648], [-1.299512, 60.039844], [-1.355859, 59.911133], [-1.299463, 59.878662], [-1.283789, 59.886914], [-1.245312, 59.97124], [-1.199316, 60.006592], [-1.179248, 60.113916], [-1.165723, 60.124268], [-1.152783, 60.177344], [-1.133691, 60.206982], [-1.065674, 60.381592], [-1.052441, 60.444482], [-1.117969, 60.417627], [-1.157764, 60.417725], [-1.235742, 60.485303]]}}, {"type": "Feature", "properties": {"scalerank": 0, "featurecla": "Coastline", "min_zoom": 3}, "geometry": {"type": "LineString", "coordinates": [[-0.825488, 60.683936], [-0.826172, 60.716162], [-0.774316, 60.800488], [-0.774268, 60.811963], [-0.801807, 60.83125], [-0.823437, 60.831885], [-0.864941, 60.805811], [-0.891406, 60.815918], [-0.91582, 60.810449], [-0.927539, 60.797168], [-0.938086, 60.745654], [-0.922266, 60.697266], [-0.909131, 60.687012], [-0.825488, 60.683936]]}}, {"type": "Feature", "properties": {"scalerank": 0, "featurecla": "Coastline", "min_zoom": 3}, "geometry": {"type": "LineString", "coordinates": [[-3.271924, 58.905273], [-3.357422, 58.918994], [-3.394727, 58.909619], [-3.40083, 58.881787], [-3.367188, 58.839746], [-3.278809, 58.781934], [-3.222119, 58.780957], [-3.164941, 58.794189], [-3.158545, 58.801221], [-3.211621, 58.813574], [-3.222119, 58.825879], [-3.227637, 58.857178], [-3.271924, 58.905273]]}}, {"type": "Feature", "properties": {"scalerank": 0, "featurecla": "Coastline", "min_zoom": 2}, "geometry": {"type": "LineString", "coordinates": [[-4.315088, 53.417236], [-4.461719, 53.419287], [-4.567871, 53.386475], [-4.553223, 53.260449], [-4.471973, 53.176367], [-4.418848, 53.178027], [-4.373047, 53.13418], [-4.278613, 53.172412], [-4.200391, 53.218066], [-4.084277, 53.264307], [-4.049365, 53.305762], [-4.154883, 53.302832], [-4.196777, 53.321436], [-4.315088, 53.417236]]}}, {"type": "Feature", "properties": {"scalerank": 0, "featurecla": "Coastline", "min_zoom": 4}, "geometry": {"type": "LineString", "coordinates": [[-2.535645, 59.30415], [-2.603613, 59.289307], [-2.662061, 59.230176], [-2.548877, 59.231348], [-2.429834, 59.271045], [-2.406982, 59.297559], [-2.535645, 59.30415]]}}, {"type": "Feature", "properties": {"scalerank": 0, "featurecla": "Coastline", "min_zoom": 4}, "geometry": {"type": "LineString", "coordinates": [[-3.035449, 58.822656], [-2.975391, 58.756934], [-2.938965, 58.738623], [-2.929395, 58.741602], [-2.913086, 58.799609], [-2.896436, 58.827588], [-2.941211, 58.835693], [-3.035449, 58.822656]]}}, {"type": "Feature", "properties": {"scalerank": 0, "featurecla": "Coastline", "min_zoom": 3}, "geometry": {"type": "LineString", "coordinates": [[-2.81792, 58.981885], [-2.88457, 58.984521], [-2.994678, 59.005566], [-3.070703, 59.00498], [-3.057422, 59.029639], [-3.02002, 59.057666], [-3.019238, 59.076025], [-3.051123, 59.099023], [-3.156494, 59.136328], [-3.248584, 59.143945], [-3.310352, 59.130811], [-3.346826, 59.06499], [-3.353711, 59.01875], [-3.34707, 58.986719], [-3.331641, 58.97124], [-3.304346, 58.967432], [-3.242139, 58.999707], [-3.232812, 58.989648], [-3.232617, 58.955518], [-3.22334, 58.93877], [-3.200781, 58.925293], [-3.166602, 58.919092], [-2.994824, 58.939355], [-2.86377, 58.890527], [-2.826221, 58.893262], [-2.793018, 58.906934], [-2.762451, 58.955811], [-2.81792, 58.981885]]}}, {"type": "Feature", "properties": {"scalerank": 0, "featurecla": "Coastline", "min_zoom": 3}, "geometry": {"type": "LineString", "coordinates": [[-6.662109, 61.861768], [-6.790771, 61.895361], [-6.841797, 61.903711], [-6.884766, 61.899121], [-6.863965, 61.862256], [-6.83916, 61.840771], [-6.764258, 61.815332], [-6.670166, 61.768652], [-6.642773, 61.768311], [-6.623193, 61.805957], [-6.62583, 61.826709], [-6.662109, 61.861768]]}}, {"type": "Feature", "properties": {"scalerank": 0, "featurecla": "Coastline", "min_zoom": 3}, "geometry": {"type": "LineString", "coordinates": [[-6.703516, 61.495947], [-6.741064, 61.536377], [-6.740625, 61.570508], [-6.77002, 61.584375], [-6.881641, 61.602783], [-6.905908, 61.630811], [-6.934863, 61.634326], [-6.929248, 61.60293], [-6.888135, 61.534766], [-6.770508, 61.452246], [-6.703027, 61.417676], [-6.679688, 61.414307], [-6.699463, 61.444629], [-6.703516, 61.495947]]}}, {"type": "Feature", "properties": {"scalerank": 0, "featurecla": "Coastline", "min_zoom": 3}, "geometry": {"type": "LineString", "coordinates": [[-7.379102, 62.074805], [-7.254932, 62.046143], [-7.179395, 62.040039], [-7.116797, 62.046826], [-7.065186, 62.073242], [-7.097119, 62.100537], [-7.186865, 62.139307], [-7.235303, 62.151221], [-7.336768, 62.138672], [-7.422607, 62.140283], [-7.379102, 62.074805]]}}, {"type": "Feature", "properties": {"scalerank": 0, "featurecla": "Coastline", "min_zoom": 2}, "geometry": {"type": "LineString", "coordinates": [[-7.013574, 62.093994], [-6.809717, 61.977441], [-6.725195, 61.951465], [-6.714404, 61.96416], [-6.722559, 61.990381], [-6.809473, 62.08042], [-6.837695, 62.09541], [-6.840527, 62.119287], [-6.823437, 62.139111], [-6.768896, 62.131494], [-6.696436, 62.094336], [-6.655811, 62.093604], [-6.631055, 62.227881], [-6.803662, 62.265967], [-6.958643, 62.31626], [-7.172168, 62.285596], [-7.013574, 62.093994]]}}, {"type": "Feature", "properties": {"scalerank": 0, "featurecla": "Coastline", "min_zoom": 3}, "geometry": {"type": "LineString", "coordinates": [[-2.96377, 59.274365], [-2.861426, 59.246826], [-2.851855, 59.182471], [-2.815234, 59.161914], [-2.729395, 59.186768], [-2.719922, 59.219482], [-2.730664, 59.226758], [-2.815039, 59.24082], [-2.861621, 59.28833], [-2.975537, 59.347119], [-3.042236, 59.333838], [-3.052051, 59.323877], [-3.013477, 59.291455], [-2.96377, 59.274365]]}}, {"type": "Feature", "properties": {"scalerank": 0, "featurecla": "Coastline", "min_zoom": 4}, "geometry": {"type": "LineString", "coordinates": [[-6.453857, 62.186523], [-6.406055, 62.258643], [-6.473047, 62.291895], [-6.55459, 62.355664], [-6.552051, 62.278125], [-6.559473, 62.224512], [-6.544141, 62.205615], [-6.524707, 62.197852], [-6.453857, 62.186523]]}}, {"type": "Feature", "properties": {"scalerank": 0, "featurecla": "Coastline", "min_zoom": 2}, "geometry": {"type": "LineString", "coordinates": [[-6.85376, 57.826514], [-6.796582, 57.827539], [-6.683301, 57.911035], [-6.578125, 57.941357], [-6.425195, 58.021289], [-6.402441, 58.041357], [-6.403369, 58.075879], [-6.436523, 58.091895], [-6.55459, 58.092871], [-6.419287, 58.140967], [-6.375586, 58.18457], [-6.32583, 58.188867], [-6.198682, 58.363281], [-6.194238, 58.435107], [-6.219434, 58.488721], [-6.237451, 58.502832], [-6.297168, 58.486621], [-6.544189, 58.383154], [-6.742285, 58.321631], [-6.776465, 58.301514], [-6.787744, 58.283887], [-6.724707, 58.197559], [-6.726465, 58.189404], [-6.812305, 58.196094], [-6.88623, 58.182568], [-6.949561, 58.217676], [-7.012061, 58.228711], [-7.028418, 58.222314], [-7.044922, 58.201562], [-7.085254, 58.182178], [-7.095605, 58.138281], [-7.088477, 58.095361], [-7.076904, 58.079004], [-7.038232, 58.072314], [-7.016895, 58.054785], [-6.985303, 58.050488], [-7.051904, 58.017969], [-7.05708, 58.003174], [-7.002539, 57.974902], [-6.86416, 57.932861], [-6.856836, 57.923535], [-6.944141, 57.893652], [-6.955957, 57.864893], [-7.083447, 57.81377], [-7.013184, 57.761768], [-6.983105, 57.75], [-6.956934, 57.750049], [-6.910352, 57.773389], [-6.85376, 57.826514]]}}, {"type": "Feature", "properties": {"scalerank": 0, "featurecla": "Coastline", "min_zoom": 4}, "geometry": {"type": "LineString", "coordinates": [[-6.432617, 57.01792], [-6.383398, 56.970898], [-6.34624, 56.954297], [-6.30874, 56.951807], [-6.279053, 56.964697], [-6.260547, 56.985254], [-6.261279, 57.009521], [-6.278223, 57.031396], [-6.322363, 57.050537], [-6.432617, 57.01792]]}}, {"type": "Feature", "properties": {"scalerank": 0, "featurecla": "Coastline", "min_zoom": 2}, "geometry": {"type": "LineString", "coordinates": [[-6.362402, 57.2375], [-6.322705, 57.20249], [-6.266113, 57.184326], [-6.162744, 57.182129], [-6.034375, 57.201221], [-6.014746, 57.051953], [-5.987305, 57.044434], [-5.949072, 57.045166], [-5.91377, 57.062646], [-5.79541, 57.146533], [-5.696191, 57.198437], [-5.668652, 57.226904], [-5.672461, 57.252686], [-5.706006, 57.268945], [-5.880273, 57.263232], [-6.067627, 57.283545], [-6.093408, 57.301709], [-6.135547, 57.314258], [-6.14082, 57.353662], [-6.16377, 57.408838], [-6.146143, 57.460791], [-6.144727, 57.50498], [-6.166064, 57.585303], [-6.246924, 57.651221], [-6.305957, 57.671973], [-6.357666, 57.666797], [-6.378516, 57.60332], [-6.616797, 57.562695], [-6.615283, 57.552734], [-6.583496, 57.520654], [-6.583008, 57.507129], [-6.605859, 57.490674], [-6.643457, 57.482617], [-6.704199, 57.495752], [-6.752734, 57.458936], [-6.761133, 57.442383], [-6.741309, 57.412451], [-6.675439, 57.362891], [-6.442432, 57.32749], [-6.362402, 57.2375]]}}, {"type": "Feature", "properties": {"scalerank": 0, "featurecla": "Coastline", "min_zoom": 3}, "geometry": {"type": "LineString", "coordinates": [[-7.205566, 57.682959], [-7.271191, 57.657471], [-7.324854, 57.663135], [-7.391895, 57.645215], [-7.440039, 57.656396], [-7.470312, 57.652539], [-7.499414, 57.636328], [-7.515625, 57.615869], [-7.514746, 57.601953], [-7.320557, 57.53374], [-7.182617, 57.533301], [-7.092773, 57.62666], [-7.205566, 57.682959]]}}, {"type": "Feature", "properties": {"scalerank": 0, "featurecla": "Coastline", "min_zoom": 3}, "geometry": {"type": "LineString", "coordinates": [[-7.296387, 57.383691], [-7.410547, 57.381104], [-7.407031, 57.298486], [-7.422363, 57.229346], [-7.415918, 57.192139], [-7.381494, 57.130664], [-7.347412, 57.115137], [-7.292041, 57.109766], [-7.249854, 57.115332], [-7.247559, 57.126367], [-7.267139, 57.371777], [-7.296387, 57.383691]]}}, {"type": "Feature", "properties": {"scalerank": 0, "featurecla": "Coastline", "min_zoom": 3}, "geometry": {"type": "LineString", "coordinates": [[-10.139844, 54.005273], [-10.181152, 54.016992], [-10.26582, 53.977734], [-10.062305, 53.959766], [-10.026514, 53.920313], [-9.952539, 53.884619], [-9.948145, 53.913379], [-9.956152, 53.987354], [-9.996338, 54.003369], [-10.139844, 54.005273]]}}, {"type": "Feature", "properties": {"scalerank": 0, "featurecla": "Coastline", "min_zoom": 4}, "geometry": {"type": "LineString", "coordinates": [[-7.522949, 57.006787], [-7.542969, 56.972363], [-7.537402, 56.959717], [-7.504785, 56.95166], [-7.416895, 56.96543], [-7.398926, 56.98335], [-7.406689, 57.000293], [-7.455469, 57.018945], [-7.522949, 57.006787]]}}, {"type": "Feature", "properties": {"scalerank": 0, "featurecla": "Coastline", "min_zoom": 4}, "geometry": {"type": "LineString", "coordinates": [[21.907813, 60.393164], [21.950293, 60.401709], [21.906836, 60.438477], [21.827246, 60.469922], [21.819336, 60.452295], [21.845996, 60.412451], [21.805664, 60.401221], [21.818652, 60.381836], [21.921484, 60.332275], [21.994238, 60.33667], [21.979785, 60.355225], [21.907813, 60.393164]]}}, {"type": "Feature", "properties": {"scalerank": 0, "featurecla": "Coastline", "min_zoom": 4}, "geometry": {"type": "LineString", "coordinates": [[19.551367, 60.243848], [19.519043, 60.18457], [19.536523, 60.144971], [19.579883, 60.135059], [19.599805, 60.162695], [19.629199, 60.170361], [19.66748, 60.164746], [19.662305, 60.187158], [19.628809, 60.246094], [19.551367, 60.243848]]}}, {"type": "Feature", "properties": {"scalerank": 0, "featurecla": "Coastline", "min_zoom": 2}, "geometry": {"type": "LineString", "coordinates": [[20.073242, 60.193457], [20.125488, 60.200879], [20.155078, 60.192285], [20.194727, 60.193555], [20.258887, 60.261279], [20.239551, 60.283008], [20.184082, 60.29375], [20.167871, 60.314697], [20.087402, 60.353418], [20.033887, 60.359326], [20.020215, 60.350879], [19.989551, 60.351172], [19.944531, 60.35752], [19.888281, 60.405811], [19.823047, 60.390186], [19.787793, 60.354053], [19.812305, 60.331592], [19.854688, 60.318506], [19.871582, 60.301611], [19.867188, 60.268115], [19.847656, 60.220557], [19.785254, 60.213379], [19.779004, 60.285547], [19.736523, 60.282373], [19.686914, 60.267627], [19.672266, 60.233008], [19.745996, 60.098975], [19.799805, 60.081738], [20.033984, 60.093555], [20.032324, 60.15249], [20.042578, 60.180664], [20.073242, 60.193457]]}}, {"type": "Feature", "properties": {"scalerank": 0, "featurecla": "Coastline", "min_zoom": 3}, "geometry": {"type": "LineString", "coordinates": [[21.366016, 63.261768], [21.287109, 63.227783], [21.228516, 63.222656], [21.217773, 63.241309], [21.221777, 63.259131], [21.236328, 63.277734], [21.083887, 63.277539], [21.149316, 63.199463], [21.253418, 63.152002], [21.309766, 63.162695], [21.318457, 63.179492], [21.367188, 63.207227], [21.377637, 63.199219], [21.415625, 63.197363], [21.421973, 63.245898], [21.366016, 63.261768]]}}, {"type": "Feature", "properties": {"scalerank": 0, "featurecla": "Coastline", "min_zoom": 4}, "geometry": {"type": "LineString", "coordinates": [[19.134863, 57.981348], [19.039258, 57.911035], [19.086523, 57.86499], [19.138379, 57.860254], [19.156348, 57.922607], [19.331445, 57.962891], [19.281152, 57.977539], [19.134863, 57.981348]]}}, {"type": "Feature", "properties": {"scalerank": 0, "featurecla": "Coastline", "min_zoom": 2}, "geometry": {"type": "LineString", "coordinates": [[16.960938, 57.250195], [16.901563, 57.174609], [16.864648, 57.090674], [16.727734, 56.902002], [16.630371, 56.876855], [16.412305, 56.568994], [16.394141, 56.483643], [16.40127, 56.310889], [16.431641, 56.24375], [16.477148, 56.240186], [16.528516, 56.290527], [16.778027, 56.805225], [16.838281, 56.840527], [16.883691, 56.985205], [17.053516, 57.208008], [17.058203, 57.229248], [17.050391, 57.280469], [17.117676, 57.319824], [17.089258, 57.332275], [17.025391, 57.345068], [16.995996, 57.317773], [16.960938, 57.250195]]}}, {"type": "Feature", "properties": {"scalerank": 0, "featurecla": "Coastline", "min_zoom": 3}, "geometry": {"type": "LineString", "coordinates": [[14.765332, 55.296729], [14.713672, 55.238037], [14.68418, 55.102246], [14.885547, 55.032959], [15.050781, 55.004932], [15.087695, 55.021875], [15.137109, 55.087158], [15.132617, 55.144531], [14.765332, 55.296729]]}}, {"type": "Feature", "properties": {"scalerank": 0, "featurecla": "Coastline", "min_zoom": 2}, "geometry": {"type": "LineString", "coordinates": [[13.601855, 54.425146], [13.580469, 54.463965], [13.60332, 54.488184], [13.670703, 54.535449], [13.657617, 54.55957], [13.636035, 54.577002], [13.491211, 54.615381], [13.450098, 54.649609], [13.422754, 54.699316], [13.336816, 54.697119], [13.239941, 54.638428], [13.231445, 54.582764], [13.17666, 54.544238], [13.18125, 54.508984], [13.156348, 54.396924], [13.162109, 54.364551], [13.190039, 54.325635], [13.364355, 54.24585], [13.414551, 54.249561], [13.482031, 54.337402], [13.594922, 54.338184], [13.707324, 54.281152], [13.73418, 54.31543], [13.70918, 54.382715], [13.601855, 54.425146]]}}, {"type": "Feature", "properties": {"scalerank": 0, "featurecla": "Coastline", "min_zoom": 1}, "geometry": {"type": "LineString", "coordinates": [[12.310059, 55.040918], [12.274023, 55.064111], [12.258789, 55.021094], [12.219922, 54.993604], [12.161719, 54.974805], [12.143652, 54.958691], [12.118848, 54.914404], [12.184473, 54.89248], [12.35752, 54.961816], [12.511035, 54.950879], [12.549219, 54.965771], [12.513281, 54.997314], [12.469531, 55.01748], [12.417188, 55.031201], [12.310059, 55.040918]]}}, {"type": "Feature", "properties": {"scalerank": 0, "featurecla": "Coastline", "min_zoom": 1}, "geometry": {"type": "LineString", "coordinates": [[12.520313, 55.6146], [12.550879, 55.55625], [12.571582, 55.554004], [12.665723, 55.596533], [12.648438, 55.646777], [12.62002, 55.679346], [12.599219, 55.680225], [12.569922, 55.650098], [12.520313, 55.6146]]}}, {"type": "Feature", "properties": {"scalerank": 0, "featurecla": "Coastline", "min_zoom": 2}, "geometry": {"type": "LineString", "coordinates": [[11.658105, 54.833154], [11.538379, 54.82959], [11.361426, 54.89165], [11.258496, 54.951807], [11.058594, 54.940576], [11.041699, 54.893359], [11.035547, 54.773096], [11.457422, 54.628857], [11.585938, 54.662451], [11.680371, 54.653711], [11.765918, 54.679443], [11.758984, 54.767676], [11.739551, 54.807422], [11.658105, 54.833154]]}}, {"type": "Feature", "properties": {"scalerank": 0, "featurecla": "Coastline", "min_zoom": 4}, "geometry": {"type": "LineString", "coordinates": [[10.346973, 54.905957], [10.265527, 54.948828], [10.199902, 54.962744], [10.215625, 54.940967], [10.340527, 54.858936], [10.417285, 54.837158], [10.484375, 54.847559], [10.504883, 54.860547], [10.413672, 54.896826], [10.346973, 54.905957]]}}, {"type": "Feature", "properties": {"scalerank": 0, "featurecla": "Coastline", "min_zoom": 3}, "geometry": {"type": "LineString", "coordinates": [[9.78125, 55.069043], [9.771191, 55.059912], [9.80625, 54.906006], [9.903906, 54.896631], [9.957129, 54.872461], [10.06123, 54.886377], [10.057715, 54.90791], [9.998828, 54.986475], [9.830371, 55.058252], [9.78125, 55.069043]]}}, {"type": "Feature", "properties": {"scalerank": 0, "featurecla": "Coastline", "min_zoom": 3}, "geometry": {"type": "LineString", "coordinates": [[10.738281, 54.962012], [10.69248, 54.903271], [10.62168, 54.851416], [10.629492, 54.826074], [10.689746, 54.745068], [10.734082, 54.750732], [10.765234, 54.799658], [10.920801, 55.062109], [10.951074, 55.156201], [10.925, 55.157861], [10.856738, 55.052197], [10.738281, 54.962012]]}}, {"type": "Feature", "properties": {"scalerank": 0, "featurecla": "Coastline", "min_zoom": 3}, "geometry": {"type": "LineString", "coordinates": [[10.526953, 55.783789], [10.590332, 55.765088], [10.607324, 55.783057], [10.627344, 55.833887], [10.661719, 55.877588], [10.636328, 55.91416], [10.547168, 55.991943], [10.516113, 55.958545], [10.544336, 55.906592], [10.520313, 55.848486], [10.526953, 55.783789]]}}, {"type": "Feature", "properties": {"scalerank": 0, "featurecla": "Coastline", "min_zoom": 3}, "geometry": {"type": "LineString", "coordinates": [[11.084961, 54.533398], [11.043457, 54.515479], [11.011719, 54.466162], [11.070703, 54.456006], [11.129297, 54.416016], [11.282813, 54.417969], [11.280273, 54.438379], [11.233594, 54.50127], [11.084961, 54.533398]]}}, {"type": "Feature", "properties": {"scalerank": 0, "featurecla": "Coastline", "min_zoom": 3}, "geometry": {"type": "LineString", "coordinates": [[10.93457, 57.308594], [10.873828, 57.262256], [11.011426, 57.229102], [11.052148, 57.252539], [11.076855, 57.276904], [11.174512, 57.3229], [11.085742, 57.329932], [10.93457, 57.308594]]}}, {"type": "Feature", "properties": {"scalerank": 0, "featurecla": "Coastline", "min_zoom": 3}, "geometry": {"type": "LineString", "coordinates": [[8.451465, 55.055371], [8.405176, 55.05874], [8.295703, 54.908301], [8.284668, 54.76709], [8.307715, 54.786963], [8.347363, 54.847607], [8.600586, 54.865381], [8.62959, 54.891748], [8.379883, 54.899854], [8.371191, 54.929395], [8.39043, 54.986279], [8.404102, 55.014746], [8.451465, 55.055371]]}}, {"type": "Feature", "properties": {"scalerank": 0, "featurecla": "Coastline", "min_zoom": 3}, "geometry": {"type": "LineString", "coordinates": [[-1.388672, 46.050391], [-1.388867, 46.032959], [-1.368701, 45.967676], [-1.280273, 45.897119], [-1.213574, 45.816602], [-1.17832, 45.904053], [-1.285059, 46.002686], [-1.388672, 46.050391]]}}, {"type": "Feature", "properties": {"scalerank": 0, "featurecla": "Coastline", "min_zoom": 3}, "geometry": {"type": "LineString", "coordinates": [[-1.312793, 50.773486], [-1.38584, 50.733545], [-1.515674, 50.70332], [-1.563428, 50.666113], [-1.515332, 50.669775], [-1.306299, 50.588525], [-1.251465, 50.588818], [-1.196094, 50.599219], [-1.17583, 50.615234], [-1.149365, 50.655713], [-1.065576, 50.690234], [-1.144238, 50.734717], [-1.312793, 50.773486]]}}, {"type": "Feature", "properties": {"scalerank": 0, "featurecla": "Coastline", "min_zoom": 3}, "geometry": {"type": "LineString", "coordinates": [[4.739844, 53.091309], [4.70918, 53.036035], [4.726758, 53.019629], [4.787109, 52.999805], [4.886133, 53.070703], [4.886426, 53.183301], [4.739844, 53.091309]]}}, {"type": "Feature", "properties": {"scalerank": 0, "featurecla": "Coastline", "min_zoom": 3}, "geometry": {"type": "LineString", "coordinates": [[10.358984, 42.822314], [10.285742, 42.828076], [10.248242, 42.815771], [10.127539, 42.810303], [10.109766, 42.785059], [10.13125, 42.742041], [10.208984, 42.736914], [10.335645, 42.761133], [10.419336, 42.713184], [10.409961, 42.770996], [10.432227, 42.796582], [10.42832, 42.819189], [10.395117, 42.858154], [10.358984, 42.822314]]}}, {"type": "Feature", "properties": {"scalerank": 0, "featurecla": "Coastline", "min_zoom": 4}, "geometry": {"type": "LineString", "coordinates": [[8.366797, 39.115918], [8.358594, 39.098779], [8.360938, 39.038672], [8.421484, 38.968652], [8.478906, 39.067529], [8.440625, 39.090625], [8.366797, 39.115918]]}}, {"type": "Feature", "properties": {"scalerank": 0, "featurecla": "Coastline", "min_zoom": 4}, "geometry": {"type": "LineString", "coordinates": [[8.34375, 41.101611], [8.320215, 41.121875], [8.267383, 41.099121], [8.224023, 41.031299], [8.205664, 40.997461], [8.252734, 40.994141], [8.286035, 41.039844], [8.318945, 41.062744], [8.34375, 41.101611]]}}, {"type": "Feature", "properties": {"scalerank": 0, "featurecla": "Coastline", "min_zoom": 2}, "geometry": {"type": "LineString", "coordinates": [[4.05918, 40.075098], [3.853418, 40.063037], [3.84541, 40.036475], [3.842676, 39.976367], [3.867188, 39.95874], [3.967676, 39.94585], [4.275293, 39.830273], [4.293652, 39.841846], [4.32207, 39.89751], [4.315137, 39.917236], [4.225781, 40.032373], [4.05918, 40.075098]]}}, {"type": "Feature", "properties": {"scalerank": 0, "featurecla": "Coastline", "min_zoom": 3}, "geometry": {"type": "LineString", "coordinates": [[1.417188, 38.739648], [1.401953, 38.711426], [1.405762, 38.670996], [1.50498, 38.670996], [1.571191, 38.658838], [1.593945, 38.67207], [1.592676, 38.701465], [1.496875, 38.711914], [1.436328, 38.768213], [1.417188, 38.739648]]}}, {"type": "Feature", "properties": {"scalerank": 0, "featurecla": "Coastline", "min_zoom": 3}, "geometry": {"type": "LineString", "coordinates": [[1.348633, 39.080811], [1.302539, 39.031152], [1.299805, 38.981738], [1.25625, 38.973389], [1.22334, 38.903857], [1.256934, 38.879004], [1.408984, 38.857275], [1.445215, 38.918701], [1.494531, 38.93252], [1.623633, 39.038818], [1.613184, 39.087402], [1.564453, 39.121045], [1.348633, 39.080811]]}}, {"type": "Feature", "properties": {"scalerank": 0, "featurecla": "Coastline", "min_zoom": 3}, "geometry": {"type": "LineString", "coordinates": [[14.44834, 35.957422], [14.35127, 35.978418], [14.352344, 35.872266], [14.436426, 35.82168], [14.532715, 35.820215], [14.566211, 35.852734], [14.537012, 35.886279], [14.44834, 35.957422]]}}, {"type": "Feature", "properties": {"scalerank": 0, "featurecla": "Coastline", "min_zoom": 4}, "geometry": {"type": "LineString", "coordinates": [[15.231055, 44.062305], [15.06582, 44.157666], [15.074609, 44.137842], [15.121875, 44.093311], [15.24668, 44.027051], [15.231055, 44.062305]]}}, {"type": "Feature", "properties": {"scalerank": 0, "featurecla": "Coastline", "min_zoom": 3}, "geometry": {"type": "LineString", "coordinates": [[14.73916, 45.065479], [14.701172, 45.090039], [14.62998, 45.178027], [14.571094, 45.224756], [14.524609, 45.146826], [14.437891, 45.098633], [14.450391, 45.079199], [14.511719, 45.0354], [14.612988, 45.025439], [14.62832, 44.993945], [14.687012, 44.955615], [14.810254, 44.977051], [14.73916, 45.065479]]}}, {"type": "Feature", "properties": {"scalerank": 0, "featurecla": "Coastline", "min_zoom": 3}, "geometry": {"type": "LineString", "coordinates": [[14.856641, 44.714844], [14.831445, 44.758936], [14.76377, 44.821387], [14.754199, 44.844824], [14.690527, 44.848145], [14.672461, 44.824365], [14.660352, 44.799805], [14.678223, 44.769873], [14.7625, 44.754639], [14.856641, 44.714844]]}}, {"type": "Feature", "properties": {"scalerank": 0, "featurecla": "Coastline", "min_zoom": 3}, "geometry": {"type": "LineString", "coordinates": [[14.912793, 44.48584], [14.996094, 44.434326], [15.038574, 44.393018], [15.097949, 44.358154], [15.162598, 44.30918], [15.188477, 44.335742], [15.213574, 44.347559], [15.239941, 44.350195], [15.112988, 44.435742], [15.006445, 44.534229], [14.898047, 44.61084], [14.855371, 44.618262], [14.803809, 44.648682], [14.741895, 44.697363], [14.760449, 44.664746], [14.884668, 44.544727], [14.912793, 44.48584]]}}, {"type": "Feature", "properties": {"scalerank": 0, "featurecla": "Coastline", "min_zoom": 3}, "geometry": {"type": "LineString", "coordinates": [[14.952539, 44.117188], [14.865039, 44.167969], [14.891309, 44.125537], [15.13584, 43.907275], [15.149805, 43.911816], [15.20166, 43.897754], [15.203027, 43.907715], [15.18877, 43.922363], [14.952539, 44.117188]]}}, {"type": "Feature", "properties": {"scalerank": 0, "featurecla": "Coastline", "min_zoom": 4}, "geometry": {"type": "LineString", "coordinates": [[15.374219, 43.914795], [15.437207, 43.899512], [15.371387, 43.973828], [15.27002, 44.010742], [15.308594, 43.960791], [15.374219, 43.914795]]}}, {"type": "Feature", "properties": {"scalerank": 0, "featurecla": "Coastline", "min_zoom": 3}, "geometry": {"type": "LineString", "coordinates": [[14.467578, 44.725342], [14.452539, 44.869189], [14.467383, 44.970215], [14.39375, 45.03125], [14.369141, 45.080957], [14.358203, 45.167432], [14.33125, 45.16499], [14.28584, 45.144629], [14.340039, 45.019971], [14.342188, 44.979932], [14.302539, 44.94043], [14.312402, 44.900391], [14.388867, 44.758301], [14.419531, 44.670312], [14.480371, 44.62124], [14.488086, 44.660059], [14.48252, 44.693359], [14.467578, 44.725342]]}}, {"type": "Feature", "properties": {"scalerank": 0, "featurecla": "Coastline", "min_zoom": 4}, "geometry": {"type": "LineString", "coordinates": [[17.389551, 42.798633], [17.344141, 42.790381], [17.744238, 42.700342], [17.607813, 42.769043], [17.431934, 42.800391], [17.389551, 42.798633]]}}, {"type": "Feature", "properties": {"scalerank": 0, "featurecla": "Coastline", "min_zoom": 2}, "geometry": {"type": "LineString", "coordinates": [[20.788867, 38.14209], [20.695215, 38.246191], [20.624707, 38.267871], [20.612305, 38.38335], [20.563184, 38.474951], [20.550293, 38.456543], [20.54834, 38.394531], [20.519629, 38.332324], [20.481445, 38.318213], [20.435059, 38.356201], [20.408691, 38.336768], [20.352246, 38.221729], [20.352539, 38.179883], [20.391016, 38.188428], [20.452148, 38.23418], [20.47334, 38.218799], [20.49873, 38.184375], [20.495508, 38.16416], [20.523535, 38.106641], [20.568945, 38.097656], [20.606152, 38.119727], [20.761328, 38.070557], [20.780762, 38.088818], [20.788867, 38.14209]]}}, {"type": "Feature", "properties": {"scalerank": 0, "featurecla": "Coastline", "min_zoom": 3}, "geometry": {"type": "LineString", "coordinates": [[20.839844, 37.840723], [20.758691, 37.852979], [20.691504, 37.929541], [20.619531, 37.855029], [20.635059, 37.823145], [20.703809, 37.743457], [20.818555, 37.664746], [20.909082, 37.732129], [20.993945, 37.708008], [20.888477, 37.805371], [20.839844, 37.840723]]}}, {"type": "Feature", "properties": {"scalerank": 0, "featurecla": "Coastline", "min_zoom": 3}, "geometry": {"type": "LineString", "coordinates": [[20.647852, 38.600977], [20.686719, 38.608691], [20.714844, 38.63833], [20.719629, 38.79917], [20.694141, 38.844238], [20.634668, 38.817578], [20.59248, 38.760156], [20.55791, 38.661865], [20.554688, 38.582568], [20.583984, 38.601709], [20.614355, 38.60625], [20.647852, 38.600977]]}}, {"type": "Feature", "properties": {"scalerank": 0, "featurecla": "Coastline", "min_zoom": 4}, "geometry": {"type": "LineString", "coordinates": [[20.70127, 38.451416], [20.674805, 38.476318], [20.649707, 38.483984], [20.623633, 38.480322], [20.646387, 38.414307], [20.709277, 38.318604], [20.758691, 38.329443], [20.73916, 38.365771], [20.711621, 38.398633], [20.701074, 38.425928], [20.70127, 38.451416]]}}, {"type": "Feature", "properties": {"scalerank": 0, "featurecla": "Coastline", "min_zoom": 3}, "geometry": {"type": "LineString", "coordinates": [[19.955273, 39.47041], [19.927344, 39.505908], [19.903125, 39.6], [19.904102, 39.619482], [19.84668, 39.668115], [19.862207, 39.692627], [19.936816, 39.746729], [19.926074, 39.77373], [19.891699, 39.797266], [19.838574, 39.820117], [19.707324, 39.798096], [19.646484, 39.76709], [19.648926, 39.726172], [19.808887, 39.585303], [19.883984, 39.461523], [19.975, 39.411426], [20.099609, 39.376611], [20.07793, 39.432715], [20.027734, 39.44209], [19.955273, 39.47041]]}}, {"type": "Feature", "properties": {"scalerank": 0, "featurecla": "Coastline", "min_zoom": 4}, "geometry": {"type": "LineString", "coordinates": [[23.511426, 37.901172], [23.550977, 37.925879], [23.534863, 37.970215], [23.515527, 37.986035], [23.483691, 37.991113], [23.462207, 37.980371], [23.439063, 37.940674], [23.419336, 37.93125], [23.435254, 37.911475], [23.466797, 37.902393], [23.511426, 37.901172]]}}, {"type": "Feature", "properties": {"scalerank": 0, "featurecla": "Coastline", "min_zoom": 3}, "geometry": {"type": "LineString", "coordinates": [[22.950488, 36.383936], [22.932617, 36.36875], [22.905664, 36.320312], [22.91084, 36.220996], [22.939453, 36.176221], [23.042188, 36.146387], [23.053809, 36.189795], [23.09707, 36.246582], [22.997852, 36.328125], [22.950488, 36.383936]]}}, {"type": "Feature", "properties": {"scalerank": 0, "featurecla": "Coastline", "min_zoom": 3}, "geometry": {"type": "LineString", "coordinates": [[3.949121, 51.739453], [3.789062, 51.746436], [3.698535, 51.729687], [3.699023, 51.709912], [3.731836, 51.678223], [3.819043, 51.693994], [3.950977, 51.627051], [4.075098, 51.648779], [4.067578, 51.66748], [4.046777, 51.684912], [3.949121, 51.739453]]}}, {"type": "Feature", "properties": {"scalerank": 0, "featurecla": "Coastline", "min_zoom": 4}, "geometry": {"type": "LineString", "coordinates": [[8.509961, 54.760303], [8.468164, 54.757422], [8.417676, 54.738672], [8.400391, 54.714111], [8.453809, 54.691064], [8.548926, 54.688184], [8.587891, 54.712695], [8.573438, 54.74873], [8.509961, 54.760303]]}}, {"type": "Feature", "properties": {"scalerank": 0, "featurecla": "Coastline", "min_zoom": 4}, "geometry": {"type": "LineString", "coordinates": [[6.75459, 53.625488], [6.668555, 53.605664], [6.64209, 53.579199], [6.734766, 53.58252], [6.800879, 53.625488], [6.75459, 53.625488]]}}, {"type": "Feature", "properties": {"scalerank": 0, "featurecla": "Coastline", "min_zoom": 3}, "geometry": {"type": "LineString", "coordinates": [[22.305762, 60.228564], [22.312891, 60.269971], [22.415527, 60.303369], [22.35498, 60.355859], [22.301758, 60.347559], [22.175098, 60.370752], [22.125879, 60.355859], [22.108203, 60.314893], [22.077148, 60.286328], [22.140527, 60.264893], [22.188086, 60.236768], [22.209375, 60.196973], [22.258301, 60.165625], [22.360547, 60.165576], [22.346289, 60.202832], [22.305762, 60.228564]]}}, {"type": "Feature", "properties": {"scalerank": 0, "featurecla": "Coastline", "min_zoom": 3}, "geometry": {"type": "LineString", "coordinates": [[21.214551, 60.603857], [21.244336, 60.525977], [21.3, 60.479785], [21.369043, 60.488232], [21.436914, 60.483057], [21.450879, 60.52959], [21.30127, 60.595557], [21.268066, 60.638281], [21.224707, 60.620605], [21.214551, 60.603857]]}}, {"type": "Feature", "properties": {"scalerank": 0, "featurecla": "Coastline", "min_zoom": 4}, "geometry": {"type": "LineString", "coordinates": [[21.764258, 60.198828], [21.704785, 60.172314], [21.69502, 60.114355], [21.733105, 60.106152], [21.833203, 60.140527], [21.864355, 60.201807], [21.764258, 60.198828]]}}, {"type": "Feature", "properties": {"scalerank": 0, "featurecla": "Coastline", "min_zoom": 4}, "geometry": {"type": "LineString", "coordinates": [[20.569141, 60.069629], [20.490137, 60.074902], [20.42959, 60.061719], [20.397949, 60.040674], [20.41123, 60.030127], [20.4875, 60.032764], [20.521777, 60.01167], [20.603418, 60.016943], [20.611328, 60.040674], [20.569141, 60.069629]]}}, {"type": "Feature", "properties": {"scalerank": 0, "featurecla": "Coastline", "min_zoom": 4}, "geometry": {"type": "LineString", "coordinates": [[21.634082, 60.168994], [21.567969, 60.172314], [21.506738, 60.14834], [21.486035, 60.126807], [21.540625, 60.0979], [21.62832, 60.107812], [21.648145, 60.140869], [21.634082, 60.168994]]}}, {"type": "Feature", "properties": {"scalerank": 0, "featurecla": "Coastline", "min_zoom": 3}, "geometry": {"type": "LineString", "coordinates": [[24.786035, 65.086426], [24.651172, 65.073975], [24.576563, 65.042871], [24.578613, 64.978564], [24.698926, 64.957813], [24.848242, 64.991016], [24.891797, 65.02627], [24.997559, 65.038721], [24.970605, 65.055322], [24.786035, 65.086426]]}}, {"type": "Feature", "properties": {"scalerank": 0, "featurecla": "Coastline", "min_zoom": 4}, "geometry": {"type": "LineString", "coordinates": [[4.861621, 61.193848], [4.824414, 61.178223], [4.799023, 61.082715], [4.870117, 61.071924], [4.958691, 61.08457], [4.973242, 61.148242], [4.91543, 61.199365], [4.861621, 61.193848]]}}, {"type": "Feature", "properties": {"scalerank": 0, "featurecla": "Coastline", "min_zoom": 3}, "geometry": {"type": "LineString", "coordinates": [[8.102734, 63.337598], [8.140918, 63.366406], [8.136133, 63.431348], [8.073535, 63.470801], [7.938379, 63.449805], [7.804004, 63.413916], [7.815332, 63.385059], [7.888281, 63.352344], [8.004688, 63.336914], [8.102734, 63.337598]]}}, {"type": "Feature", "properties": {"scalerank": 0, "featurecla": "Coastline", "min_zoom": 3}, "geometry": {"type": "LineString", "coordinates": [[8.470801, 63.667139], [8.786523, 63.703467], [8.814844, 63.725977], [8.80918, 63.771436], [8.764648, 63.804639], [8.733398, 63.801318], [8.708887, 63.774316], [8.45127, 63.731836], [8.287109, 63.687158], [8.356152, 63.664795], [8.470801, 63.667139]]}}, {"type": "Feature", "properties": {"scalerank": 0, "featurecla": "Coastline", "min_zoom": 3}, "geometry": {"type": "MultiLineString", "coordinates": [[[12.476074, 65.9771], [12.430176, 65.939941], [12.429492, 65.899072], [12.50957, 65.901953], [12.718652, 65.963867], [12.778809, 65.991699], [12.765420167852419, 66.0]], [[12.543243271085322, 66.0], [12.476074, 65.9771]]]}}, {"type": "Feature", "properties": {"scalerank": 0, "featurecla": "Coastline", "min_zoom": 3}, "geometry": {"type": "LineString", "coordinates": [[11.132617, 64.976172], [11.020996, 64.978711], [10.813477, 64.923242], [10.739844, 64.870312], [10.83252, 64.843115], [11.0625, 64.8604], [11.179004, 64.838037], [11.231445, 64.865869], [11.246191, 64.90791], [11.132617, 64.976172]]}}, {"type": "Feature", "properties": {"scalerank": 0, "featurecla": "Coastline", "min_zoom": 3}, "geometry": {"type": "LineString", "coordinates": [[4.955566, 60.243311], [4.996973, 60.197754], [5.089063, 60.18877], [5.08584, 60.307568], [5.050195, 60.388965], [4.990625, 60.452051], [4.957227, 60.447266], [4.930078, 60.412061], [4.950781, 60.341162], [4.943555, 60.272412], [4.955566, 60.243311]]}}, {"type": "Feature", "properties": {"scalerank": 0, "featurecla": "Coastline", "min_zoom": 4}, "geometry": {"type": "LineString", "coordinates": [[11.972363, 65.701562], [11.875391, 65.705908], [11.800391, 65.683887], [11.765137, 65.630957], [11.77832, 65.604541], [11.901855, 65.595703], [11.967969, 65.626514], [12.003223, 65.679443], [11.972363, 65.701562]]}}, {"type": "Feature", "properties": {"scalerank": 0, "featurecla": "Coastline", "min_zoom": 3}, "geometry": {"type": "LineString", "coordinates": [[25.402734, 37.419141], [25.457422, 37.44707], [25.462988, 37.471094], [25.348145, 37.50918], [25.312695, 37.489307], [25.307129, 37.412988], [25.402734, 37.419141]]}}, {"type": "Feature", "properties": {"scalerank": 0, "featurecla": "Coastline", "min_zoom": 4}, "geometry": {"type": "LineString", "coordinates": [[24.483789, 37.210205], [24.441211, 37.186865], [24.424805, 37.131982], [24.486523, 37.110059], [24.523535, 37.125098], [24.535938, 37.167676], [24.529102, 37.192334], [24.483789, 37.210205]]}}, {"type": "Feature", "properties": {"scalerank": 0, "featurecla": "Coastline", "min_zoom": 0}, "geometry": {"type": "MultiLineString", "coordinates": [[[54.710059, 40.891113], [54.685059, 40.873047], [54.657031, 40.85835], [54.54707, 40.832275], [54.374414, 40.871387], [54.319434, 40.83457], [54.33623, 40.764941], [54.377344, 40.693262], [54.329883, 40.68877], [54.283301, 40.693701], [54.192969, 40.72041], [54.088867, 40.70708], [53.87002, 40.648682], [53.76377, 40.665674], [53.69375, 40.746436], [53.615234, 40.818506], [53.520313, 40.831055], [53.423633, 40.792773], [53.33291, 40.782715], [53.191992, 40.809473], [53.145215, 40.824951], [53.05957, 40.889746], [52.997656, 40.959863], [52.943457, 41.038086], [52.889258, 40.863477], [52.849902, 40.685645], [52.784766, 40.546729], [52.733691, 40.39873], [52.744434, 40.219775], [52.804688, 40.054004], [52.898242, 39.9125], [52.964844, 39.833887], [53.035547, 39.774414], [52.952148, 39.895459], [52.9875, 39.987598], [53.138574, 39.978662], [53.288574, 39.958008], [53.404199, 39.960352], [53.454297, 39.940869], [53.487305, 39.909375], [53.458301, 39.831201], [53.450488, 39.748535], [53.472266, 39.668799], [53.533301, 39.641748], [53.582422, 39.607422], [53.603125, 39.546973], [53.497363, 39.533301], [53.389648, 39.536426], [53.30498, 39.55708], [53.235645, 39.608545], [53.124805, 39.43208], [53.124023, 39.34668], [53.156641, 39.26499], [53.20332, 39.316797], [53.266797, 39.342627], [53.336328, 39.34082], [53.475, 39.305713], [53.539453, 39.274072], [53.617578, 39.215967], [53.70459, 39.20957], [53.709766, 39.153418], [53.724121, 39.103076], [53.814941, 39.018018], [53.868652, 38.949268], [53.885352, 38.864062], [53.87373, 38.741943], [53.851562, 38.621777], [53.840039, 38.514941], [53.851855, 38.405908], [53.854102, 38.285645], [53.825195, 38.046924], [53.823535, 37.92793], [53.847852, 37.66958], [53.897852, 37.413574], [53.91416, 37.343555], [53.951953, 37.181738], [54.017188, 36.95249], [54.023828, 36.901318], [54.016211, 36.849658], [53.970117, 36.818311], [53.90625, 36.812695], [53.76875, 36.818457], [53.679492, 36.853125], [53.827441, 36.881201], [53.91543, 36.930322], [53.767676, 36.930322], [53.374121, 36.86875], [52.190137, 36.621729], [51.762012, 36.614502], [51.118555, 36.742578], [50.927441, 36.810205], [50.533203, 37.013672], [50.337891, 37.14917], [50.214063, 37.3396], [50.17627, 37.380518], [50.130469, 37.407129], [49.980664, 37.444873], [49.726953, 37.480518], [49.470117, 37.49668], [49.372461, 37.519971], [49.171191, 37.600586], [49.080957, 37.667578], [49.015332, 37.776074], [48.959961, 37.890137], [48.925098, 38.015137], [48.901367, 38.143652], [48.870703, 38.392529], [48.86875, 38.435498], [48.850879, 38.815332], [48.854492, 38.838818], [48.926172, 38.961768], [48.961719, 39.07876], [49.013477, 39.133984], [49.111328, 39.084717], [49.108691, 39.029053], [49.120996, 39.003906], [49.165332, 39.030273], [49.199805, 39.072656], [49.269336, 39.285156], [49.321191, 39.328906], [49.362793, 39.349561], [49.367383, 39.398389], [49.327539, 39.501221], [49.324414, 39.60835], [49.415137, 39.839844], [49.477344, 40.087256], [49.551172, 40.194141], [49.669043, 40.249023], [49.791992, 40.287891], [49.918848, 40.316406], [50.143164, 40.323242], [50.365918, 40.279492], [50.306836, 40.412207], [50.248047, 40.461768], [50.18252, 40.504785], [50.119141, 40.534521], [49.990625, 40.576807], [49.851758, 40.577197], [49.775977, 40.583984], [49.718359, 40.608105], [49.556152, 40.716309], [49.456738, 40.799854], [49.226465, 41.026221], [49.174707, 41.116113], [49.143262, 41.217773], [49.106641, 41.301709], [49.050879, 41.373975], [48.823926, 41.62959], [48.664648, 41.786621], [48.572852, 41.844482], [48.476758, 41.905127], [48.426367, 41.923975], [48.383789, 41.953418], [48.303027, 42.080225], [48.228613, 42.180957], [48.080176, 42.353711], [47.822363, 42.613477], [47.769727, 42.644775], [47.727734, 42.680713], [47.709082, 42.810937], [47.634863, 42.903467], [47.529004, 42.967139], [47.488867, 42.999756], [47.463184, 43.035059], [47.512891, 43.21875], [47.511621, 43.270752], [47.489844, 43.381689], [47.508984, 43.509717], [47.567969, 43.684961], [47.627832, 43.805957], [47.646484, 43.884619], [47.562598, 43.834668], [47.462793, 43.555029], [47.429199, 43.779883], [47.361523, 43.993359], [47.307031, 44.103125], [47.229883, 44.192383], [47.122656, 44.26167], [47.023633, 44.343262], [46.915723, 44.387158], [46.753027, 44.420654], [46.720898, 44.45166], [46.707227, 44.50332], [46.716113, 44.560693], [46.755273, 44.656543], [46.841211, 44.718262], [46.957422, 44.782568], [46.983691, 44.825586], [47.00293, 44.876074], [47.039258, 44.837891], [47.083789, 44.816992], [47.114746, 44.905957], [47.161523, 44.969629], [47.221484, 45.024268], [47.296191, 45.149463], [47.35127, 45.217725], [47.391113, 45.294775], [47.413086, 45.421045], [47.454492, 45.433057], [47.488672, 45.455078], [47.514551, 45.490918], [47.529492, 45.530225], [47.524219, 45.601709], [47.463281, 45.679688], [47.479395, 45.687598], [47.508398, 45.67417], [47.574023, 45.634277], [47.633301, 45.584033], [47.649805, 45.656738], [47.701074, 45.686182], [47.763965, 45.665967], [47.830176, 45.663037], [48.052832, 45.720996], [48.15918, 45.737012], [48.257617, 45.777783], [48.487012, 45.934863], [48.537305, 45.942139], [48.589063, 45.934863], [48.637402, 45.905762], [48.689648, 45.888867], [48.72959, 45.896826], [48.749609, 45.920557], [48.703418, 45.976221], [48.687305, 46.02876], [48.683691, 46.086182], [48.742578, 46.100732], [48.809961, 46.100488], [49.07959, 46.189209], [49.110645, 46.228467], [49.125488, 46.281738], [49.245898, 46.291602], [49.232227, 46.337158], [49.205664, 46.385693], [49.28584, 46.436816], [49.362109, 46.410205], [49.344238, 46.485547], [49.347461, 46.519141], [49.437207, 46.537256], [49.584375, 46.545215], [49.631543, 46.567578], [49.760547, 46.571484], [49.886328, 46.595654], [49.999805, 46.634277], [50.101562, 46.696436], [50.30625, 46.794922], [50.419336, 46.879492], [50.472266, 46.88291], [50.528418, 46.873291], [50.58291, 46.882275], [50.679883, 46.938721], [50.732715, 46.95166], [50.92002, 47.040674], [51.178027, 47.110156], [51.29082, 47.097314], [51.615234, 47.029932], [51.650098, 47.018066], [51.744531, 46.93374], [51.945117, 46.894873], [52.011133, 46.901904], [52.085547, 46.8396], [52.138281, 46.828613], [52.18877, 46.839502], [52.340332, 46.894775], [52.384863, 46.922119], [52.420313, 46.963672], [52.483203, 46.990674], [52.677637, 46.957129], [52.916016, 46.954395], [53.03457, 46.89292], [53.069434, 46.856055], [53.1375, 46.742041], [53.170215, 46.669043], [53.132422, 46.60835], [53.078516, 46.547461], [53.063965, 46.475293], [53.108984, 46.414062], [53.135254, 46.19165], [53.041602, 45.967871], [52.8875, 45.779541], [52.773828, 45.572754], [52.8375, 45.496729], [53.085742, 45.407373], [53.200391, 45.331982], [53.078906, 45.30752], [52.910742, 45.319727], [52.771973, 45.343506], [52.531055, 45.398633], [52.426758, 45.404639], [52.04873, 45.388379], [51.732617, 45.399463], [51.539648, 45.342871], [51.415723, 45.357861], [51.333398, 45.27959], [51.294043, 45.229785], [51.249902, 45.12168], [51.153711, 45.040234], [51.040332, 44.980322], [51.009375, 44.921826], [51.020703, 44.854004], [51.05791, 44.811572], [51.218164, 44.708984], [51.310254, 44.61875], [51.366309, 44.599854], [51.431055, 44.601953], [51.49375, 44.577539], [51.543555, 44.531006], [51.37666, 44.541211], [51.310742, 44.532422], [51.177148, 44.501367], [51.110742, 44.507812], [51.048828, 44.530469], [50.860352, 44.62876], [50.652441, 44.63335], [50.409473, 44.624023], [50.297461, 44.581543], [50.264551, 44.526562], [50.25293, 44.461523], [50.252539, 44.406494], [50.275586, 44.355127], [50.331152, 44.325488], [50.471777, 44.294775], [50.684961, 44.265088], [50.782617, 44.228027], [50.830762, 44.192773], [50.939844, 43.958545], [51.064844, 43.750146], [51.139648, 43.648779], [51.238965, 43.576709], [51.274121, 43.53291], [51.301758, 43.482373], [51.313867, 43.42085], [51.313379, 43.355664], [51.292383, 43.230713], [51.29541, 43.174121], [51.347852, 43.167383], [51.514063, 43.170508], [51.616016, 43.158447], [51.700391, 43.104053], [51.785156, 43.004346], [51.811035, 42.954443], [51.844141, 42.910449], [51.898242, 42.869629], [51.960742, 42.850586], [52.018555, 42.860547], [52.075586, 42.879785], [52.183691, 42.86875], [52.273047, 42.799805], [52.324414, 42.816162], [52.434277, 42.824463], [52.493945, 42.820264], [52.55, 42.805469], [52.596582, 42.760156], [52.638477, 42.555664], [52.618359, 42.428223], [52.573242, 42.330859], [52.517188, 42.237158], [52.462109, 42.100635], [52.458594, 42.04834], [52.467578, 41.885889], [52.493848, 41.780371], [52.609375, 41.529443], [52.747266, 41.36543], [52.825586, 41.230859], [52.850391, 41.200293], [52.861816, 41.210059], [52.830176, 41.341895], [52.882227, 41.613672], [52.883496, 41.652539], [52.814844, 41.711816], [52.905273, 41.895752], [52.97002, 41.976221], [53.108301, 42.070068], [53.16416, 42.093799], [53.284961, 42.081836], [53.495898, 42.120166], [53.624902, 42.136377], [53.752344, 42.129395], [53.804688, 42.117627], [53.846484, 42.091162], [53.953809, 41.868457], [53.995215, 41.772559], [54.039844, 41.643359], [54.094824, 41.519385], [54.181055, 41.431592], [54.28457, 41.363721], [54.592188, 41.193555], [54.671484, 41.122168], [54.703711, 41.071143], [54.717969, 41.012988], [54.723242, 40.95127], [54.710059, 40.891113]], [[40.88442818365806, 66.0], [40.774414, 65.987891], [40.691602, 65.963428], [40.512793, 65.843799], [40.327832, 65.751709], [39.816504, 65.597949], [39.781152, 65.534717], [39.749121, 65.447949], [39.798047, 65.349854], [39.896484, 65.254785], [40.142676, 65.063281], [40.28125, 64.998096], [40.375391, 64.896289], [40.444922, 64.778711], [40.407813, 64.754883], [40.203711, 64.784033], [40.057813, 64.770752], [39.848633, 64.690527], [39.833008, 64.656396], [39.758008, 64.577051], [39.567383, 64.570557], [39.053516, 64.713916], [38.613086, 64.78667], [38.540918, 64.79126], [38.441992, 64.827148], [38.412109, 64.85708], [38.228223, 64.851221], [38.115723, 64.85459], [38.009375, 64.87876], [37.528125, 65.108252], [37.14082, 65.194287], [37.050195, 65.195898], [36.882812, 65.172363], [36.785938, 64.987158], [36.65293, 64.935449], [36.53457, 64.938623], [36.528223, 64.847363], [36.578711, 64.790967], [36.624219, 64.750537], [36.769336, 64.685254], [37.04043, 64.48916], [37.183691, 64.408496], [37.289551, 64.37793], [37.42959, 64.373584], [37.740625, 64.396973], [37.843555, 64.366309], [37.953711, 64.320117], [37.977148, 64.207031], [38.062207, 64.091016], [38.070801, 64.02583], [37.967969, 63.949121], [37.635352, 63.893408], [37.442188, 63.813379], [37.372754, 63.816748], [36.975195, 63.909521], [36.71377, 63.945068], [36.364941, 64.002832], [36.301953, 64.034375], [36.146484, 64.189014], [35.802051, 64.335352], [35.64707, 64.37832], [35.432031, 64.346777], [35.284082, 64.362549], [35.035352, 64.440234], [34.869531, 64.56001], [34.858301, 64.706689], [34.905469, 64.738672], [34.952246, 64.755957], [34.832617, 64.800195], [34.827148, 64.912695], [34.803516, 64.985986], [34.671094, 65.168115], [34.535938, 65.27793], [34.406445, 65.395752], [34.544141, 65.456689], [34.615723, 65.509912], [34.715527, 65.664062], [34.734766, 65.716309], [34.776953, 65.768262], [34.793164, 65.816357], [34.786328, 65.864551], [34.691797, 65.951855], [34.6121769502727, 66.0]], [[12.993461754158787, 66.0], [13.033105, 65.95625], [12.983008, 65.941602], [12.816797, 65.952881], [12.688867, 65.902197], [12.627734, 65.806152], [12.344824, 65.630176], [12.272852, 65.568164], [12.20625, 65.48623], [12.122168, 65.362354], [12.133887, 65.27915], [12.199609, 65.245459], [12.263379, 65.256104], [12.333984, 65.240723], [12.363867, 65.193311], [12.417578, 65.184082], [12.511719, 65.195312], [12.715332, 65.266357], [12.819824, 65.31748], [12.915527, 65.339258], [12.738379, 65.214404], [12.508398, 65.099414], [12.306543, 65.085986], [12.226562, 65.145361], [12.159668, 65.178955], [11.489355, 64.97583], [11.349902, 64.905908], [11.303516, 64.829395], [11.296777, 64.754785], [11.39248, 64.772998], [11.561719, 64.818262], [11.63291, 64.813916], [11.523828, 64.744385], [11.331348, 64.685937], [11.225391, 64.679492], [11.09043, 64.614551], [10.932324, 64.577734], [10.833984, 64.494482], [10.565625, 64.418311], [10.23623, 64.179639], [10.009961, 64.083154], [9.939453, 63.981738], [9.864453, 63.917822], [9.708008, 63.864893], [9.614746, 63.794824], [9.567285, 63.706152], [9.594629, 63.678955], [9.657227, 63.697314], [9.76748, 63.699512], [9.832324, 63.616504], [9.892773, 63.576221], [9.924023, 63.521777], [10.055078, 63.512695], [10.33916, 63.571045], [10.934863, 63.770215], [11.047266, 63.845215], [10.966699, 63.901562], [10.914258, 63.921094], [11.075195, 63.988135], [11.213574, 64.030518], [11.306641, 64.048877], [11.429199, 64.024512], [11.457617, 64.002979], [11.294629, 63.948193], [11.175586, 63.898877], [11.213867, 63.878125], [11.307617, 63.875732], [11.347949, 63.837695], [11.370703, 63.804834], [11.225781, 63.763818], [11.117871, 63.719189], [10.952539, 63.698193], [10.779199, 63.651172], [10.725293, 63.625], [10.673633, 63.558008], [10.706738, 63.536328], [10.760156, 63.461279], [10.704492, 63.463574], [10.590918, 63.447217], [10.340039, 63.469336], [10.188574, 63.454785], [10.080566, 63.432715], [10.020996, 63.39082], [9.979199, 63.395264], [9.936035, 63.478857], [9.891504, 63.492041], [9.832227, 63.52417], [9.696875, 63.624561], [9.602246, 63.60957], [9.520703, 63.585693], [9.323633, 63.570361], [9.156055, 63.459326], [9.08418, 63.463428], [9.075879, 63.500391], [9.158105, 63.56626], [9.13584, 63.593652], [8.842383, 63.645898], [8.673633, 63.622607], [8.576172, 63.601172], [8.398145, 63.535107], [8.360742, 63.498877], [8.386523, 63.445264], [8.480176, 63.42417], [8.59375, 63.426123], [8.641016, 63.39209], [8.635547, 63.342334], [8.580176, 63.313379], [8.271484, 63.286572], [8.184473, 63.236523], [8.158008, 63.161523], [8.235156, 63.082178], [8.338574, 63.042187], [8.60918, 62.880566], [8.623145, 62.84624], [8.310547, 62.965527], [8.211133, 62.995508], [8.100586, 63.090967], [7.860352, 63.112793], [7.736035, 63.103857], [7.654297, 63.10918], [7.571875, 63.099512], [7.389063, 63.023291], [7.008496, 62.957666], [6.94043, 62.930469], [6.928223, 62.902734], [6.781543, 62.789648], [6.734961, 62.720703], [6.77998, 62.700732], [7.024902, 62.728809], [7.11084, 62.752002], [7.24209, 62.752344], [7.408398, 62.711768], [8.045508, 62.77124], [8.095508, 62.731836], [7.804688, 62.720996], [7.538379, 62.67207], [7.518164, 62.645508], [7.527441, 62.610303], [7.690723, 62.585596], [7.653125, 62.564014], [7.570117, 62.548193], [7.491797, 62.542822], [7.283789, 62.602295], [6.961133, 62.626758], [6.744629, 62.637891], [6.618359, 62.621289], [6.439453, 62.609668], [6.35293, 62.611133], [6.272852, 62.583838], [6.2375, 62.519922], [6.164746, 62.482422], [6.118457, 62.447168], [6.136133, 62.407471], [6.261719, 62.416309], [6.457129, 62.448096], [6.692383, 62.468066], [6.62002, 62.423291], [6.580078, 62.407275], [6.208984, 62.352783], [6.083496, 62.349609], [6.025586, 62.375684], [5.979785, 62.407129], [5.908301, 62.416016], [5.796289, 62.384668], [5.718164, 62.378906], [5.533301, 62.310889], [5.484277, 62.239111], [5.422363, 62.207373], [5.357715, 62.151709], [5.293848, 62.153906], [5.240918, 62.188672], [5.143164, 62.159912], [5.096484, 62.02666], [5.15957, 61.956982], [5.266895, 61.935596], [5.473047, 61.945605], [5.664453, 61.9229], [6.131152, 61.852441], [6.395898, 61.850977], [6.682324, 61.887012], [6.730762, 61.869775], [6.466699, 61.807422], [6.01582, 61.7875], [5.793262, 61.8271], [5.465332, 61.896924], [5.116992, 61.8854], [4.985059, 61.900439], [4.930078, 61.87832], [4.910352, 61.80957], [4.927832, 61.710693], [4.99668, 61.645215], [5.099414, 61.620166], [5.167578, 61.543359], [5.267578, 61.505029], [5.338672, 61.485498], [5.258301, 61.455469], [5.172461, 61.457129], [5.002734, 61.433594], [4.989941, 61.377686], [5.02168, 61.250586], [5.106738, 61.187549], [5.324609, 61.108252], [5.45127, 61.102344], [5.646777, 61.147607], [6.08252, 61.167285], [6.383496, 61.133887], [6.492578, 61.15459], [6.543066, 61.244531], [6.599902, 61.289648], [6.625879, 61.279297], [6.610254, 61.229102], [6.657031, 61.206592], [6.794336, 61.190381], [6.942578, 61.160547], [7.173535, 61.165967], [7.275977, 61.180957], [7.298047, 61.213623], [7.27627, 61.283936], [7.331152, 61.372021], [7.442578, 61.434619], [7.452539, 61.419238], [7.346582, 61.300586], [7.403906, 61.222168], [7.604492, 61.210547], [7.54502, 61.177148], [7.040137, 61.091162], [7.04668, 61.015283], [7.07793, 60.966309], [7.038672, 60.95293], [6.980566, 60.994141], [6.97207, 61.055957], [6.903418, 61.102148], [6.777832, 61.142432], [6.609863, 61.137012], [6.417969, 61.084277], [6.292578, 61.080957], [5.983984, 61.117334], [5.505273, 61.056104], [5.288184, 61.047168], [5.19248, 61.053711], [5.09541, 61.071338], [5.008594, 61.038184], [5.024609, 60.936133], [5.010742, 60.858545], [5.049121, 60.70752], [5.11582, 60.635986], [5.244043, 60.56958], [5.447363, 60.617334], [5.589355, 60.694287], [5.64834, 60.687988], [5.546484, 60.624561], [5.168164, 60.484814], [5.137109, 60.445605], [5.183594, 60.308398], [5.28584, 60.205713], [5.417383, 60.154102], [5.573828, 60.158496], [5.657617, 60.154102], [5.688574, 60.123193], [5.494531, 60.070312], [5.376465, 60.067236], [5.26543, 60.086475], [5.205664, 60.087939], [5.174414, 60.045703], [5.219531, 59.97876], [5.187109, 59.90708], [5.119238, 59.833691], [5.104883, 59.731689], [5.110742, 59.667822], [5.145801, 59.638818], [5.186035, 59.642285], [5.234473, 59.691797], [5.263867, 59.709766], [5.353418, 59.760107], [5.494531, 59.825586], [5.557031, 59.907764], [5.698828, 60.01001], [5.800879, 60.026221], [5.876563, 60.07002], [5.904395, 60.150635], [5.967383, 60.205566], [6.101758, 60.290137], [6.15332, 60.34624], [6.346973, 60.419092], [6.806348, 60.500781], [6.995703, 60.511963], [6.949707, 60.478223], [6.787109, 60.454102], [6.719922, 60.418164], [6.660938, 60.367236], [6.526855, 60.15293], [6.526367, 60.213623], [6.573633, 60.360596], [6.518066, 60.407568], [6.34873, 60.352979], [6.140527, 60.233496], [6.105176, 60.165137], [6.111816, 60.13208], [6.069922, 60.083496], [5.996484, 60.031494], [5.783594, 59.912793], [5.730469, 59.863086], [5.763477, 59.80791], [5.833984, 59.794678], [5.966699, 59.813184], [6.059277, 59.815576], [6.211914, 59.831787], [6.216602, 59.818359], [5.991016, 59.744678], [5.867285, 59.733984], [5.772168, 59.660938], [5.579492, 59.686621], [5.529688, 59.713086], [5.472461, 59.713086], [5.403516, 59.655762], [5.304883, 59.642578], [5.242188, 59.564307], [5.185059, 59.453662], [5.131641, 59.226465], [5.173242, 59.162549], [5.362305, 59.166357], [5.467578, 59.203809], [5.564063, 59.291211], [5.657324, 59.310254], [5.717969, 59.329834], [5.845215, 59.353467], [6.017383, 59.414453], [6.158594, 59.489648], [6.278516, 59.534521], [6.403906, 59.560986], [6.415332, 59.547119], [6.305664, 59.505566], [6.198926, 59.438086], [6.050684, 59.368164], [5.951855, 59.299072], [5.937305, 59.233984], [5.968555, 59.186133], [5.94873, 59.135449], [5.88916, 59.097949], [5.88916, 59.060498], [6.016992, 58.987695], [6.099414, 58.951953], [6.321094, 59.016455], [6.363281, 59.000928], [6.21416, 58.944678], [6.137305, 58.874658], [6.099023, 58.870264], [5.854297, 58.959473], [5.612207, 59.012891], [5.555566, 58.975195], [5.522461, 58.822656], [5.517285, 58.726514], [5.585938, 58.62041], [5.706836, 58.523633], [5.976562, 58.432324], [6.054688, 58.375146], [6.389063, 58.267969], [6.491504, 58.259424], [6.617578, 58.266406], [6.659863, 58.262744], [6.676758, 58.233789], [6.69248, 58.224023], [6.605762, 58.176367], [6.555078, 58.123437], [6.590527, 58.097314], [6.731445, 58.068311], [6.766797, 58.081543], [6.771094, 58.132227], [6.802832, 58.154541], [6.877051, 58.150732], [6.912305, 58.142871], [6.895313, 58.120752], [6.890234, 58.102295], [6.903418, 58.070508], [7.004883, 58.024219], [7.194141, 58.047656], [7.465918, 58.020947], [7.875586, 58.07998], [8.037402, 58.147266], [8.166113, 58.145313], [8.312207, 58.224463], [8.521387, 58.300586], [8.928418, 58.569971], [9.178125, 58.675], [9.19375, 58.711865], [9.238672, 58.739014], [9.322949, 58.747559], [9.395801, 58.805664], [9.309961, 58.856836], [9.551074, 58.933008], [9.618457, 58.946045], [9.656934, 58.971191], [9.696094, 59.009717], [9.627148, 59.06792], [9.557227, 59.112695], [9.635156, 59.117773], [9.800195, 59.027051], [9.842578, 58.958496], [9.95957, 58.968213], [10.083105, 59.028809], [10.179395, 59.009277], [10.205176, 59.038672], [10.243164, 59.062061], [10.431348, 59.279639], [10.45459, 59.37749], [10.446387, 59.443604], [10.407129, 59.455664], [10.398145, 59.519336], [10.49375, 59.541504], [10.569531, 59.587109], [10.533887, 59.695801], [10.595313, 59.764551], [10.604492, 59.680029], [10.634375, 59.60249], [10.631055, 59.428174], [10.644922, 59.389209], [10.742578, 59.295996], [10.834473, 59.183936], [10.94502, 59.17085], [10.998926, 59.164453], [11.09082, 59.141797], [11.132129, 59.143213], [11.365918, 59.104541], [11.386426, 59.065723], [11.388281, 59.036523], [11.295313, 59.086865], [11.195801, 59.078271], [11.166895, 59.045557], [11.147168, 58.988623], [11.169141, 58.922705], [11.20791, 58.866406], [11.223828, 58.679932], [11.271582, 58.475635], [11.252051, 58.424072], [11.248242, 58.369141], [11.32998, 58.380322], [11.431543, 58.33999], [11.449316, 58.118359], [11.549023, 58.001221], [11.703223, 57.973193], [11.729102, 57.764453], [11.734961, 57.717676], [11.878711, 57.679443], [11.885059, 57.612695], [11.916992, 57.521924], [11.961523, 57.426074], [12.053223, 57.446973], [12.151855, 57.226953], [12.421484, 56.906396], [12.572656, 56.823291], [12.717578, 56.662842], [12.793164, 56.64917], [12.883691, 56.617725], [12.919531, 56.515576], [12.857422, 56.452393], [12.773145, 56.455762], [12.656445, 56.440576], [12.691113, 56.384424], [12.742188, 56.346875], [12.80166, 56.263916], [12.752832, 56.242139], [12.706348, 56.23501], [12.507031, 56.292969], [12.471191, 56.290527], [12.520996, 56.245557], [12.592578, 56.137598], [12.83457, 55.881836], [12.941992, 55.806055], [12.973926, 55.748145], [12.978027, 55.693799], [12.963379, 55.612598], [12.93877, 55.533203], [12.940625, 55.481592], [12.88584, 55.411377], [13.321387, 55.346387], [13.806348, 55.428564], [14.07998, 55.392187], [14.17373, 55.396631], [14.341699, 55.527734], [14.276465, 55.636377], [14.20293, 55.72915], [14.215039, 55.832617], [14.261914, 55.887549], [14.401953, 55.976758], [14.473242, 56.014355], [14.558594, 56.048633], [14.655566, 56.019922], [14.754785, 56.033154], [14.713965, 56.134131], [14.782031, 56.161914], [15.051172, 56.172217], [15.326563, 56.15083], [15.509668, 56.183008], [15.626563, 56.185596], [15.722266, 56.164209], [15.82666, 56.124951], [15.920313, 56.167383], [15.99668, 56.222607], [16.150684, 56.50083], [16.216504, 56.58999], [16.34873, 56.709277], [16.407813, 56.808691], [16.45752, 56.926807], [16.52793, 57.068164], [16.507324, 57.141699], [16.479492, 57.187695], [16.475977, 57.265137], [16.630859, 57.430176], [16.652246, 57.500684], [16.604199, 57.568311], [16.583789, 57.641748], [16.58623, 57.760937], [16.555371, 57.812256], [16.596973, 57.912891], [16.694922, 57.917529], [16.700098, 58.160791], [16.769922, 58.214258], [16.716602, 58.302881], [16.651953, 58.434326], [16.824316, 58.459619], [16.923828, 58.492578], [16.788477, 58.585254], [16.683008, 58.599658], [16.478027, 58.612891], [16.39082, 58.601855], [16.318066, 58.62832], [16.214258, 58.63667], [16.31582, 58.663623], [16.639355, 58.651172], [16.978125, 58.65415], [17.102832, 58.71084], [17.347656, 58.780518], [17.456738, 58.858398], [17.669629, 58.916211], [17.76543, 58.965039], [17.829004, 58.95459], [17.974609, 59.002637], [18.098145, 59.062305], [18.285352, 59.109375], [18.321973, 59.132227], [18.373047, 59.179736], [18.414258, 59.290332], [18.498633, 59.291943], [18.617578, 59.327051], [18.560254, 59.394482], [18.508887, 59.407959], [18.45918, 59.396729], [18.395801, 59.368604], [18.336035, 59.375342], [18.270508, 59.367139], [18.210547, 59.331445], [18.132617, 59.316211], [17.979785, 59.329053], [17.964258, 59.359375], [18.163574, 59.430371], [18.216895, 59.420508], [18.276465, 59.437646], [18.338086, 59.476855], [18.402441, 59.490381], [18.578125, 59.565771], [18.639941, 59.600928], [18.71875, 59.657373], [18.895605, 59.732959], [18.970508, 59.757227], [18.99043, 59.827783], [18.933203, 59.942285], [18.884277, 59.980176], [18.852734, 60.025879], [18.787012, 60.079492], [18.601172, 60.119238], [18.535449, 60.152881], [18.55752, 60.253564], [18.4, 60.337109], [18.250488, 60.361523], [18.1625, 60.40791], [18.011328, 60.511426], [17.955762, 60.589795], [17.871582, 60.580078], [17.742188, 60.539307], [17.661133, 60.535156], [17.630762, 60.585254], [17.593066, 60.627686], [17.555469, 60.642725], [17.457031, 60.641797], [17.359863, 60.64082], [17.250977, 60.700781], [17.26123, 60.763184], [17.278906, 60.812158], [17.20293, 60.951855], [17.212891, 60.98584], [17.185742, 61.146533], [17.179785, 61.249268], [17.163867, 61.278271], [17.199609, 61.311963], [17.17793, 61.357617], [17.137988, 61.381689], [17.164258, 61.458301], [17.146582, 61.504639], [17.130762, 61.575732], [17.215625, 61.656348], [17.196387, 61.724561], [17.33457, 61.691699], [17.46543, 61.684473], [17.417285, 61.740674], [17.398242, 61.78208], [17.374512, 61.866309], [17.412012, 61.966113], [17.446582, 62.022656], [17.510156, 62.166309], [17.562891, 62.212305], [17.633691, 62.233008], [17.535254, 62.263672], [17.429004, 62.334717], [17.37334, 62.426514], [17.378418, 62.462793], [17.410254, 62.508398], [17.508984, 62.48252], [17.570605, 62.451025], [17.646387, 62.450879], [17.717773, 62.500879], [17.834473, 62.502734], [17.94707, 62.578467], [18.037305, 62.600537], [18.006543, 62.62627], [17.930469, 62.640625], [17.903027, 62.659473], [17.940723, 62.679883], [17.974414, 62.721045], [17.93291, 62.786133], [17.895605, 62.830518], [17.87959, 62.873193], [17.906641, 62.886768], [17.951074, 62.833887], [18.093555, 62.836035], [18.07793, 62.811963], [18.074414, 62.790674], [18.17002, 62.789355], [18.214941, 62.812207], [18.248047, 62.849072], [18.463086, 62.89585], [18.482617, 62.92832], [18.486914, 62.958594], [18.502051, 62.988867], [18.312891, 62.996387], [18.344238, 63.032129], [18.407715, 63.0375], [18.530664, 63.063525], [18.577637, 63.126416], [18.606445, 63.178271], [18.667188, 63.176563], [18.75957, 63.198242], [18.819434, 63.197266], [18.858984, 63.206592], [18.850195, 63.224121], [18.792285, 63.238135], [18.816699, 63.257471], [19.034375, 63.237744], [19.236328, 63.347363], [19.288086, 63.42876], [19.354297, 63.47749], [19.494629, 63.424365], [19.490918, 63.460205], [19.502344, 63.509033], [19.590039, 63.487256], [19.655762, 63.458008], [19.72207, 63.46333], [19.781641, 63.538184], [19.913672, 63.610547], [20.204688, 63.662451], [20.371387, 63.7229], [20.453711, 63.77373], [20.677637, 63.82627], [20.762695, 63.867822], [21.018457, 64.177979], [21.255762, 64.29917], [21.465039, 64.37959], [21.494336, 64.416113], [21.519629, 64.463086], [21.393848, 64.544336], [21.331543, 64.629346], [21.279297, 64.724707], [21.20498, 64.774316], [21.138184, 64.808691], [21.195898, 64.876904], [21.29375, 64.94126], [21.424902, 65.012695], [21.573926, 65.125781], [21.580664, 65.160791], [21.545996, 65.206982], [21.506348, 65.245361], [21.437793, 65.282959], [21.410352, 65.317432], [21.446875, 65.32085], [21.566895, 65.254541], [21.60918, 65.261377], [21.612695, 65.299121], [21.595996, 65.316553], [21.545215, 65.331152], [21.523438, 65.358594], [21.532617, 65.386572], [21.565527, 65.408105], [21.680664, 65.403369], [21.87959, 65.424023], [21.913477, 65.437109], [21.95, 65.470361], [21.903125, 65.50835], [21.920117, 65.532373], [22.086719, 65.530225], [22.147559, 65.552881], [22.132812, 65.570117], [22.096289, 65.583789], [22.08623, 65.610938], [22.254004, 65.597559], [22.266602, 65.621533], [22.275, 65.725], [22.287598, 65.750635], [22.335938, 65.791162], [22.366309, 65.842676], [22.400977, 65.862109], [22.465137, 65.852637], [22.538574, 65.794336], [22.620313, 65.806543], [22.746582, 65.870947], [22.919336, 65.786475], [23.102344, 65.735352], [23.15459, 65.749902], [23.221094, 65.786133], [23.418359, 65.804346], [23.59209, 65.805322], [23.691406, 65.828516], [23.890527, 65.782227], [24.155469, 65.805273], [24.2375, 65.812354], [24.404297, 65.780469], [24.532617, 65.822021], [24.591602, 65.85835], [24.628027, 65.85918], [24.623242, 65.831689], [24.581543, 65.757129], [24.674902, 65.670703], [24.764258, 65.656396], [24.839355, 65.660352], [25.241797, 65.546289], [25.347852, 65.479248], [25.30791, 65.352734], [25.297852, 65.243213], [25.255859, 65.143262], [25.340234, 65.098633], [25.362305, 65.065137], [25.372656, 65.009473], [25.271094, 64.984277], [25.228027, 64.951025], [25.280762, 64.916406], [25.288184, 64.860352], [25.214258, 64.853467], [25.134277, 64.875195], [24.942188, 64.884033], [24.747559, 64.8521], [24.657617, 64.806299], [24.55791, 64.801025], [24.530176, 64.738672], [24.440625, 64.680127], [24.27832, 64.515283], [24.022266, 64.385986], [23.924805, 64.274121], [23.861426, 64.258252], [23.65293, 64.13418], [23.598926, 64.040918], [23.493945, 64.034473], [23.24873, 63.896143], [23.133594, 63.864941], [23.014453, 63.821826], [22.75625, 63.68335], [22.532324, 63.647852], [22.527637, 63.57998], [22.398047, 63.491162], [22.318652, 63.504395], [22.312598, 63.472559], [22.345996, 63.442383], [22.273242, 63.454785], [22.243262, 63.437939], [22.285547, 63.377197], [22.316211, 63.345654], [22.319727, 63.310449], [22.120313, 63.244141], [21.895703, 63.210254], [21.800391, 63.237695], [21.545117, 63.204297], [21.549219, 63.155518], [21.568652, 63.113721], [21.650977, 63.039307], [21.473535, 63.033252], [21.45752, 62.95], [21.195703, 62.790527], [21.143848, 62.73999], [21.118164, 62.689258], [21.103613, 62.622949], [21.142188, 62.514795], [21.165625, 62.414062], [21.323438, 62.342578], [21.343359, 62.277393], [21.353711, 62.223828], [21.30166, 62.112646], [21.255957, 61.989648], [21.384863, 61.914941], [21.470508, 61.81167], [21.545605, 61.702734], [21.551855, 61.666846], [21.605957, 61.591553], [21.598047, 61.577881], [21.592383, 61.568213], [21.522461, 61.567139], [21.498242, 61.551953], [21.52666, 61.523291], [21.552344, 61.509521], [21.565039, 61.484326], [21.506641, 61.484326], [21.501758, 61.45498], [21.521191, 61.41084], [21.513477, 61.281201], [21.479102, 61.170508], [21.450977, 61.127148], [21.377734, 61.059229], [21.360547, 60.96748], [21.378906, 60.850049], [21.404004, 60.767432], [21.411914, 60.696826], [21.410645, 60.636963], [21.436035, 60.596387], [21.527832, 60.57041], [21.613281, 60.530957], [21.727148, 60.58291], [21.805273, 60.594141], [21.854297, 60.50542], [21.933984, 60.500293], [22.25791, 60.400928], [22.520508, 60.376562], [22.560352, 60.38501], [22.584961, 60.380566], [22.575879, 60.359082], [22.512305, 60.281348], [22.516699, 60.262744], [22.587988, 60.255664], [22.589941, 60.228369], [22.564258, 60.205518], [22.512988, 60.198926], [22.469727, 60.201318], [22.442676, 60.156885], [22.471094, 60.146973], [22.438574, 60.090283], [22.438574, 60.072266], [22.462695, 60.029199], [22.646191, 60.028027], [22.697363, 60.037598], [22.749805, 60.057275], [22.793457, 60.076807], [22.819141, 60.101367], [22.844434, 60.186621], [22.86709, 60.21582], [22.911719, 60.209717], [22.994141, 60.098535], [23.080176, 60.047266], [23.148438, 60.041309], [23.198438, 60.021826], [23.188477, 59.972217], [23.115723, 59.912695], [23.009766, 59.868799], [22.963867, 59.826367], [23.021289, 59.816016], [23.181445, 59.844922], [23.326758, 59.925781], [23.463574, 59.98623], [23.592676, 59.968164], [23.721777, 59.965674], [24.025195, 60.00918], [24.342578, 60.042334], [24.445605, 60.021289], [24.517969, 60.046289], [24.600488, 60.114258], [24.84873, 60.15835], [24.957617, 60.157471], [25.155859, 60.194092], [25.267871, 60.24834], [25.455762, 60.26123], [25.548242, 60.30249], [25.656445, 60.333203], [25.71543, 60.267432], [25.758008, 60.267529], [25.845801, 60.3146], [25.945898, 60.346777], [26.03584, 60.341504], [26.040234, 60.371582], [26.00625, 60.425293], [25.955957, 60.474219], [26.036035, 60.474902], [26.204688, 60.406592], [26.377734, 60.424072], [26.456445, 60.466797], [26.495801, 60.551807], [26.569336, 60.624561], [26.606445, 60.62793], [26.601758, 60.595605], [26.551172, 60.545996], [26.519727, 60.471582], [26.534668, 60.412891], [26.607422, 60.437695], [26.721484, 60.455078], [26.951172, 60.471484], [27.075586, 60.525146], [27.205273, 60.543457], [27.241895, 60.538672], [27.462402, 60.464844], [27.525098, 60.490771], [27.669336, 60.498975], [27.761621, 60.532861], [27.797656, 60.536133], [28.179297, 60.570996], [28.512793, 60.677295], [28.577832, 60.652539], [28.650586, 60.610986], [28.640332, 60.542871], [28.622461, 60.491602], [28.491602, 60.540137], [28.522266, 60.482959], [28.643164, 60.375293], [28.812695, 60.331543], [29.069141, 60.191455], [29.37041, 60.175928], [29.569336, 60.201855], [29.721191, 60.195312], [29.872266, 60.12085], [29.976758, 60.026367], [30.059961, 60.002588], [30.172656, 59.957129], [30.156836, 59.904297], [30.122559, 59.873584], [29.669727, 59.955664], [29.147266, 59.999756], [29.079102, 59.960986], [29.013379, 59.901562], [28.981543, 59.854785], [28.947266, 59.82876], [28.866895, 59.811914], [28.747656, 59.806689], [28.603906, 59.818066], [28.518164, 59.849561], [28.453906, 59.814258], [28.42373, 59.734082], [28.33457, 59.692529], [28.2125, 59.724658], [28.131152, 59.786523], [28.058008, 59.781543], [28.013965, 59.724756], [28.046289, 59.647168], [28.063965, 59.554004], [28.0125, 59.484277], [28.001855, 59.469824], [27.892578, 59.414209], [27.33584, 59.450488], [26.974707, 59.450635], [26.852051, 59.471777], [26.625, 59.553906], [26.46084, 59.553906], [25.79375, 59.634668], [25.615723, 59.627539], [25.509277, 59.639014], [25.507422, 59.597998], [25.520898, 59.559473], [25.44375, 59.521143], [24.877539, 59.52207], [24.583594, 59.455664], [24.380371, 59.472656], [24.175391, 59.375928], [24.053613, 59.372314], [24.083398, 59.291895], [23.78252, 59.275146], [23.640527, 59.242334], [23.494434, 59.195654], [23.516992, 59.107568], [23.480176, 59.069678], [23.467773, 59.032178], [23.515039, 58.999219], [23.489648, 58.960498], [23.432031, 58.920654], [23.497168, 58.819531], [23.503613, 58.789844], [23.533594, 58.781934], [23.680762, 58.787158], [23.647461, 58.75415], [23.530664, 58.71626], [23.509277, 58.658545], [23.562793, 58.57583], [23.691504, 58.505615], [23.706055, 58.433008], [23.767578, 58.36084], [24.010938, 58.306641], [24.114844, 58.266113], [24.235645, 58.289551], [24.287207, 58.328027], [24.336914, 58.381396], [24.392188, 58.386084], [24.529102, 58.354248], [24.549707, 58.30459], [24.535742, 58.283008], [24.4875, 58.261621], [24.463867, 58.105957], [24.332031, 57.909766], [24.322559, 57.870605], [24.301563, 57.784131], [24.362988, 57.645312], [24.403223, 57.325], [24.382617, 57.250049], [24.28125, 57.172314], [24.054297, 57.066113], [23.931152, 57.008496], [23.647754, 56.971045], [23.287305, 57.089746], [23.136816, 57.323828], [23.037793, 57.39209], [22.648633, 57.595361], [22.616992, 57.651172], [22.55459, 57.724268], [22.231445, 57.666797], [21.942383, 57.597852], [21.728711, 57.570996], [21.45918, 57.322461], [21.421484, 57.23584], [21.405078, 57.131006], [21.350781, 57.017676], [21.257422, 56.932764], [21.071289, 56.82373], [21.031445, 56.636572], [21.014941, 56.258936], [21.046094, 56.070068], [21.053809, 56.022949], [21.061914, 55.813428], [21.171094, 55.617725], [21.237891, 55.455029], [21.201074, 55.343799], [21.236328, 55.271191], [21.222852, 55.107764], [21.188867, 54.935205], [20.995898, 54.902686], [20.8875, 54.909473], [20.774023, 54.947021], [20.677734, 54.955664], [20.594824, 54.982373], [20.859375, 55.183643], [21.031738, 55.350488], [21.103906, 55.487744], [21.115723, 55.568164], [21.114844, 55.616504], [21.087891, 55.583105], [21.057617, 55.476807], [21.014063, 55.401953], [20.899805, 55.28667], [20.845703, 55.232031], [20.678906, 55.102637], [20.520313, 54.994873], [20.39668, 54.95127], [20.107617, 54.956494], [19.974512, 54.921191], [19.953223, 54.830469], [19.944141, 54.75], [19.858887, 54.633838], [19.758496, 54.544824], [19.604395, 54.45918], [19.560156, 54.434619], [19.407129, 54.386084], [18.97627, 54.348926], [18.836426, 54.36958], [18.669629, 54.430908], [18.587109, 54.512891], [18.43623, 54.744727], [18.501563, 54.741504], [18.67832, 54.665283], [18.799609, 54.63335], [18.759277, 54.68457], [18.535156, 54.769434], [18.323438, 54.838184], [18.085645, 54.83584], [17.842969, 54.816699], [17.261914, 54.729541], [17.007031, 54.651855], [16.885449, 54.596387], [16.559766, 54.553809], [16.375586, 54.436865], [16.292285, 54.361621], [16.239355, 54.333057], [16.186328, 54.290381], [16.042773, 54.266357], [15.9, 54.253955], [15.288379, 54.139893], [14.715723, 54.018311], [14.38418, 53.924707], [14.249316, 53.931934], [14.211426, 53.950342], [14.038867, 54.03457], [13.827734, 54.127246], [13.82041, 54.092822], [13.827148, 54.05957], [13.872461, 54.036279], [13.92168, 53.996631], [13.902148, 53.938965], [13.925781, 53.879053], [14.04834, 53.863086], [14.172168, 53.874365], [14.350879, 53.85874], [14.558398, 53.823193], [14.564941, 53.753516], [14.552148, 53.707324], [14.571582, 53.675879], [14.583496, 53.639355], [14.487598, 53.671875], [14.25, 53.731885], [14.025, 53.767432], [13.950391, 53.801367], [13.865527, 53.853369], [13.822266, 54.019043], [13.724219, 54.153223], [13.448047, 54.140869], [13.147461, 54.282715], [13.028613, 54.411035], [12.898047, 54.422656], [12.779102, 54.445703], [12.575391, 54.467383], [12.378516, 54.347021], [12.296289, 54.283789], [12.168652, 54.225879], [12.111328, 54.168311], [11.796289, 54.145459], [11.700586, 54.113525], [11.461133, 53.964746], [11.399609, 53.944629], [11.104297, 54.00918], [10.917773, 53.995312], [10.85459, 54.009814], [10.810742, 54.075146], [11.008594, 54.181152], [11.064355, 54.280518], [11.013379, 54.37915], [10.955957, 54.375684], [10.731543, 54.31626], [10.360449, 54.43833], [10.212402, 54.408936], [10.170801, 54.450195], [10.143457, 54.488428], [9.868652, 54.472461], [9.941309, 54.514648], [10.028809, 54.581299], [10.022168, 54.673926], [9.953809, 54.738281], [9.892285, 54.780615], [9.745898, 54.807178], [9.705273, 54.92832], [9.732324, 54.968018], [9.688184, 55.000146], [9.64541, 55.022803], [9.572363, 55.040527], [9.453711, 55.039551], [9.504785, 55.11626], [9.643262, 55.204736], [9.670996, 55.266406], [9.640234, 55.343652], [9.625586, 55.413574], [9.591113, 55.493213], [9.661426, 55.557471], [9.773242, 55.608154], [9.810352, 55.650977], [9.899023, 55.707568], [9.999023, 55.735547], [10.023633, 55.761426], [9.962012, 55.813086], [9.903711, 55.842822], [10.017383, 55.876074], [10.107324, 55.874463], [10.159375, 55.853809], [10.183008, 55.865186], [10.22666, 56.005371], [10.31875, 56.212891], [10.37373, 56.251562], [10.426953, 56.276172], [10.538965, 56.200342], [10.621191, 56.2021], [10.753418, 56.241992], [10.856445, 56.295508], [10.894434, 56.359033], [10.926172, 56.443262], [10.882812, 56.492871], [10.845898, 56.521729], [10.490234, 56.520508], [10.383594, 56.554834], [10.282715, 56.620508], [10.29668, 56.780908], [10.287012, 56.822949], [10.296094, 56.999121], [10.338477, 57.021338], [10.436914, 57.172266], [10.524121, 57.243213], [10.517578, 57.379346], [10.537109, 57.448535], [10.444629, 57.562207], [10.460254, 57.614551], [10.480957, 57.648682], [10.609961, 57.736914], [10.533301, 57.7354], [10.259082, 57.617041], [9.962305, 57.580957], [9.815137, 57.478418], [9.554297, 57.232471], [9.433594, 57.174316], [9.298828, 57.146533], [9.036328, 57.15542], [8.952246, 57.150586], [8.811523, 57.110059], [8.618555, 57.111279], [8.427051, 56.984424], [8.284082, 56.852344], [8.266309, 56.815332], [8.268262, 56.754004], [8.34668, 56.712109], [8.468359, 56.664551], [8.603125, 56.7104], [8.771973, 56.725293], [8.876074, 56.887256], [8.992773, 57.016113], [9.110449, 57.043652], [9.254883, 57.011719], [9.209668, 56.808398], [9.196387, 56.70166], [9.140332, 56.750439], [9.06709, 56.793848], [8.994531, 56.774805], [8.888086, 56.735059], [8.736133, 56.627441], [8.718066, 56.544287], [8.67168, 56.495654], [8.607617, 56.514502], [8.55293, 56.560303], [8.473145, 56.56543], [8.281445, 56.616699], [8.231738, 56.618066], [8.163965, 56.606885], [8.129883, 56.321191], [8.121484, 56.139893], [8.202344, 55.982373], [8.181348, 55.901172], [8.132129, 55.599805], [8.345313, 55.510303], [8.615918, 55.418213], [8.651074, 55.328564], [8.669824, 55.155664], [8.572949, 55.134277], [8.638281, 55.045557], [8.661426, 54.985937], [8.682324, 54.791846], [8.789648, 54.695947], [8.880957, 54.593945], [8.957227, 54.53833], [8.951855, 54.467578], [8.831152, 54.427539], [8.648047, 54.397656], [8.625781, 54.353955], [8.644922, 54.294971], [8.736035, 54.295215], [8.780371, 54.313037], [8.851562, 54.299561], [8.906641, 54.260791], [8.903516, 54.000293], [8.92041, 53.965332], [8.978125, 53.926221], [9.069629, 53.900928], [9.216406, 53.891211], [9.312012, 53.859131], [9.63125, 53.600195], [9.783984, 53.554639], [9.673145, 53.565625], [9.585352, 53.600488], [9.321973, 53.813477], [9.205566, 53.855957], [8.897754, 53.835693], [8.618945, 53.875], [8.575586, 53.838477], [8.528418, 53.781104], [8.50625, 53.670752], [8.538477, 53.556885], [8.495215, 53.394238], [8.492676, 53.514355], [8.451367, 53.551709], [8.333887, 53.606201], [8.301563, 53.584131], [8.279004, 53.511182], [8.245215, 53.445312], [8.200781, 53.432422], [8.108496, 53.467676], [8.16709, 53.543408], [8.009277, 53.690723], [7.629199, 53.697266], [7.285254, 53.681348], [7.206445, 53.654541], [7.107129, 53.556982], [7.074316, 53.477637], [7.05332, 53.37583], [7.152051, 53.326953], [7.197266, 53.282275], [7.058008, 53.300586], [6.968164, 53.327295], [6.912402, 53.375391], [6.816211, 53.441162], [6.563574, 53.434277], [6.353223, 53.415283], [6.062207, 53.40708], [5.873535, 53.375195], [5.532031, 53.268701], [5.445996, 53.214062], [5.358398, 53.096484], [5.06123, 52.960645], [4.887988, 52.90835], [4.839063, 52.928271], [4.76875, 52.941309], [4.712695, 52.872119], [4.67832, 52.809766], [4.562109, 52.442578], [4.482813, 52.30918], [4.37627, 52.196826], [4.208789, 52.058984], [4.131738, 52.011914], [4.084863, 51.994092], [4.026074, 51.927734], [3.978906, 51.847803], [3.946875, 51.810547], [4.13457, 51.6729], [4.158008, 51.633447], [4.182617, 51.610303], [4.004785, 51.59585], [4.080469, 51.551123], [4.175488, 51.519287], [4.239355, 51.503906], [4.274121, 51.471631], [4.205762, 51.456689], [4.141309, 51.455762], [3.886035, 51.574219], [3.743945, 51.596045], [3.548633, 51.589111], [3.499609, 51.57666], [3.448926, 51.540771], [3.520508, 51.486182], [3.586914, 51.453906], [3.693555, 51.449902], [3.821875, 51.409375], [4.006543, 51.443213], [4.138867, 51.401514], [4.226172, 51.386475], [4.111523, 51.360645], [4.011035, 51.395947], [3.883398, 51.354492], [3.716504, 51.369141], [3.589453, 51.399414], [3.425781, 51.393506], [3.350098, 51.377686], [3.225195, 51.351611], [2.960156, 51.26543], [2.524902, 51.097119], [2.445703, 51.066504], [1.9125, 50.990625], [1.767676, 50.935693], [1.672266, 50.88501], [1.60957, 50.819482], [1.579492, 50.739258], [1.551563, 50.293945], [1.592773, 50.252197], [1.548438, 50.230713], [1.514063, 50.205078], [1.407227, 50.088525], [1.245508, 49.998242], [0.924121, 49.910205], [0.616211, 49.862939], [0.186719, 49.703027], [0.126563, 49.601562], [0.109375, 49.55752], [0.129395, 49.508447], [0.277637, 49.463281], [0.439258, 49.473193], [0.416895, 49.448389], [0.136133, 49.401514], [-0.011182, 49.330225], [-0.163477, 49.296777], [-0.520898, 49.354541], [-0.765527, 49.359717], [-0.959131, 49.393164], [-1.138525, 49.387891], [-1.194971, 49.444824], [-1.232275, 49.494873], [-1.264941, 49.598242], [-1.258643, 49.680176], [-1.365723, 49.707275], [-1.588232, 49.667676], [-1.705127, 49.680957], [-1.856445, 49.683789], [-1.875391, 49.631396], [-1.870068, 49.595117], [-1.813428, 49.490137], [-1.690332, 49.313184], [-1.583105, 49.202393], [-1.565479, 48.805518], [-1.480469, 48.697607], [-1.376465, 48.652588], [-1.437646, 48.641406], [-1.824707, 48.630518], [-1.851953, 48.668848], [-1.905713, 48.697119], [-1.973145, 48.635107], [-2.003711, 48.58208], [-2.079443, 48.64502], [-2.446191, 48.648291], [-2.692334, 48.536816], [-2.792871, 48.601074], [-3.003223, 48.790674], [-3.231445, 48.84082], [-3.471484, 48.812939], [-3.545996, 48.765674], [-3.714795, 48.710498], [-3.855664, 48.694727], [-4.058887, 48.70752], [-4.531201, 48.619971], [-4.720752, 48.539893], [-4.7625, 48.450244], [-4.748535, 48.41001], [-4.719385, 48.363135], [-4.584717, 48.35752], [-4.524805, 48.372314], [-4.393164, 48.367627], [-4.364404, 48.356738], [-4.301758, 48.34707], [-4.241406, 48.303662], [-4.40332, 48.293066], [-4.4979, 48.299268], [-4.530664, 48.309717], [-4.577148, 48.290039], [-4.544336, 48.246973], [-4.512207, 48.229736], [-4.434619, 48.217969], [-4.329443, 48.169971], [-4.377832, 48.128809], [-4.512402, 48.096729], [-4.629199, 48.085791], [-4.678809, 48.039502], [-4.427979, 47.968945], [-4.375098, 47.877441], [-4.312109, 47.8229], [-4.226416, 47.809619], [-4.070703, 47.847852], [-3.900928, 47.837549], [-3.507812, 47.753125], [-3.443945, 47.711035], [-3.395898, 47.72041], [-3.328613, 47.71333], [-3.264697, 47.685107], [-3.221582, 47.694141], [-3.158838, 47.694678], [-3.064209, 47.621338], [-2.964062, 47.601074], [-2.859375, 47.614453], [-2.787207, 47.625537], [-2.733105, 47.601807], [-2.796777, 47.537256], [-2.770312, 47.513867], [-2.665918, 47.526172], [-2.554053, 47.527051], [-2.482715, 47.511621], [-2.427686, 47.470898], [-2.476318, 47.412939], [-2.530029, 47.381592], [-2.503125, 47.312061], [-2.434424, 47.290967], [-2.353027, 47.27876], [-1.975391, 47.310693], [-1.742529, 47.215967], [-1.821289, 47.225342], [-1.921729, 47.260645], [-2.027588, 47.273584], [-2.108301, 47.262939], [-2.148584, 47.223926], [-2.19707, 47.162939], [-2.143555, 47.126318], [-2.081934, 47.111621], [-2.018896, 47.037646], [-2.090283, 46.920508], [-2.09248, 46.865039], [-2.059375, 46.810303], [-1.921436, 46.684814], [-1.786523, 46.514844], [-1.39248, 46.350098], [-1.312793, 46.326904], [-1.238818, 46.324512], [-1.146289, 46.311377], [-1.132031, 46.252686], [-1.136377, 46.204834], [-1.104395, 45.925342], [-1.066016, 45.805664], [-1.041504, 45.772656], [-1.031738, 45.741064], [-1.114355, 45.768506], [-1.209961, 45.770898], [-1.195996, 45.714453], [-1.169971, 45.685937], [-0.880664, 45.538184], [-0.790771, 45.468018], [-0.733105, 45.384619], [-0.641113, 45.090186], [-0.582275, 45.051367], [-0.548486, 45.000586], [-0.633984, 45.047119], [-0.691113, 45.093457], [-0.76665, 45.314355], [-0.826318, 45.380664], [-0.941748, 45.45708], [-1.081006, 45.532422], [-1.149072, 45.342627], [-1.189062, 45.161475], [-1.245215, 44.666699], [-1.220312, 44.686621], [-1.200391, 44.726465], [-1.152881, 44.764014], [-1.076953, 44.689844], [-1.170801, 44.661816], [-1.245508, 44.559863], [-1.345996, 44.020215], [-1.484863, 43.56377], [-1.631445, 43.438037], [-1.794043, 43.407324], [-1.828516, 43.40083], [-1.991309, 43.345068], [-2.19668, 43.321924], [-2.337109, 43.328027], [-2.60708, 43.412744], [-2.875049, 43.454443], [-2.947705, 43.439697], [-3.045605, 43.371582], [-3.417871, 43.451709], [-3.523633, 43.511035], [-3.604639, 43.519482], [-3.774023, 43.477881], [-3.889355, 43.499414], [-4.015332, 43.463086], [-4.312793, 43.414746], [-4.523047, 43.415723], [-5.105273, 43.501855], [-5.315723, 43.553174], [-5.66582, 43.582471], [-5.84668, 43.645068], [-6.080127, 43.594922], [-6.224121, 43.603857], [-6.475684, 43.578906], [-6.617285, 43.592383], [-6.900684, 43.585645], [-7.060986, 43.553955], [-7.261963, 43.594629], [-7.399316, 43.695801], [-7.503613, 43.739941], [-7.59458, 43.727344], [-7.698145, 43.764551], [-7.852734, 43.706982], [-8.004687, 43.694385], [-8.137158, 43.629053], [-8.256738, 43.579883], [-8.288867, 43.5396], [-8.252295, 43.496924], [-8.248926, 43.439404], [-8.355469, 43.396826], [-8.421582, 43.38584], [-8.537061, 43.337061], [-8.665625, 43.316602], [-8.873682, 43.334424], [-9.024512, 43.238965], [-9.095557, 43.214209], [-9.178076, 43.174023], [-9.235645, 43.035791], [-9.235205, 42.976904], [-9.179443, 42.910986], [-9.127197, 42.865234], [-9.041602, 42.814014], [-8.927197, 42.798584], [-8.937207, 42.766699], [-9.035059, 42.662354], [-9.033105, 42.593848], [-8.987793, 42.585645], [-8.811523, 42.640332], [-8.799902, 42.599902], [-8.809912, 42.562354], [-8.812109, 42.470068], [-8.776172, 42.434814], [-8.730029, 42.411719], [-8.769385, 42.358154], [-8.809961, 42.334473], [-8.81582, 42.285254], [-8.729199, 42.287012], [-8.690918, 42.27417], [-8.772461, 42.210596], [-8.887207, 42.105273], [-8.87832, 41.946875], [-8.852344, 41.926904], [-8.777148, 41.941064], [-8.878223, 41.83208], [-8.887598, 41.7646], [-8.846387, 41.705176], [-8.75542, 41.698389], [-8.81084, 41.651953], [-8.805664, 41.56001], [-8.738379, 41.284668], [-8.674609, 41.154492], [-8.659814, 41.086279], [-8.655566, 41.029492], [-8.673975, 40.916504], [-8.684619, 40.752539], [-8.731592, 40.650928], [-8.772412, 40.605664], [-8.872656, 40.259082], [-8.886621, 40.179443], [-8.851318, 40.151807], [-8.837842, 40.115674], [-9.004053, 39.820557], [-9.148291, 39.542578], [-9.251416, 39.426025], [-9.319629, 39.391113], [-9.374756, 39.338281], [-9.357227, 39.284277], [-9.352832, 39.248145], [-9.414355, 39.112109], [-9.431445, 38.960449], [-9.474756, 38.85293], [-9.479736, 38.798779], [-9.474121, 38.730859], [-9.410205, 38.70752], [-9.356738, 38.6979], [-9.252295, 38.712793], [-9.135791, 38.742773], [-9.091016, 38.834668], [-8.954297, 39.016064], [-8.86748, 39.065967], [-8.791602, 39.078174], [-8.938086, 38.998096], [-9.000488, 38.903027], [-8.977051, 38.80293], [-9.021484, 38.746875], [-9.093311, 38.69668], [-9.177832, 38.687793], [-9.250391, 38.656738], [-9.203369, 38.538965], [-9.213281, 38.448096], [-9.186719, 38.438184], [-9.095996, 38.455225], [-8.914795, 38.512109], [-8.861621, 38.509961], [-8.798877, 38.518164], [-8.733984, 38.482422], [-8.668311, 38.424316], [-8.881104, 38.44668], [-8.810937, 38.299756], [-8.802246, 38.183838], [-8.878955, 37.958691], [-8.822656, 37.871875], [-8.791846, 37.732812], [-8.818555, 37.592432], [-8.81416, 37.430811], [-8.92627, 37.166064], [-8.997803, 37.032275], [-8.935352, 37.016016], [-8.848437, 37.075684], [-8.739111, 37.074609], [-8.597656, 37.121338], [-8.484326, 37.100049], [-8.136768, 37.077051], [-7.939697, 37.00542], [-7.834131, 37.005713], [-7.493604, 37.168311], [-7.406152, 37.179443], [-7.174951, 37.208789], [-6.974658, 37.198437], [-6.929492, 37.214941], [-6.86377, 37.278906], [-6.859375, 37.24917], [-6.884619, 37.194238], [-6.492432, 36.954639], [-6.396191, 36.831641], [-6.320947, 36.908496], [-6.216797, 36.913574], [-6.259424, 36.898975], [-6.32832, 36.848145], [-6.412256, 36.728857], [-6.384131, 36.637012], [-6.268945, 36.596729], [-6.257715, 36.564844], [-6.265918, 36.526514], [-6.22627, 36.426465], [-6.170459, 36.333789], [-6.040674, 36.188428], [-5.960693, 36.181738], [-5.808398, 36.08833], [-5.625488, 36.025928], [-5.55127, 36.038818], [-5.4625, 36.073779], [-5.443604, 36.150586], [-5.407227, 36.158887], [-5.381592, 36.134082], [-5.360937, 36.134912], [-5.329687, 36.235742], [-5.230518, 36.373633], [-5.171484, 36.423779], [-4.935303, 36.502051], [-4.674121, 36.506445], [-4.502246, 36.62915], [-4.434863, 36.700244], [-4.366846, 36.718115], [-3.827783, 36.756055], [-3.578809, 36.739844], [-3.43125, 36.70791], [-3.259131, 36.755762], [-3.14917, 36.758496], [-2.901855, 36.743164], [-2.787549, 36.714746], [-2.670605, 36.747559], [-2.595703, 36.806494], [-2.452832, 36.831152], [-2.305566, 36.819824], [-2.187695, 36.745459], [-2.111523, 36.77666], [-1.939307, 36.94585], [-1.797607, 37.232861], [-1.640967, 37.386963], [-1.327539, 37.561133], [-0.938086, 37.571338], [-0.822168, 37.580762], [-0.771875, 37.59624], [-0.721582, 37.631055], [-0.823096, 37.711621], [-0.814648, 37.769922], [-0.752734, 37.850244], [-0.741553, 37.886133], [-0.683203, 37.992041], [-0.646777, 38.151855], [-0.550684, 38.203125], [-0.520801, 38.317285], [-0.38125, 38.435645], [-0.052734, 38.585693], [0.136328, 38.696777], [0.201563, 38.75918], [0.154883, 38.824658], [-0.034131, 38.891211], [-0.133789, 38.969482], [-0.204932, 39.062598], [-0.328955, 39.41709], [-0.327002, 39.519873], [-0.075146, 39.875928], [0.043066, 40.013965], [0.158398, 40.106592], [0.363672, 40.319043], [0.596094, 40.614502], [0.627148, 40.622217], [0.660059, 40.61333], [0.720605, 40.630469], [0.85918, 40.68623], [0.891113, 40.722363], [0.796094, 40.803809], [0.714648, 40.822852], [0.816895, 40.891602], [1.03291, 41.062061], [1.205859, 41.097559], [1.566602, 41.195605], [2.082617, 41.287402], [2.145605, 41.320752], [2.310938, 41.466504], [3.004883, 41.767432], [3.146875, 41.861035], [3.248047, 41.944238], [3.238086, 42.082227], [3.224609, 42.111133], [3.175195, 42.135986], [3.150391, 42.162451], [3.166406, 42.256494], [3.218652, 42.260352], [3.306738, 42.288965], [3.287891, 42.343701], [3.239844, 42.367871], [3.211426, 42.431152], [3.197852, 42.461182], [3.090918, 42.590869], [3.043066, 42.837891], [3.051758, 42.915137], [3.162891, 43.080762], [3.258887, 43.193213], [3.784766, 43.461621], [3.861621, 43.516357], [3.91084, 43.563086], [4.052637, 43.593066], [4.075098, 43.581836], [4.113086, 43.563037], [4.162793, 43.503662], [4.224219, 43.479639], [4.376172, 43.456396], [4.409766, 43.447217], [4.628711, 43.387109], [4.712109, 43.373291], [4.789062, 43.378906], [4.787207, 43.401416], [4.80791, 43.405225], [4.843555, 43.393945], [4.87373, 43.411621], [4.911914, 43.426953], [4.975977, 43.426953], [5.059766, 43.444531], [5.06084, 43.406299], [5.073145, 43.366602], [5.12041, 43.348975], [5.199512, 43.35249], [5.320215, 43.344922], [5.406543, 43.228516], [5.671582, 43.177832], [5.809473, 43.0979], [6.030566, 43.100977], [6.115918, 43.072363], [6.305371, 43.138721], [6.494043, 43.169287], [6.570215, 43.199072], [6.657227, 43.26167], [6.687402, 43.33457], [6.716602, 43.373584], [6.864746, 43.43833], [7.181445, 43.659131], [7.261523, 43.696094], [7.377734, 43.731738], [7.438672, 43.750439], [7.493164, 43.767139], [7.733301, 43.802588], [8.00498, 43.876758], [8.081641, 43.918945], [8.292383, 44.136523], [8.551953, 44.346143], [8.76582, 44.422314], [8.930371, 44.407764], [9.195996, 44.322998], [9.289355, 44.319238], [9.730859, 44.101172], [10.047656, 44.019971], [10.188086, 43.94751], [10.245801, 43.8521], [10.320508, 43.513086], [10.447559, 43.371191], [10.520801, 43.203809], [10.532324, 43.140137], [10.517285, 43.065137], [10.514844, 42.967529], [10.590234, 42.953613], [10.644629, 42.957178], [10.708398, 42.936328], [10.737109, 42.899951], [10.765137, 42.844678], [10.803125, 42.804297], [10.937793, 42.738721], [11.167773, 42.535156], [11.184766, 42.456592], [11.141797, 42.444092], [11.103223, 42.416602], [11.141211, 42.389893], [11.188867, 42.393115], [11.249707, 42.415723], [11.296289, 42.423291], [11.498438, 42.362939], [11.637305, 42.287549], [11.807031, 42.082031], [12.075293, 41.940869], [12.205664, 41.812646], [12.630859, 41.469678], [12.849219, 41.40874], [13.024219, 41.300928], [13.041016, 41.266211], [13.088672, 41.243848], [13.183398, 41.277686], [13.246875, 41.288867], [13.361914, 41.278516], [13.554785, 41.232178], [13.669727, 41.254492], [13.733398, 41.235645], [13.859766, 41.12998], [14.047656, 40.870312], [14.044336, 40.812256], [14.075879, 40.793945], [14.102344, 40.827148], [14.147168, 40.820703], [14.308887, 40.812646], [14.428125, 40.759326], [14.460547, 40.728711], [14.339941, 40.598828], [14.382715, 40.599854], [14.459375, 40.632715], [14.556934, 40.626416], [14.61123, 40.644775], [14.765723, 40.668408], [14.839551, 40.62998], [14.906934, 40.556055], [14.947656, 40.469336], [14.986133, 40.37749], [14.929102, 40.30957], [14.926953, 40.264746], [14.950879, 40.239014], [15.294531, 40.07002], [15.390918, 40.052148], [15.585156, 40.052832], [15.692773, 39.990186], [15.763672, 39.870068], [15.854395, 39.626514], [16.023633, 39.353613], [16.071484, 39.139453], [16.107422, 39.023828], [16.209961, 38.941113], [16.196777, 38.759229], [16.065527, 38.736426], [15.972363, 38.712598], [15.926953, 38.671729], [15.878906, 38.613916], [15.904785, 38.483496], [15.822363, 38.302979], [15.700195, 38.262305], [15.643066, 38.175391], [15.645801, 38.034229], [15.724512, 37.939111], [16.056836, 37.941846], [16.109766, 38.018652], [16.144141, 38.086377], [16.282422, 38.249561], [16.545605, 38.409082], [16.574219, 38.493555], [16.558984, 38.714795], [16.616699, 38.800146], [16.755469, 38.889697], [16.951465, 38.939795], [17.098535, 38.919336], [17.174609, 38.998096], [17.122949, 39.136572], [17.114551, 39.380615], [16.999219, 39.481592], [16.824316, 39.57832], [16.597754, 39.638916], [16.521875, 39.747559], [16.52998, 39.859668], [16.669629, 40.137207], [16.807031, 40.326465], [16.928223, 40.458057], [17.03125, 40.513477], [17.17998, 40.502783], [17.215332, 40.486426], [17.249414, 40.437891], [17.257715, 40.399072], [17.395801, 40.340234], [17.476172, 40.314941], [17.865039, 40.280176], [18.07793, 39.936963], [18.219336, 39.852539], [18.34375, 39.821387], [18.393457, 39.903613], [18.422559, 39.986865], [18.48584, 40.104834], [18.460645, 40.221045], [18.328223, 40.37085], [18.036133, 40.564941], [17.95498, 40.655176], [17.474219, 40.840576], [17.275195, 40.975439], [17.103418, 41.062158], [16.551855, 41.232031], [16.012598, 41.4354], [15.900488, 41.512061], [15.91377, 41.62085], [16.033691, 41.700781], [16.15127, 41.758496], [16.18916, 41.814014], [16.164648, 41.896191], [16.061523, 41.928125], [15.964063, 41.939453], [15.40498, 41.913232], [15.16875, 41.934033], [14.866113, 42.052539], [14.540723, 42.244287], [14.182715, 42.506445], [14.010449, 42.689551], [13.924902, 42.851562], [13.804688, 43.180371], [13.693262, 43.389893], [13.56416, 43.571289], [13.508203, 43.61167], [13.295313, 43.686084], [12.907031, 43.921191], [12.691113, 43.994727], [12.486816, 44.134229], [12.396289, 44.223877], [12.30498, 44.429443], [12.24834, 44.72251], [12.278906, 44.832227], [12.319043, 44.833105], [12.384473, 44.79834], [12.463574, 44.845215], [12.497949, 44.899414], [12.523438, 44.967969], [12.39248, 45.039795], [12.286328, 45.207715], [12.225684, 45.241504], [12.248828, 45.368848], [12.274316, 45.446045], [12.353809, 45.491992], [12.491797, 45.546289], [12.536133, 45.544922], [12.432129, 45.46792], [12.497559, 45.46167], [12.611719, 45.497217], [12.76123, 45.544287], [12.903027, 45.610791], [13.030273, 45.6375], [13.120117, 45.6979], [13.156738, 45.746582], [13.206348, 45.771387], [13.465137, 45.709961], [13.558203, 45.770703], [13.62832, 45.770947], [13.783301, 45.627246], [13.719824, 45.587598], [13.637305, 45.535937], [13.57793, 45.516895], [13.517188, 45.481787], [13.60332, 45.231396], [13.613477, 45.163428], [13.629297, 45.108203], [13.74248, 44.991504], [13.860742, 44.837402], [13.899805, 44.829346], [13.96582, 44.835645], [14.041992, 44.927197], [14.090625, 44.997607], [14.236328, 45.159668], [14.268555, 45.28252], [14.312695, 45.337793], [14.386133, 45.342139], [14.550488, 45.297705], [14.632031, 45.2229], [14.85459, 45.081006], [14.906543, 44.971387], [14.885254, 44.818262], [14.895215, 44.706592], [14.981348, 44.60293], [15.269824, 44.383496], [15.381348, 44.328271], [15.470996, 44.271973], [15.369727, 44.289258], [15.284277, 44.288818], [15.231348, 44.271436], [15.184668, 44.2729], [15.122949, 44.256787], [15.18584, 44.172119], [15.499414, 43.908789], [15.655664, 43.811279], [15.820605, 43.735937], [15.941504, 43.656641], [15.949121, 43.606982], [15.942578, 43.568945], [15.985547, 43.519775], [16.045996, 43.505518], [16.131055, 43.506299], [16.268945, 43.53125], [16.393945, 43.543359], [16.600293, 43.464062], [16.903125, 43.392432], [17.129395, 43.211133], [17.329883, 43.114893], [17.537305, 42.962256], [17.585156, 42.938379], [17.667578, 42.897119], [17.723633, 42.850684], [17.219824, 43.025879], [17.126465, 43.025586], [17.04541, 43.014893], [17.258203, 42.968457], [17.584961, 42.837158], [17.823828, 42.797412], [18.160645, 42.634033], [18.333008, 42.527881], [18.51748, 42.43291], [18.553516, 42.428516], [18.591602, 42.444189], [18.645898, 42.442725], [18.633398, 42.423145], [18.619043, 42.398389], [18.63291, 42.378076], [18.894238, 42.249463], [19.122266, 42.060498], [19.186426, 41.948633], [19.342383, 41.869092], [19.468262, 41.856152], [19.577539, 41.7875], [19.575684, 41.64043], [19.545801, 41.596826], [19.497363, 41.562695], [19.440625, 41.424756], [19.453418, 41.320996], [19.480078, 41.236377], [19.456055, 41.106055], [19.46123, 40.933301], [19.383887, 40.790723], [19.3375, 40.663818], [19.344629, 40.62207], [19.439258, 40.470264], [19.45918, 40.405371], [19.440527, 40.375684], [19.394531, 40.393701], [19.358594, 40.40874], [19.322266, 40.40708], [19.360156, 40.347705], [19.398145, 40.284863], [19.48457, 40.209961], [19.851855, 40.043555], [19.964844, 39.872266], [19.995605, 39.801025], [20.00127, 39.709424], [20.099414, 39.64126], [20.191406, 39.545801], [20.300781, 39.3271], [20.468262, 39.255273], [20.57168, 39.147705], [20.691309, 39.06748], [20.713379, 39.035156], [20.779688, 39.008545], [20.922754, 39.036768], [21.034082, 39.02627], [21.068555, 39.032275], [21.118359, 39.02998], [21.144531, 38.979199], [21.152344, 38.92207], [21.111621, 38.896289], [21.074219, 38.885156], [20.893164, 38.941113], [20.777344, 38.927881], [20.768555, 38.874414], [20.776855, 38.80752], [20.873242, 38.775732], [20.992188, 38.654004], [21.059766, 38.503271], [21.113184, 38.384668], [21.182617, 38.345557], [21.30332, 38.373926], [21.329785, 38.424365], [21.331055, 38.487305], [21.355469, 38.474805], [21.390137, 38.407812], [21.472559, 38.321387], [21.567676, 38.333594], [21.650098, 38.354004], [21.71709, 38.355029], [21.804688, 38.366943], [21.965332, 38.412451], [22.226855, 38.352832], [22.319922, 38.356836], [22.385254, 38.385547], [22.42168, 38.438525], [22.583398, 38.344922], [22.753906, 38.289502], [22.783691, 38.261719], [22.834375, 38.234717], [22.93252, 38.201953], [22.99541, 38.215527], [23.034375, 38.2021], [23.093555, 38.196436], [23.148926, 38.176074], [23.183496, 38.133691], [23.152539, 38.096387], [23.12207, 38.07334], [22.954785, 38.074609], [22.893164, 38.050928], [22.916992, 38.007471], [22.920313, 37.958301], [22.846387, 37.967578], [22.799609, 37.981201], [22.711523, 38.046924], [22.555859, 38.113232], [22.24375, 38.188721], [21.95332, 38.321191], [21.824707, 38.328125], [21.748438, 38.274219], [21.658398, 38.175098], [21.54873, 38.1646], [21.451172, 38.204736], [21.403711, 38.19668], [21.308105, 38.027441], [21.14502, 37.919287], [21.124707, 37.891602], [21.137988, 37.85415], [21.205273, 37.828857], [21.288477, 37.774512], [21.329297, 37.669336], [21.416211, 37.639941], [21.571289, 37.541016], [21.678906, 37.387207], [21.69248, 37.309277], [21.578809, 37.200391], [21.58291, 37.080957], [21.738086, 36.863232], [21.892383, 36.737305], [21.934277, 36.803662], [21.940039, 36.891797], [21.955566, 36.990088], [22.011719, 37.016504], [22.080469, 37.028955], [22.133789, 36.963916], [22.164746, 36.902832], [22.231152, 36.882568], [22.375977, 36.701904], [22.38125, 36.646191], [22.374805, 36.513574], [22.427734, 36.475781], [22.489453, 36.446924], [22.489063, 36.568164], [22.608398, 36.779736], [22.717188, 36.793945], [22.779883, 36.786182], [22.832324, 36.687109], [22.98291, 36.528369], [23.060547, 36.486963], [23.106836, 36.451855], [23.160156, 36.448096], [23.111719, 36.547607], [23.041016, 36.644531], [23.073535, 36.774951], [23.060352, 36.853516], [22.99502, 37.015869], [22.851074, 37.29082], [22.765039, 37.393311], [22.725391, 37.542139], [22.775, 37.585107], [22.851074, 37.532227], [22.940527, 37.51709], [23.015137, 37.481787], [23.096484, 37.440576], [23.1, 37.36377], [23.161523, 37.333838], [23.203027, 37.348535], [23.252539, 37.377295], [23.489258, 37.440186], [23.490625, 37.463867], [23.458105, 37.496924], [23.408789, 37.541553], [23.396191, 37.579785], [23.347559, 37.597559], [23.262695, 37.59541], [23.197559, 37.620215], [23.147168, 37.71626], [23.147168, 37.795312], [23.086133, 37.853125], [23.036328, 37.878369], [23.047461, 37.902637], [23.087402, 37.912842], [23.193652, 37.959033], [23.420215, 37.99209], [23.501758, 38.034863], [23.537207, 38.032764], [23.580469, 38.010547], [23.732813, 37.884082], [23.877344, 37.777783], [23.971582, 37.676758], [24.019727, 37.677734], [24.055371, 37.709619], [24.062305, 37.774512], [24.061328, 37.81792], [24.033008, 37.955322], [24.024512, 38.139795], [24.005371, 38.226807], [23.966992, 38.275], [23.836035, 38.325488], [23.683984, 38.352441], [23.569629, 38.489404], [23.368945, 38.525537], [23.25293, 38.66123], [23.137695, 38.667969], [23.020313, 38.741895], [22.774023, 38.800391], [22.6875, 38.84917], [22.634277, 38.850684], [22.569141, 38.86748], [22.596777, 38.890576], [22.676855, 38.898926], [22.802637, 38.901611], [22.930469, 38.947705], [23.066699, 39.037939], [22.965527, 39.030908], [22.938965, 39.111523], [22.886035, 39.169971], [22.838965, 39.258594], [22.921387, 39.306348], [22.992871, 39.331055], [23.161719, 39.257764], [23.16875, 39.210449], [23.119434, 39.132764], [23.154688, 39.101465], [23.218359, 39.104395], [23.327734, 39.174902], [23.288477, 39.288818], [23.233398, 39.358447], [23.103418, 39.492041], [22.978809, 39.563818], [22.919043, 39.628906], [22.835742, 39.800586], [22.592188, 40.036914], [22.569336, 40.119336], [22.605469, 40.276416], [22.642676, 40.366602], [22.624902, 40.428613], [22.629492, 40.495557], [22.741895, 40.536475], [22.811426, 40.578613], [22.922266, 40.590869], [22.892871, 40.524268], [22.851367, 40.490625], [22.896484, 40.399902], [23.098145, 40.304297], [23.312012, 40.216455], [23.328223, 40.089941], [23.395605, 39.989844], [23.627344, 39.924072], [23.65752, 39.934473], [23.674121, 39.958887], [23.46709, 40.073926], [23.433203, 40.11543], [23.386426, 40.221973], [23.42627, 40.263965], [23.664551, 40.223828], [23.835352, 40.022266], [23.94707, 39.965576], [23.981836, 39.994043], [24.000781, 40.024609], [23.96748, 40.114551], [23.917578, 40.155225], [23.823438, 40.205127], [23.720508, 40.286279], [23.72793, 40.329736], [23.823438, 40.368018], [23.913184, 40.358789], [24.056055, 40.303564], [24.158789, 40.280029], [24.232422, 40.215186], [24.343359, 40.147705], [24.29248, 40.241797], [24.212793, 40.327783], [24.030566, 40.409326], [23.932031, 40.405762], [23.866797, 40.418555], [23.831934, 40.481543], [23.878906, 40.544385], [23.778711, 40.627979], [23.743262, 40.677002], [23.762793, 40.747803], [23.946094, 40.74834], [24.082324, 40.724072], [24.234375, 40.786133], [24.383789, 40.912744], [24.477051, 40.947754], [24.556543, 40.935596], [24.678711, 40.869482], [24.792969, 40.85752], [25.004688, 40.967529], [25.104492, 40.994727], [25.250098, 40.932812], [25.325293, 40.943115], [25.496777, 40.887793], [25.855664, 40.844092], [26.010742, 40.769141], [26.038965, 40.726758], [26.067773, 40.683398], [26.105469, 40.611328], [26.224219, 40.618066], [26.360938, 40.606348], [26.578125, 40.624658], [26.79209, 40.626611], [26.720313, 40.544238], [26.447461, 40.44502], [26.355273, 40.390234], [26.253809, 40.314697], [26.252344, 40.248145], [26.260156, 40.202393], [26.225977, 40.141699], [26.202734, 40.075391], [26.271777, 40.096582], [26.32998, 40.123389], [26.467969, 40.261475], [26.77207, 40.498047], [26.974609, 40.564014], [27.258008, 40.687354], [27.430176, 40.839941], [27.499414, 40.973145], [27.747363, 41.013281], [27.925195, 40.990576], [28.085547, 41.061328], [28.172168, 41.080713], [28.294922, 41.071484], [28.780371, 40.97417], [28.95625, 41.008203], [28.995996, 41.061133], [29.032129, 41.140479], [29.057227, 41.229736], [28.946777, 41.248389], [28.346387, 41.466357], [28.197852, 41.554492], [28.050293, 41.72915], [27.987305, 41.854883], [28.014453, 41.969043], [27.982715, 42.047412], [27.821387, 42.208008], [27.708203, 42.349951], [27.639551, 42.400977], [27.484766, 42.468066], [27.753711, 42.706543], [27.818359, 42.71665], [27.888867, 42.749707], [27.896484, 43.020703], [27.928906, 43.186133], [27.979297, 43.230518], [28.035156, 43.268262], [28.133691, 43.395605], [28.319629, 43.426855], [28.46543, 43.389307], [28.561816, 43.501318], [28.585352, 43.742236], [28.590723, 43.797412], [28.658594, 43.983838], [28.64541, 44.295654], [28.699219, 44.374219], [28.851758, 44.506104], [28.888184, 44.574756], [28.807031, 44.565039], [28.813574, 44.60249], [28.846484, 44.636865], [28.849023, 44.716309], [28.87041, 44.749951], [28.926172, 44.81001], [28.891504, 44.918652], [28.930566, 44.96582], [28.980664, 44.99292], [29.095313, 44.975049], [29.047754, 44.925684], [29.069141, 44.871143], [29.081055, 44.798828], [29.048242, 44.757568], [29.55752, 44.843408], [29.605469, 44.915479], [29.635352, 44.979639], [29.678613, 45.15166], [29.689063, 45.193213], [29.705859, 45.259912], [29.726953, 45.343311], [29.670313, 45.540674], [29.601172, 45.6], [29.60166, 45.68252], [29.628418, 45.722461], [29.685059, 45.754687], [29.821191, 45.73208], [29.90166, 45.752393], [30.006641, 45.797949], [30.18418, 45.849951], [30.219043, 45.866748], [30.492969, 46.090137], [30.511523, 46.105371], [30.656738, 46.266504], [30.672266, 46.304004], [30.72168, 46.366211], [30.772852, 46.473047], [30.796289, 46.552002], [31.136816, 46.624463], [31.320312, 46.6125], [31.40293, 46.628809], [31.496875, 46.738379], [31.563379, 46.777295], [31.532129, 46.664746], [31.657031, 46.642432], [31.77959, 46.631641], [31.872852, 46.649756], [31.90166, 46.721631], [31.912695, 46.926123], [31.865918, 47.003271], [31.836914, 47.087012], [31.75918, 47.212842], [31.838184, 47.157227], [31.864746, 47.095117], [31.939551, 46.981982], [31.964063, 46.854834], [31.944922, 46.784375], [31.974316, 46.708789], [32.044336, 46.64248], [32.127246, 46.597217], [32.354102, 46.564844], [32.578027, 46.615625], [32.552539, 46.591992], [32.418945, 46.517773], [32.361328, 46.474951], [32.131445, 46.509375], [31.87793, 46.52168], [31.716016, 46.55498], [31.554883, 46.554297], [31.623633, 46.510254], [31.713672, 46.471777], [31.855762, 46.462451], [32.008496, 46.42998], [32.013086, 46.387158], [31.991699, 46.364404], [31.915918, 46.348682], [31.842871, 46.346143], [31.77998, 46.324658], [31.83125, 46.281689], [31.925195, 46.287256], [32.035742, 46.260986], [32.329883, 46.130371], [32.476758, 46.083691], [32.796875, 46.131494], [32.941797, 46.123779], [33.202246, 46.175732], [33.263477, 46.125684], [33.429883, 46.057617], [33.498828, 46.078857], [33.594141, 46.09624], [33.636719, 46.032861], [33.664844, 45.94707], [33.466211, 45.837939], [33.280078, 45.765234], [33.142285, 45.749219], [32.828027, 45.593018], [32.508008, 45.403809], [32.551855, 45.350391], [32.611328, 45.328076], [32.772656, 45.358984], [32.918652, 45.348145], [33.186914, 45.194775], [33.261523, 45.170752], [33.39248, 45.187842], [33.555176, 45.097656], [33.601172, 44.981494], [33.612207, 44.907812], [33.530078, 44.680518], [33.491309, 44.618604], [33.462695, 44.596826], [33.450684, 44.553662], [33.655859, 44.433203], [33.755664, 44.398926], [33.909961, 44.387598], [34.074414, 44.423828], [34.281738, 44.538428], [34.469922, 44.72168], [34.716895, 44.807129], [34.887793, 44.823584], [35.087695, 44.802637], [35.154785, 44.896338], [35.357813, 44.978418], [35.472559, 45.098486], [35.569531, 45.119336], [35.677539, 45.102002], [35.759473, 45.07085], [35.803613, 45.0396], [35.870117, 45.005322], [36.054785, 45.030811], [36.229883, 45.025977], [36.393359, 45.065381], [36.428418, 45.153271], [36.450781, 45.232324], [36.514258, 45.30376], [36.575, 45.393555], [36.427051, 45.433252], [36.290332, 45.456738], [36.170508, 45.453076], [36.077148, 45.424121], [36.012891, 45.37168], [35.833496, 45.401611], [35.750977, 45.389355], [35.558008, 45.310889], [35.45752, 45.316309], [35.373926, 45.353613], [35.260156, 45.446924], [35.022852, 45.700977], [34.906641, 45.878809], [34.857324, 45.987354], [34.84375, 46.073584], [34.849609, 46.189893], [34.969531, 46.24209], [35.064063, 46.267236], [35.230371, 46.440625], [35.291992, 46.370703], [35.290918, 46.314404], [35.280176, 46.279492], [35.217773, 46.232178], [35.014551, 46.106006], [35.055273, 46.104004], [35.132324, 46.125879], [35.204395, 46.169189], [35.256641, 46.203906], [35.400195, 46.381396], [35.827148, 46.624316], [36.024902, 46.666797], [36.194629, 46.645508], [36.279492, 46.658594], [36.432031, 46.732568], [36.558789, 46.762695], [36.688672, 46.764111], [36.794824, 46.714404], [36.932031, 46.825146], [37.047559, 46.876221], [37.218555, 46.917334], [37.339844, 46.916895], [37.543359, 47.074561], [37.828711, 47.09585], [38.17832, 47.080225], [38.214355, 47.091455], [38.484766, 47.175537], [38.577246, 47.239111], [38.761914, 47.261621], [38.736035, 47.23584], [38.644336, 47.212207], [38.552441, 47.150342], [38.668164, 47.143945], [38.92832, 47.175684], [39.02373, 47.272217], [39.195703, 47.268848], [39.244531, 47.199512], [39.293457, 47.105762], [39.289062, 47.070898], [39.270703, 47.044141], [39.126758, 47.023438], [38.801074, 46.906152], [38.630762, 46.873047], [38.438672, 46.813086], [38.487988, 46.732178], [38.500977, 46.663672], [38.343457, 46.67832], [38.22998, 46.70127], [38.159473, 46.690674], [37.967969, 46.618018], [37.867383, 46.633789], [37.766504, 46.636133], [37.80957, 46.53208], [37.913867, 46.406494], [37.977539, 46.382861], [38.077734, 46.394336], [38.315234, 46.241943], [38.492285, 46.090527], [38.400391, 46.080029], [38.311816, 46.095361], [38.183594, 46.094824], [38.132812, 46.002832], [38.07959, 45.934814], [38.069727, 45.969873], [38.073828, 46.01709], [38.014258, 46.047754], [37.933105, 46.001709], [37.840918, 45.799561], [37.669238, 45.654053], [37.612402, 45.564697], [37.609961, 45.499512], [37.634375, 45.486328], [37.671875, 45.488379], [37.672949, 45.429736], [37.647168, 45.377197], [37.264258, 45.310937], [37.213574, 45.272314], [37.103516, 45.302881], [36.977832, 45.383594], [36.865918, 45.427051], [36.79375, 45.409717], [36.72041, 45.371875], [36.761621, 45.34834], [36.811035, 45.340039], [36.941211, 45.289697], [36.873047, 45.251758], [36.619141, 45.185498], [36.627637, 45.151318], [36.650781, 45.126465], [36.944434, 45.06958], [37.204785, 44.971973], [37.284082, 44.905029], [37.352344, 44.788379], [37.411328, 44.735352], [37.495117, 44.695264], [37.572461, 44.67085], [37.704883, 44.661377], [37.851465, 44.698828], [38.18125, 44.419678], [38.311816, 44.374463], [38.63584, 44.318018], [38.717285, 44.288086], [39.329395, 43.897266], [39.516699, 43.727881], [39.873633, 43.472803], [39.97832, 43.419824], [40.190625, 43.312402], [40.462109, 43.145703], [40.524023, 43.121045], [40.836621, 43.063477], [41.061621, 42.930859], [41.128711, 42.828125], [41.419434, 42.737646], [41.48877, 42.659326], [41.577734, 42.397852], [41.663281, 42.146875], [41.762988, 41.97002], [41.760742, 41.884863], [41.758789, 41.817139], [41.701758, 41.70542], [41.510059, 41.51748], [41.414355, 41.423633], [41.083594, 41.261182], [40.959473, 41.211621], [40.819531, 41.190234], [40.6875, 41.107422], [40.265234, 40.961328], [40.128418, 40.943018], [40.000195, 40.977148], [39.911133, 40.966455], [39.80791, 40.98252], [39.426367, 41.106445], [38.852148, 41.017676], [38.556934, 40.936523], [38.381055, 40.924512], [37.910059, 41.001904], [37.765625, 41.078906], [37.430957, 41.114111], [37.066211, 41.184424], [36.991992, 41.275391], [36.777734, 41.363477], [36.64707, 41.352539], [36.587109, 41.32666], [36.509668, 41.2625], [36.405371, 41.274609], [36.278418, 41.336133], [36.179199, 41.426562], [36.051758, 41.682568], [35.978125, 41.704834], [35.919824, 41.713721], [35.558008, 41.634033], [35.297754, 41.728516], [35.20918, 41.794385], [35.12207, 41.891113], [35.114063, 41.956982], [35.141016, 41.989502], [35.154883, 42.027539], [35.006445, 42.063281], [34.750488, 41.956836], [34.192969, 41.963672], [33.381348, 42.017578], [33.284766, 42.00459], [32.94668, 41.891748], [32.542188, 41.806396], [32.306445, 41.72959], [32.086426, 41.589209], [31.458008, 41.32002], [31.34668, 41.15791], [31.254883, 41.107617], [30.810059, 41.084863], [30.344922, 41.196924], [29.919336, 41.15083], [29.322266, 41.227734], [29.148145, 41.221045], [29.094336, 41.177246], [29.067383, 41.10166], [29.045508, 41.007568], [29.082227, 40.963428], [29.113867, 40.937842], [29.259766, 40.847314], [29.364746, 40.809277], [29.800586, 40.760156], [29.849219, 40.760107], [29.844922, 40.738086], [29.507617, 40.708398], [29.054102, 40.649121], [28.958008, 40.630566], [28.787891, 40.534033], [28.841211, 40.503467], [28.894629, 40.482422], [28.974023, 40.467383], [29.055176, 40.42417], [29.007129, 40.389746], [28.738867, 40.390869], [28.630273, 40.376465], [28.289062, 40.403027], [27.962598, 40.369873], [27.928906, 40.38042], [27.964355, 40.435303], [27.994824, 40.466602], [27.989551, 40.489453], [27.874902, 40.512939], [27.769141, 40.509619], [27.731836, 40.481494], [27.848535, 40.381738], [27.789355, 40.350879], [27.728027, 40.328809], [27.475586, 40.319922], [27.332617, 40.375928], [27.31416, 40.414893], [27.28457, 40.455615], [27.12168, 40.452344], [27.012109, 40.396338], [26.738086, 40.400244], [26.475391, 40.197266], [26.313379, 40.025], [26.181348, 39.990088], [26.149805, 39.872852], [26.154688, 39.656641], [26.101367, 39.568945], [26.095996, 39.520801], [26.113086, 39.467383], [26.350781, 39.484082], [26.484082, 39.520703], [26.827051, 39.562891], [26.899219, 39.549658], [26.910938, 39.517334], [26.813281, 39.419043], [26.710742, 39.339648], [26.681836, 39.292236], [26.719336, 39.260645], [26.853613, 39.115625], [26.849316, 39.056738], [26.808301, 39.013916], [26.814941, 38.960986], [26.866211, 38.922949], [26.920313, 38.934229], [26.970117, 38.919043], [27.013672, 38.886865], [26.90918, 38.775781], [26.790137, 38.736084], [26.763672, 38.709619], [26.787695, 38.660205], [26.795313, 38.626416], [26.837793, 38.557568], [26.906836, 38.481738], [26.97041, 38.447852], [27.144238, 38.451953], [27.098633, 38.415723], [26.861426, 38.372949], [26.769922, 38.388184], [26.727344, 38.418604], [26.696387, 38.405371], [26.674219, 38.335742], [26.641309, 38.352441], [26.59502, 38.418604], [26.610352, 38.486914], [26.586523, 38.557031], [26.513574, 38.629492], [26.441309, 38.641211], [26.377832, 38.62417], [26.372266, 38.561914], [26.429688, 38.440625], [26.416406, 38.367871], [26.343652, 38.370068], [26.290723, 38.277197], [26.33291, 38.24248], [26.42793, 38.214355], [26.524707, 38.162256], [26.582422, 38.149268], [26.621094, 38.176367], [26.682813, 38.19834], [26.807422, 38.13833], [26.878613, 38.054785], [26.943848, 38.062891], [27.158691, 37.986865], [27.232422, 37.978662], [27.254785, 37.882324], [27.224414, 37.725439], [27.077832, 37.687695], [27.067969, 37.65791], [27.147949, 37.603613], [27.203906, 37.491406], [27.219238, 37.38916], [27.289551, 37.348682], [27.37627, 37.340723], [27.400586, 37.306738], [27.520117, 37.249121], [27.535059, 37.163867], [27.368164, 37.122412], [27.300195, 37.126855], [27.249707, 37.07915], [27.262988, 36.976562], [27.311035, 36.981885], [27.348926, 37.01958], [27.668359, 37.007422], [28.133691, 37.029492], [28.242383, 37.029053], [28.224414, 36.996387], [28.083008, 36.920264], [28.005371, 36.831982], [27.934473, 36.809277], [27.630859, 36.78667], [27.554688, 36.758887], [27.466895, 36.746338], [27.453906, 36.712158], [27.54043, 36.684229], [27.655859, 36.674609], [27.803809, 36.736475], [28.083984, 36.751465], [28.01416, 36.670215], [28.019434, 36.634473], [28.111523, 36.646387], [28.195605, 36.686328], [28.303711, 36.811963], [28.483594, 36.803809], [28.717676, 36.700879], [28.816895, 36.675293], [28.895898, 36.673584], [28.969629, 36.715332], [29.038281, 36.693457], [29.058105, 36.638135], [29.065527, 36.590088], [29.116113, 36.520117], [29.143262, 36.397217], [29.223633, 36.324463], [29.34834, 36.258838], [29.689063, 36.156689], [29.789258, 36.168066], [30.083203, 36.249365], [30.231641, 36.307324], [30.29541, 36.287695], [30.387305, 36.243262], [30.446094, 36.269873], [30.483594, 36.3104], [30.506055, 36.451123], [30.558496, 36.52583], [30.582031, 36.797168], [30.644043, 36.865674], [30.950293, 36.848682], [31.240625, 36.821729], [31.352539, 36.801074], [31.77793, 36.612793], [32.021973, 36.535303], [32.130566, 36.449121], [32.283789, 36.267871], [32.377734, 36.183643], [32.533789, 36.100732], [32.794824, 36.035889], [32.929492, 36.095703], [33.099512, 36.102979], [33.441797, 36.152832], [33.522754, 36.143994], [33.694727, 36.181982], [33.954883, 36.295215], [34.023438, 36.340771], [34.299609, 36.604199], [34.601367, 36.784473], [34.703613, 36.816797], [34.81123, 36.799268], [34.943164, 36.725684], [35.176172, 36.634863], [35.393164, 36.575195], [35.537402, 36.597021], [35.625586, 36.652783], [35.661133, 36.724316], [35.734277, 36.763965], [35.801563, 36.778076], [35.90459, 36.847607], [36.048926, 36.910596], [36.135156, 36.851611], [36.180078, 36.807227], [36.188184, 36.743066], [36.188477, 36.658984], [36.031738, 36.522705], [35.882812, 36.406348], [35.810938, 36.309863], [35.887109, 36.159082], [35.956934, 35.998145], [35.892676, 35.916553], [35.839648, 35.849219], [35.764453, 35.571582], [35.902441, 35.420703], [35.916016, 35.350537], [35.918066, 35.299512], [35.943066, 35.223828], [35.889941, 35.060303], [35.887891, 34.948633], [35.899316, 34.8521], [35.97627, 34.629199], [35.97793, 34.547412], [35.921387, 34.493311], [35.804297, 34.437402], [35.647852, 34.248242], [35.611816, 34.032178], [35.51084, 33.879736], [35.335742, 33.503467], [35.251367, 33.392627], [35.203516, 33.258984], [35.155078, 33.16001], [35.108594, 33.083691], [35.077051, 32.967187], [35.005859, 32.826611], [34.921875, 32.614062], [34.803809, 32.196338], [34.678418, 31.895703], [34.483984, 31.592285], [34.477344, 31.584863], [34.387305, 31.483789], [34.198145, 31.322607], [34.17627, 31.303906], [33.902539, 31.180957], [33.666504, 31.13042], [33.37793, 31.130957], [33.194336, 31.084521], [33.156738, 31.126221], [33.129883, 31.168164], [32.901563, 31.110937], [32.854492, 31.117725], [32.68457, 31.074023], [32.60332, 31.06875], [32.532813, 31.100732], [32.323535, 31.256055], [32.250586, 31.294922], [32.216211, 31.29375], [32.242773, 31.246533], [32.281836, 31.200879], [32.206543, 31.119043], [32.101758, 31.092822], [32.065625, 31.152979], [32.008496, 31.220508], [31.902051, 31.240186], [31.771094, 31.292578], [31.875879, 31.413721], [31.892188, 31.482471], [32.076074, 31.344482], [32.136035, 31.341064], [31.964258, 31.5021], [31.888965, 31.541406], [31.839258, 31.526318], [31.606543, 31.455762], [31.524414, 31.458252], [31.193945, 31.587598], [31.08291, 31.60332], [31.051953, 31.591553], [31.030859, 31.507568], [31.001758, 31.462793], [30.841406, 31.439893], [30.700488, 31.403857], [30.562988, 31.416992], [30.88418, 31.522363], [30.923535, 31.566846], [30.570996, 31.472998], [30.395117, 31.457617], [30.34375, 31.402734], [30.312305, 31.357031], [30.262305, 31.316846], [30.222656, 31.258398], [30.127539, 31.255664], [30.049414, 31.26543], [29.929785, 31.22749], [29.591602, 31.011523], [29.428516, 30.927441], [29.278906, 30.866943], [29.159961, 30.83457], [29.07207, 30.830273], [28.972754, 30.856738], [28.806934, 30.942676], [28.514844, 31.050439], [27.967578, 31.097412], [27.82998, 31.19502], [27.620117, 31.191748], [27.540039, 31.212695], [27.248047, 31.377881], [26.768652, 31.470361], [26.457324, 31.512109], [25.893262, 31.620898], [25.382227, 31.512793], [25.225488, 31.533789], [25.150488, 31.65498], [25.115039, 31.712305], [25.025, 31.88335], [24.950684, 31.953711], [24.878516, 31.984277], [24.683887, 32.015967], [24.479785, 31.996533], [24.129688, 32.009229], [24.038965, 32.037012], [23.898438, 32.127197], [23.797656, 32.158691], [23.286328, 32.213818], [23.10625, 32.331445], [23.110449, 32.397412], [23.129688, 32.448145], [23.090625, 32.61875], [22.916895, 32.687158], [22.754102, 32.740527], [22.523438, 32.793945], [22.340625, 32.879883], [22.187402, 32.918262], [21.839453, 32.908643], [21.721387, 32.94248], [21.635938, 32.937305], [21.424707, 32.79917], [21.31875, 32.777686], [21.062305, 32.775537], [20.621094, 32.580176], [20.370605, 32.430762], [20.121484, 32.21875], [20.030957, 32.107861], [19.973438, 31.999072], [19.926367, 31.817529], [19.96123, 31.556006], [20.02002, 31.410645], [20.103809, 31.300537], [20.141113, 31.195508], [20.150977, 31.078613], [20.111523, 30.963721], [20.013184, 30.800684], [19.713281, 30.488379], [19.589844, 30.41377], [19.291699, 30.288086], [19.12373, 30.266113], [18.936426, 30.29043], [18.669824, 30.415674], [18.19043, 30.777295], [17.949316, 30.851904], [17.830469, 30.927588], [17.349219, 31.081494], [16.781543, 31.214746], [16.450977, 31.227295], [16.123047, 31.264453], [15.832227, 31.360986], [15.705957, 31.426416], [15.595801, 31.531104], [15.496387, 31.656787], [15.414062, 31.834229], [15.363086, 31.971191], [15.359082, 32.159668], [15.266895, 32.31167], [15.176563, 32.391162], [14.513379, 32.511084], [14.423828, 32.550293], [14.237109, 32.68125], [14.155664, 32.709766], [13.835352, 32.791797], [13.647754, 32.798828], [13.536328, 32.824268], [13.283496, 32.914648], [13.138086, 32.897363], [12.753516, 32.801074], [12.427051, 32.829102], [12.279883, 32.858545], [11.813477, 33.093701], [11.657129, 33.118896], [11.50459, 33.181934], [11.400586, 33.224902], [11.338086, 33.209473], [11.234277, 33.233594], [11.202637, 33.249219], [11.232129, 33.271582], [11.269922, 33.286328], [11.257422, 33.308838], [11.150293, 33.369238], [11.08457, 33.562891], [10.958008, 33.626318], [10.898438, 33.533691], [10.828125, 33.518896], [10.722754, 33.514404], [10.704297, 33.609668], [10.713184, 33.689014], [10.454297, 33.6625], [10.305273, 33.728271], [10.158984, 33.850049], [10.049023, 34.056299], [10.040039, 34.140332], [10.064844, 34.211621], [10.118359, 34.280078], [10.200391, 34.346045], [10.534863, 34.544727], [10.690918, 34.678467], [10.866211, 34.884326], [10.955859, 35.033643], [11.120117, 35.240283], [11.043262, 35.335107], [11.031543, 35.453857], [11.000684, 35.551611], [11.004297, 35.633838], [10.783691, 35.77207], [10.688965, 35.799512], [10.59082, 35.887256], [10.505762, 36.032422], [10.476562, 36.175146], [10.487988, 36.254883], [10.525684, 36.32334], [10.642383, 36.419629], [10.798145, 36.493115], [10.967188, 36.743018], [11.056543, 36.841455], [11.12666, 36.874072], [11.077051, 36.966699], [11.053906, 37.07251], [10.951367, 37.059277], [10.766211, 36.930273], [10.571289, 36.879443], [10.518164, 36.791357], [10.412305, 36.731836], [10.293262, 36.781494], [10.334082, 36.865381], [10.18877, 37.033887], [10.196387, 37.205859], [10.087402, 37.25127], [9.988086, 37.257764], [9.875586, 37.25415], [9.879395, 37.212842], [9.896387, 37.181641], [9.830273, 37.135352], [9.783984, 37.211426], [9.815527, 37.254639], [9.838477, 37.308984], [9.758887, 37.330273], [9.687988, 37.340381], [9.141992, 37.194629], [9.058887, 37.155859], [8.823535, 36.997607], [8.576563, 36.937207], [8.127148, 36.910352], [7.910449, 36.856348], [7.791602, 36.880273], [7.607715, 36.999756], [7.432422, 37.059277], [7.204297, 37.092383], [7.238477, 36.968506], [7.143457, 36.943359], [6.927539, 36.919434], [6.575879, 37.003027], [6.486523, 37.085742], [6.327832, 37.046045], [6.249121, 36.93833], [6.064746, 36.864258], [5.725488, 36.799609], [5.424609, 36.675439], [5.29541, 36.648242], [5.195605, 36.676807], [4.99541, 36.808057], [4.877832, 36.862402], [4.758105, 36.896338], [3.779004, 36.896191], [3.520508, 36.795117], [2.972852, 36.784473], [2.846484, 36.738867], [2.593359, 36.600684], [2.342871, 36.610303], [1.974512, 36.567578], [1.257227, 36.51958], [0.97168, 36.443945], [0.79082, 36.356543], [0.514941, 36.261816], [0.312207, 36.162354], [0.15166, 36.063135], [0.047949, 35.900537], [-0.048242, 35.832812], [-0.18916, 35.819092], [-0.350781, 35.863184], [-0.426123, 35.861523], [-0.91748, 35.668408], [-1.087695, 35.578857], [-1.205371, 35.495752], [-1.33584, 35.364258], [-1.48374, 35.303076], [-1.673633, 35.183105], [-1.913281, 35.094238], [-2.017773, 35.085059], [-2.219629, 35.104199], [-2.42373, 35.123486], [-2.636816, 35.112695], [-2.731396, 35.135205], [-2.839941, 35.127832], [-2.869531, 35.172656], [-2.925977, 35.287109], [-2.953613, 35.315137], [-2.957959, 35.363086], [-2.972217, 35.407275], [-3.063086, 35.317236], [-3.206006, 35.239111], [-3.394727, 35.211816], [-3.590625, 35.22832], [-3.693262, 35.27998], [-3.787988, 35.244922], [-3.982422, 35.243408], [-4.32998, 35.161475], [-4.62832, 35.206396], [-4.837207, 35.281299], [-5.105371, 35.467773], [-5.252686, 35.614746], [-5.337646, 35.745215], [-5.337646, 35.856543], [-5.277832, 35.902734], [-5.397363, 35.929883], [-5.522266, 35.862012], [-5.622852, 35.828906], [-5.747949, 35.815967], [-5.924805, 35.785791], [-5.957568, 35.681152], [-6.353125, 34.776074], [-6.755762, 34.13291], [-6.900977, 33.969043], [-7.144678, 33.830322], [-7.562354, 33.640283], [-8.301172, 33.374365], [-8.512842, 33.252441], [-8.596289, 33.187158], [-8.83623, 32.920459], [-9.24585, 32.572461], [-9.249121, 32.48584], [-9.286572, 32.240576], [-9.347461, 32.086377], [-9.674951, 31.710986], [-9.808691, 31.424609], [-9.83335, 31.069629], [-9.832422, 30.847266], [-9.875488, 30.71792], [-9.853906, 30.64458], [-9.773145, 30.603125], [-9.65293, 30.447559], [-9.623828, 30.352637], [-9.66709, 30.109277], [-9.743457, 29.958203], [-9.852637, 29.809229], [-10.010498, 29.641406], [-10.200586, 29.380371], [-10.486475, 29.064941], [-10.673828, 28.939209], [-11.080957, 28.71377], [-11.299072, 28.526074], [-11.430176, 28.382031], [-11.552686, 28.310107], [-11.986084, 28.129297], [-12.468896, 28.009424], [-12.793652, 27.978418], [-12.948926, 27.91416], [-13.040723, 27.769824], [-13.175977, 27.655713], [-13.256152, 27.434619], [-13.409814, 27.146631], [-13.495752, 26.872656], [-13.575781, 26.735107], [-13.695898, 26.64292], [-13.9521, 26.48877], [-14.168359, 26.41543], [-14.312451, 26.296729], [-14.413867, 26.253711], [-14.470557, 26.163037], [-14.522754, 25.925244], [-14.602295, 25.808545], [-14.707031, 25.547705], [-14.794922, 25.40415], [-14.84292, 25.220117], [-14.856055, 24.871582], [-14.904297, 24.719775], [-15.038867, 24.548828], [-15.188623, 24.478809], [-15.586328, 24.072754], [-15.777783, 23.95293], [-15.899316, 23.844434], [-15.952832, 23.74082], [-15.980713, 23.670312], [-15.912549, 23.727588], [-15.855176, 23.800342], [-15.80166, 23.842236], [-15.789258, 23.792871], [-15.805957, 23.749512], [-15.942627, 23.552637], [-15.996729, 23.425488], [-16.113672, 23.227539], [-16.210254, 23.0979], [-16.169727, 23.031934], [-16.201855, 22.945361], [-16.304297, 22.834814], [-16.35874, 22.594531], [-16.514404, 22.333496], [-16.683984, 22.274365], [-16.793262, 22.159717], [-16.930859, 21.9], [-17.009619, 21.3771], [-17.098779, 20.856885], [-17.048047, 20.806152], [-16.998242, 21.039697], [-16.971143, 21.076465], [-16.92793, 21.114795], [-16.876074, 21.086133], [-16.728369, 20.806152], [-16.62251, 20.63418], [-16.562695, 20.60415], [-16.534912, 20.654004], [-16.53042, 20.709521], [-16.479199, 20.689795], [-16.429785, 20.652344], [-16.33374, 20.415869], [-16.210449, 20.22793], [-16.241162, 20.14126], [-16.233203, 20.000977], [-16.283398, 19.787158], [-16.444873, 19.473145], [-16.305273, 19.512646], [-16.371289, 19.410254], [-16.474805, 19.390625], [-16.514453, 19.361963], [-16.476172, 19.285059], [-16.305908, 19.153809], [-16.213086, 19.00332], [-16.150098, 18.718164], [-16.084961, 18.521191], [-16.046729, 18.223145], [-16.030322, 17.887939], [-16.078906, 17.54585], [-16.207471, 17.192578], [-16.34668, 16.926416], [-16.463623, 16.601514], [-16.481299, 16.454248], [-16.535742, 16.286816], [-16.535254, 15.838379], [-16.570752, 15.734424], [-16.843408, 15.293994], [-17.147168, 14.922021], [-17.411816, 14.792187], [-17.535645, 14.755127], [-17.44502, 14.651611], [-17.418457, 14.723486], [-17.345801, 14.729297], [-17.260645, 14.701074], [-17.168066, 14.640625], [-17.079395, 14.483057], [-16.973828, 14.403223], [-16.880518, 14.20835], [-16.797754, 14.093262], [-16.791748, 14.00415], [-16.742139, 14.005811], [-16.66748, 14.035596], [-16.618115, 14.040527], [-16.6396, 14.007471], [-16.733887, 13.961182], [-16.766943, 13.904932], [-16.74541, 13.84043], [-16.647852, 13.770996], [-16.587793, 13.689551], [-16.562305, 13.587305], [-16.530078, 13.457959], [-16.440527, 13.353174], [-16.351807, 13.343359], [-16.135449, 13.448242], [-15.849902, 13.459961], [-15.569531, 13.499854], [-15.438135, 13.483203], [-15.42749, 13.468359], [-15.471289, 13.458643], [-15.617676, 13.460107], [-15.804492, 13.425391], [-15.986426, 13.408838], [-16.158398, 13.384033], [-16.187891, 13.326172], [-16.185059, 13.282715], [-16.27168, 13.293799], [-16.413379, 13.269727], [-16.556445, 13.303223], [-16.59834, 13.356836], [-16.614795, 13.435303], [-16.669336, 13.475], [-16.750391, 13.425391], [-16.824805, 13.341064], [-16.769336, 13.148486], [-16.76333, 13.06416], [-16.757373, 12.979785], [-16.768945, 12.883301], [-16.758984, 12.702344], [-16.778418, 12.670166], [-16.767969, 12.628418], [-16.743896, 12.585449], [-16.701416, 12.603174], [-16.672559, 12.622021], [-16.637842, 12.685156], [-16.597656, 12.715283], [-16.548828, 12.663818], [-16.455029, 12.624805], [-16.442871, 12.609473], [-16.449951, 12.580713], [-16.488086, 12.581836], [-16.553223, 12.604883], [-16.677637, 12.560059], [-16.760303, 12.525781], [-16.784863, 12.47251], [-16.74585, 12.399707], [-16.711816, 12.354834], [-16.436816, 12.20415], [-16.312305, 12.243018], [-16.24458, 12.237109], [-16.254736, 12.206055], [-16.318848, 12.14375], [-16.328076, 12.051611], [-16.274316, 11.978125], [-16.138428, 11.917285], [-15.958789, 11.959619], [-15.920215, 11.937793], [-15.902734, 11.919678], [-15.941748, 11.786621], [-15.819385, 11.763477], [-15.650684, 11.818359], [-15.513477, 11.917578], [-15.434766, 11.943555], [-15.188086, 11.927295], [-15.111523, 11.970264], [-15.078271, 11.968994], [-15.071973, 11.947021], [-15.101709, 11.913965], [-15.133105, 11.907324], [-15.21084, 11.870947], [-15.415723, 11.871777], [-15.467187, 11.842822], [-15.500244, 11.778369], [-15.501904, 11.723779], [-15.412988, 11.615234], [-15.359668, 11.6229], [-15.316699, 11.669189], [-15.230371, 11.686768], [-15.122412, 11.661572], [-15.072656, 11.597803], [-15.16377, 11.580957], [-15.252588, 11.573291], [-15.429102, 11.498877], [-15.479492, 11.410303], [-15.448975, 11.389746], [-15.39917, 11.401465], [-15.354687, 11.396338], [-15.348437, 11.378076], [-15.394531, 11.334473], [-15.400586, 11.266211], [-15.393115, 11.217236], [-15.31748, 11.152002], [-15.263379, 11.160889], [-15.216699, 11.15625], [-15.222119, 11.030908], [-15.181055, 11.034229], [-15.096777, 11.140039], [-15.05459, 11.141943], [-15.09375, 11.011035], [-15.043018, 10.940137], [-15.051221, 10.83457], [-15.012402, 10.804346], [-14.975, 10.803418], [-14.924805, 10.944922], [-14.886719, 10.968066], [-14.837451, 10.962549], [-14.775928, 10.931641], [-14.757373, 10.862061], [-14.693359, 10.741016], [-14.677344, 10.688965], [-14.593506, 10.766699], [-14.587402, 10.734912], [-14.613623, 10.617822], [-14.60957, 10.549854], [-14.426904, 10.24834], [-14.17041, 10.128613], [-14.086279, 10.127246], [-14.04502, 10.14126], [-14.029932, 10.115137], [-14.021875, 10.047852], [-13.954639, 9.968701], [-13.820117, 9.887207], [-13.753711, 9.870264], [-13.712646, 9.922949], [-13.689795, 9.927783], [-13.700488, 9.85127], [-13.658691, 9.776367], [-13.657129, 9.639111], [-13.691357, 9.535791], [-13.568262, 9.543408], [-13.436279, 9.420312], [-13.405566, 9.360645], [-13.396094, 9.314307], [-13.295898, 9.218506], [-13.269482, 9.170557], [-13.302637, 9.078369], [-13.292676, 9.049219], [-13.271631, 8.987402], [-13.153711, 8.897705], [-13.059473, 8.881152], [-13.071045, 8.856348], [-13.206934, 8.843115], [-13.226172, 8.765967], [-13.228418, 8.695898], [-13.181836, 8.576904], [-13.121631, 8.58877], [-13.088232, 8.625732], [-12.953369, 8.615137], [-12.904004, 8.65625], [-12.894092, 8.629785], [-12.912939, 8.581543], [-12.994238, 8.526465], [-13.08501, 8.424756], [-13.157959, 8.442285], [-13.20332, 8.484277], [-13.26123, 8.487598], [-13.272754, 8.429736], [-13.201758, 8.33584], [-13.148975, 8.2146], [-13.020801, 8.200928], [-12.956934, 8.145312], [-12.925146, 8.055176], [-12.880957, 7.856641], [-12.850879, 7.818701], [-12.781934, 7.791113], [-12.697607, 7.715869], [-12.570215, 7.700586], [-12.510449, 7.753369], [-12.480273, 7.753271], [-12.510449, 7.665723], [-12.432715, 7.54502], [-12.480664, 7.44248], [-12.485645, 7.386279], [-12.346631, 7.341797], [-11.929199, 7.183545], [-11.733447, 7.088574], [-11.54751, 6.946973], [-11.50752, 6.906543], [-11.291602, 6.688232], [-11.004541, 6.557373], [-10.849023, 6.465088], [-10.785596, 6.310156], [-10.707617, 6.258496], [-10.59707, 6.210938], [-10.418164, 6.167334], [-10.276367, 6.077637], [-9.654395, 5.518701], [-9.374756, 5.241064], [-9.132178, 5.054639], [-8.259033, 4.58999], [-7.998242, 4.508691], [-7.66001, 4.366797], [-7.544971, 4.351318], [-7.426074, 4.376025], [-7.231396, 4.485986], [-7.057959, 4.544727], [-6.9229, 4.63833], [-6.845166, 4.671484], [-6.548437, 4.761768], [-6.061719, 4.952832], [-5.91377, 5.010937], [-5.564746, 5.089453], [-5.061816, 5.130664], [-5.104883, 5.162158], [-5.265771, 5.159717], [-5.367529, 5.150781], [-5.335449, 5.191992], [-5.282373, 5.210254], [-5.023682, 5.203613], [-4.970117, 5.147754], [-4.899707, 5.13833], [-4.661523, 5.172559], [-4.037207, 5.230127], [-4.062061, 5.256641], [-4.115186, 5.261621], [-4.608887, 5.235889], [-4.552832, 5.279883], [-4.357275, 5.301416], [-4.120166, 5.309717], [-3.98418, 5.293164], [-3.870605, 5.220703], [-3.347559, 5.130664], [-3.312012, 5.160791], [-3.237598, 5.3354], [-3.199951, 5.354492], [-3.151416, 5.348291], [-3.168701, 5.203027], [-3.063965, 5.157715], [-3.025879, 5.150537], [-3.019141, 5.130811], [-3.086719, 5.12832], [-3.214893, 5.147217], [-3.246387, 5.114062], [-3.114014, 5.088672], [-3.081885, 5.082471], [-2.96499, 5.046289], [-2.723047, 5.013721], [-2.398926, 4.929346], [-2.266406, 4.874072], [-2.090186, 4.764062], [-2.001855, 4.762451], [-1.776855, 4.880371], [-1.638477, 4.980859], [-1.50166, 5.037988], [-1.064307, 5.182666], [-0.797705, 5.226709], [-0.669434, 5.318555], [-0.485449, 5.394238], [-0.34873, 5.500781], [-0.126514, 5.568164], [0.259668, 5.757324], [0.671875, 5.759717], [0.748828, 5.760107], [0.949707, 5.810254], [1.008008, 5.906396], [1.050293, 5.993994], [1.105566, 6.051367], [1.187207, 6.089404], [1.310645, 6.146875], [1.622656, 6.216797], [1.818164, 6.260645], [2.286914, 6.328076], [2.706445, 6.369238], [2.772461, 6.375732], [3.335547, 6.396924], [3.430176, 6.525], [3.50332, 6.531348], [3.716992, 6.597949], [3.75166, 6.583838], [3.546094, 6.477441], [3.489941, 6.457275], [3.450781, 6.427051], [3.486621, 6.408936], [4.125879, 6.411377], [4.431348, 6.348584], [4.633594, 6.217187], [4.861035, 6.026318], [5.04209, 5.79751], [5.093066, 5.76709], [5.10625, 5.728125], [5.112402, 5.641553], [5.172852, 5.602734], [5.27627, 5.641553], [5.305371, 5.694336], [5.327344, 5.70752], [5.325293, 5.647949], [5.350293, 5.623291], [5.418066, 5.624707], [5.456641, 5.611719], [5.393848, 5.574512], [5.289062, 5.57749], [5.21582, 5.57168], [5.199219, 5.533545], [5.232422, 5.483789], [5.38584, 5.401758], [5.549707, 5.474219], [5.531836, 5.426367], [5.500879, 5.378613], [5.439258, 5.365332], [5.367969, 5.337744], [5.36416, 5.259277], [5.37002, 5.19502], [5.388281, 5.173779], [5.475977, 5.153857], [5.452148, 5.126562], [5.403223, 5.142285], [5.383301, 5.129004], [5.448145, 4.94585], [5.493262, 4.83877], [5.553613, 4.733203], [5.587793, 4.647217], [5.798633, 4.455957], [5.906445, 4.387744], [5.970703, 4.338574], [6.076563, 4.290625], [6.17334, 4.277393], [6.205566, 4.292285], [6.214648, 4.385498], [6.270996, 4.432129], [6.275293, 4.37168], [6.255957, 4.334473], [6.263672, 4.309424], [6.299805, 4.303857], [6.462109, 4.333154], [6.5, 4.331934], [6.55459, 4.341406], [6.57998, 4.475977], [6.601562, 4.455176], [6.617285, 4.375781], [6.633008, 4.340234], [6.715137, 4.342432], [6.757031, 4.343555], [6.860352, 4.37334], [6.793066, 4.469141], [6.792188, 4.592627], [6.786035, 4.652002], [6.767676, 4.724707], [6.787598, 4.724707], [6.824707, 4.645264], [6.83916, 4.523486], [6.867871, 4.441113], [6.923242, 4.390674], [7.013379, 4.397314], [7.154688, 4.514404], [7.16416, 4.615576], [7.086914, 4.68584], [7.076563, 4.716162], [7.143848, 4.684082], [7.206738, 4.612061], [7.284375, 4.547656], [7.459863, 4.555225], [7.509473, 4.594922], [7.517383, 4.645459], [7.530762, 4.655176], [7.565625, 4.560937], [7.644238, 4.525342], [7.800781, 4.522266], [8.028516, 4.555371], [8.293066, 4.557617], [8.328027, 4.656104], [8.233789, 4.907471], [8.252734, 4.923975], [8.34209, 4.824756], [8.393652, 4.81377], [8.431348, 4.74624], [8.514844, 4.724707], [8.54375, 4.757812], [8.555859, 4.755225], [8.570508, 4.7521], [8.532813, 4.605859], [8.539551, 4.571875], [8.574414, 4.526221], [8.65625, 4.516357], [8.689648, 4.550244], [8.660352, 4.670996], [8.70791, 4.645703], [8.761914, 4.580029], [8.807129, 4.573437], [8.856445, 4.579248], [8.889453, 4.572754], [8.918262, 4.55376], [8.902832, 4.435156], [8.913574, 4.357812], [8.932031, 4.290234], [8.977051, 4.23042], [9.000098, 4.091602], [9.113867, 4.041064], [9.249121, 3.997852], [9.297363, 3.972949], [9.310938, 3.940381], [9.362305, 3.925732], [9.425293, 3.922314], [9.462012, 3.942529], [9.500781, 4.000732], [9.483691, 4.066113], [9.511816, 4.060645], [9.550586, 4.028418], [9.600391, 4.026904], [9.669531, 4.07666], [9.688867, 4.056396], [9.649219, 4.00835], [9.639941, 3.965332], [9.736133, 3.880127], [9.739648, 3.85293], [9.628125, 3.87002], [9.592773, 3.814307], [9.556152, 3.798047], [9.615918, 3.696484], [9.642383, 3.611768], [9.765723, 3.623828], [9.67207, 3.537598], [9.876172, 3.309766], [9.915039, 3.239648], [9.948438, 3.079053], [9.885449, 2.916553], [9.867578, 2.734961], [9.821777, 2.539258], [9.800781, 2.304443], [9.779688, 2.068213], [9.807031, 1.92749], [9.718848, 1.788672], [9.647656, 1.617578], [9.632129, 1.565527], [9.584277, 1.540234], [9.494238, 1.435303], [9.434082, 1.296387], [9.385938, 1.139258], [9.445312, 1.120654], [9.509863, 1.114795], [9.599414, 1.054443], [9.59082, 1.031982], [9.575391, 0.991309], [9.625879, 0.779443], [9.625293, 0.631641], [9.617969, 0.576514], [9.601074, 0.567725], [9.556641, 0.594189], [9.538965, 0.658691], [9.495313, 0.664844], [9.32998, 0.61084], [9.324805, 0.5521], [9.398828, 0.486719], [9.470117, 0.361914], [9.546484, 0.295947], [9.77666, 0.19248], [9.944434, 0.219873], [10.001465, 0.194971], [9.812695, 0.125586], [9.796777, 0.044238], [9.738379, 0.084961], [9.574316, 0.148926], [9.468164, 0.159766], [9.411133, 0.200439], [9.386133, 0.245898], [9.375781, 0.307227], [9.354883, 0.343604], [9.301855, 0.288525], [9.325293, 0.11582], [9.33445496401489, 0.0]], [[42.8785940565059, 0.0], [43.467676, 0.621631], [43.717578, 0.857861], [44.032715, 1.105908], [44.332715, 1.390967], [44.920215, 1.810156], [45.82627, 2.309863], [46.051172, 2.475146], [46.878809, 3.285645], [47.511426, 3.968262], [47.975293, 4.497021], [48.233984, 4.952686], [48.649023, 5.494385], [49.049316, 6.173633], [49.092676, 6.407861], [49.234961, 6.777344], [49.348535, 6.990527], [49.57002, 7.296973], [49.671191, 7.469531], [49.76123, 7.659521], [49.852051, 7.962549], [50.102832, 8.199805], [50.285742, 8.509424], [50.321191, 8.61958], [50.429785, 8.845264], [50.637988, 9.109277], [50.685156, 9.241162], [50.825, 9.428174], [50.832813, 9.710498], [50.87373, 9.92417], [50.898438, 10.253125], [50.930078, 10.335547], [51.035938, 10.385156], [51.208789, 10.431055], [51.268164, 10.403125], [51.38457, 10.386523], [51.390234, 10.422607], [51.369141, 10.475244], [51.295703, 10.498682], [51.192969, 10.554639], [51.185547, 10.529834], [51.188281, 10.479736], [51.063184, 10.433936], [51.031836, 10.444775], [51.050781, 10.471973], [51.093848, 10.488525], [51.104883, 10.53584], [51.13125, 10.595898], [51.140625, 10.656885], [51.122266, 11.076758], [51.084277, 11.335645], [51.136328, 11.505127], [51.218164, 11.657666], [51.231836, 11.74502], [51.254883, 11.830713], [51.191309, 11.841992], [50.792285, 11.983691], [50.635938, 11.943799], [50.52832, 11.823193], [50.466211, 11.727539], [50.110059, 11.529297], [49.64209, 11.450928], [49.388281, 11.342725], [49.062109, 11.27085], [48.938574, 11.258447], [48.903125, 11.254883], [48.674414, 11.322656], [48.572559, 11.320508], [48.438867, 11.290137], [48.019238, 11.139355], [47.7125, 11.112012], [47.473828, 11.174805], [47.40498, 11.174023], [47.230078, 11.099902], [46.973438, 10.925391], [46.565039, 10.745996], [46.460254, 10.73418], [46.253906, 10.781104], [46.024512, 10.793701], [45.816699, 10.835889], [45.695898, 10.803906], [45.337695, 10.649756], [44.942969, 10.436719], [44.386523, 10.430225], [44.279297, 10.471875], [44.158203, 10.550781], [43.852734, 10.784277], [43.631152, 11.035449], [43.441211, 11.346436], [43.245996, 11.499805], [43.161719, 11.566016], [43.042773, 11.588477], [42.911523, 11.586621], [42.789746, 11.561719], [42.652734, 11.50957], [42.583789, 11.496777], [42.539746, 11.504297], [42.521777, 11.572168], [42.640039, 11.560107], [42.799023, 11.739404], [43.048047, 11.829053], [43.27207, 11.969531], [43.336719, 12.027002], [43.380273, 12.09126], [43.409766, 12.189941], [43.353516, 12.367041], [43.298633, 12.463867], [43.130859, 12.660449], [43.116699, 12.708594], [43.08291, 12.824609], [42.999023, 12.899512], [42.969531, 12.80835], [42.796191, 12.864258], [42.734473, 13.018604], [42.522852, 13.221484], [42.399316, 13.212598], [42.346484, 13.398096], [42.245117, 13.587646], [41.658203, 13.983057], [41.479688, 14.243896], [41.176465, 14.620312], [40.799316, 14.743018], [40.634375, 14.883008], [40.546289, 14.933594], [40.436523, 14.963965], [40.305273, 14.974023], [40.204102, 15.014111], [40.084082, 15.151953], [40.057813, 15.21709], [40.041016, 15.334521], [39.97832, 15.393115], [39.86377, 15.470312], [39.813477, 15.413574], [39.790332, 15.318848], [39.815625, 15.245312], [39.819434, 15.20127], [39.785547, 15.124854], [39.720801, 15.213672], [39.63125, 15.452539], [39.578809, 15.52251], [39.506543, 15.532129], [39.422266, 15.78667], [39.298926, 15.921094], [39.222559, 16.193701], [39.142578, 16.72915], [39.034473, 17.085547], [38.911719, 17.427148], [38.609473, 18.005078], [38.574023, 18.072949], [38.33291, 18.219043], [38.283105, 18.286719], [38.252148, 18.264404], [38.201758, 18.249414], [38.128125, 18.333301], [38.074023, 18.409766], [37.921875, 18.555908], [37.729785, 18.694336], [37.599414, 18.717432], [37.531641, 18.753125], [37.471289, 18.820117], [37.361523, 19.091992], [37.248438, 19.581885], [37.262598, 19.791895], [37.193164, 20.120703], [37.187891, 20.394922], [37.227539, 20.556738], [37.172656, 20.731982], [37.156836, 20.894922], [37.141113, 20.981787], [37.150586, 21.10376], [37.21748, 21.077637], [37.257227, 21.039404], [37.263184, 21.072656], [37.258594, 21.108545], [37.211719, 21.18584], [37.081152, 21.326025], [36.926953, 21.586523], [36.882617, 21.768799], [36.871387, 21.996729], [36.87041, 22.015771], [36.829688, 22.097656], [36.414551, 22.394189], [36.229688, 22.628809], [35.913379, 22.739648], [35.845801, 22.785693], [35.797363, 22.84873], [35.697852, 22.946191], [35.564355, 23.271094], [35.522754, 23.442529], [35.504395, 23.779297], [35.515234, 23.842871], [35.54082, 23.920654], [35.593848, 23.942578], [35.632031, 23.950342], [35.783887, 23.937793], [35.624707, 24.066016], [35.477832, 24.154785], [35.39707, 24.269971], [35.194141, 24.475146], [34.853223, 25.139795], [34.679297, 25.442529], [34.565137, 25.691162], [34.329297, 26.024365], [34.049512, 26.550732], [33.959082, 26.649023], [33.893066, 27.049463], [33.849316, 27.184912], [33.80166, 27.268164], [33.697266, 27.341113], [33.657422, 27.430566], [33.549805, 27.607373], [33.558789, 27.701221], [33.54707, 27.898145], [33.494922, 27.974463], [33.372266, 28.050586], [33.202148, 28.208301], [33.022852, 28.442285], [32.898242, 28.565234], [32.856543, 28.630615], [32.829492, 28.702881], [32.784473, 28.786621], [32.658887, 28.927734], [32.631836, 28.992236], [32.638086, 29.182178], [32.599023, 29.321924], [32.565039, 29.386328], [32.397266, 29.533789], [32.359766, 29.630664], [32.408594, 29.749316], [32.489453, 29.851514], [32.473047, 29.925439], [32.565723, 29.973975], [32.647168, 29.798437], [32.721484, 29.521777], [32.766699, 29.45], [32.811719, 29.4], [32.870605, 29.28623], [33.075781, 29.073047], [33.130176, 28.978271], [33.203711, 28.777783], [33.201953, 28.695703], [33.247754, 28.567725], [33.416113, 28.389844], [33.594141, 28.255566], [33.760254, 28.047656], [34.045117, 27.828857], [34.220117, 27.764307], [34.318555, 27.888965], [34.399707, 28.016016], [34.427148, 28.106494], [34.446484, 28.357324], [34.617188, 28.75791], [34.736426, 29.270605], [34.848535, 29.432129], [34.904297, 29.477344], [34.973438, 29.555029], [34.982227, 29.484473], [34.950781, 29.353516], [34.799121, 28.720508], [34.779883, 28.507324], [34.683301, 28.264111], [34.616211, 28.14834], [34.625, 28.064502], [34.72207, 28.130664], [34.827539, 28.108594], [35.07832, 28.087012], [35.180469, 28.034863], [35.423828, 27.733789], [35.581348, 27.432471], [35.762988, 27.258789], [35.85166, 27.070459], [36.032031, 26.881006], [36.09375, 26.76582], [36.249609, 26.594775], [36.51875, 26.104883], [36.675195, 26.038867], [36.702539, 25.902881], [36.762695, 25.751318], [36.860156, 25.69248], [36.920703, 25.641162], [37.148828, 25.291113], [37.218359, 25.150684], [37.243457, 25.073437], [37.266309, 24.960059], [37.22041, 24.87334], [37.180859, 24.82002], [37.338477, 24.61582], [37.430957, 24.459033], [37.543066, 24.29165], [37.638184, 24.277734], [37.713379, 24.274414], [37.820996, 24.1875], [37.919727, 24.1854], [37.977832, 24.124561], [38.098633, 24.058008], [38.288867, 23.910986], [38.46416, 23.711865], [38.542285, 23.55791], [38.706055, 23.305518], [38.757031, 23.194287], [38.796875, 23.048584], [38.835547, 22.989063], [38.941113, 22.881836], [38.88291, 22.882031], [38.93877, 22.804785], [39.007422, 22.770068], [39.001367, 22.698975], [39.062012, 22.592187], [39.095898, 22.392773], [39.069922, 22.293652], [39.033984, 22.203369], [39.021191, 22.033447], [38.987891, 21.881738], [39.029785, 21.775977], [39.091016, 21.663965], [39.14707, 21.518994], [39.150684, 21.432764], [39.093555, 21.310352], [39.276074, 20.973975], [39.491211, 20.737012], [39.613672, 20.517676], [39.72832, 20.390332], [39.884082, 20.292969], [40.080664, 20.265918], [40.482227, 19.993457], [40.615918, 19.822363], [40.75918, 19.755469], [40.777051, 19.716895], [40.791602, 19.646387], [40.847852, 19.555273], [40.913281, 19.490137], [41.116016, 19.082178], [41.144141, 18.989063], [41.19082, 18.871191], [41.220801, 18.765234], [41.229492, 18.678418], [41.431738, 18.452441], [41.507617, 18.256104], [41.658008, 18.007666], [41.75, 17.885742], [42.052246, 17.669336], [42.293945, 17.434961], [42.332422, 17.256641], [42.383301, 17.122461], [42.475, 17.049854], [42.544141, 16.959668], [42.55293, 16.868457], [42.647461, 16.801367], [42.698828, 16.736963], [42.726367, 16.65332], [42.730664, 16.569824], [42.789844, 16.451562], [42.799316, 16.371777], [42.839648, 16.032031], [42.717188, 15.654639], [42.799902, 15.371631], [42.799023, 15.32627], [42.788477, 15.265723], [42.736426, 15.293555], [42.697852, 15.326318], [42.657813, 15.232812], [42.855664, 15.132959], [42.89707, 15.005566], [42.936426, 14.938574], [42.937305, 14.898047], [42.912988, 14.863086], [42.922168, 14.817383], [42.946973, 14.773145], [43.021094, 14.554883], [43.01875, 14.520801], [43.00625, 14.483105], [43.044824, 14.341553], [43.093359, 14.203662], [43.089063, 14.010986], [43.234082, 13.858936], [43.282422, 13.692529], [43.282617, 13.639844], [43.231934, 13.26709], [43.475293, 12.839014], [43.487598, 12.698828], [43.634375, 12.744482], [43.835352, 12.674414], [43.929785, 12.616504], [44.005859, 12.607666], [44.111523, 12.638672], [44.260352, 12.644629], [44.358496, 12.669141], [44.617773, 12.817236], [44.755273, 12.76377], [44.889844, 12.78418], [45.038672, 12.815869], [45.109766, 12.938574], [45.163867, 12.998291], [45.393555, 13.067041], [45.533984, 13.233496], [45.657324, 13.338721], [45.919727, 13.394287], [46.203125, 13.423828], [46.501953, 13.415576], [46.663477, 13.432715], [46.788867, 13.465576], [46.975684, 13.547461], [47.242578, 13.609375], [47.407715, 13.661621], [47.633398, 13.858447], [47.855078, 13.956934], [47.916016, 14.012842], [47.989941, 14.048096], [48.277832, 13.997656], [48.449023, 14.005908], [48.59375, 14.04624], [48.668359, 14.050146], [48.77998, 14.123877], [48.928711, 14.26748], [49.004688, 14.355029], [49.048047, 14.456445], [49.10293, 14.500049], [49.349902, 14.637793], [49.548633, 14.722412], [49.906348, 14.828125], [50.166895, 14.851025], [50.338574, 14.927197], [50.527051, 15.038184], [51.015137, 15.140771], [51.322461, 15.22627], [51.603711, 15.336816], [51.681543, 15.379102], [51.748633, 15.440137], [51.830762, 15.459277], [51.96582, 15.535693], [52.087305, 15.585938], [52.21748, 15.655518], [52.22207, 15.760596], [52.174023, 15.956836], [52.237305, 16.171387], [52.327734, 16.293555], [52.448438, 16.39126], [52.581445, 16.470361], [53.085645, 16.648389], [53.297754, 16.72334], [53.609863, 16.759961], [53.775391, 16.855713], [53.954395, 16.917822], [54.068164, 17.005518], [54.376953, 17.033643], [54.566504, 17.03125], [54.664648, 17.008887], [54.771875, 16.964648], [55.06416, 17.038916], [55.17373, 17.157617], [55.275195, 17.320898], [55.295605, 17.381592], [55.281445, 17.44624], [55.238184, 17.504736], [55.255371, 17.585645], [55.479102, 17.843262], [55.613867, 17.886084], [55.997656, 17.935205], [56.270313, 17.950781], [56.383496, 17.987988], [56.550781, 18.165967], [56.655078, 18.587354], [56.825977, 18.753516], [56.957227, 18.827832], [57.176563, 18.902588], [57.42793, 18.943799], [57.675781, 18.957861], [57.738477, 18.977344], [57.811621, 19.01709], [57.790332, 19.145947], [57.763965, 19.25332], [57.76084, 19.432227], [57.715137, 19.606934], [57.71416, 19.678418], [57.741211, 19.804492], [57.802148, 19.95459], [57.843652, 20.117725], [57.861816, 20.244141], [57.947168, 20.343604], [58.10293, 20.570361], [58.169434, 20.589502], [58.24502, 20.599219], [58.231641, 20.506836], [58.208984, 20.423975], [58.266016, 20.395459], [58.34873, 20.386914], [58.474219, 20.406885], [58.53418, 20.503906], [58.69043, 20.807129], [58.895703, 21.112793], [59.06875, 21.289062], [59.304492, 21.435352], [59.371484, 21.498828], [59.517578, 21.782324], [59.652539, 21.951367], [59.680859, 22.053809], [59.8, 22.219922], [59.824414, 22.305176], [59.8375, 22.420557], [59.823242, 22.508984], [59.695605, 22.546143], [59.535156, 22.578516], [59.429395, 22.66084], [59.310938, 22.793359], [59.194727, 22.971875], [59.029883, 23.130566], [58.983398, 23.234717], [58.911523, 23.33418], [58.830371, 23.397461], [58.773047, 23.517187], [58.578027, 23.643457], [58.5, 23.645654], [58.393164, 23.618164], [58.324512, 23.623828], [58.12041, 23.716553], [57.825098, 23.759131], [57.611328, 23.803662], [57.219824, 23.922754], [57.123047, 23.980713], [56.9125, 24.150195], [56.774121, 24.33457], [56.640625, 24.470312], [56.489844, 24.716357], [56.387988, 24.979199], [56.372852, 25.018311], [56.363477, 25.569385], [56.297852, 25.650684], [56.307227, 25.709326], [56.329297, 25.751953], [56.373633, 25.80459], [56.416406, 26.10874], [56.417773, 26.208154], [56.429785, 26.327197], [56.413086, 26.351172], [56.378711, 26.356348], [56.346484, 26.313623], [56.305566, 26.235205], [56.228418, 26.219775], [56.197266, 26.229199], [56.164453, 26.207031], [56.080469, 26.062646], [56.074609, 26.052783], [56.025195, 25.916016], [55.941211, 25.793994], [55.522852, 25.498145], [55.433398, 25.394482], [55.32168, 25.299805], [55.303516, 25.236816], [55.098145, 25.041602], [54.746777, 24.810449], [54.658984, 24.715527], [54.624121, 24.621289], [54.580469, 24.563525], [54.534668, 24.530957], [54.498828, 24.462695], [54.458398, 24.358252], [54.39707, 24.278174], [54.304297, 24.254297], [54.147949, 24.171191], [53.893359, 24.077051], [53.801758, 24.069482], [53.32959, 24.098438], [53.026367, 24.147314], [52.648242, 24.154639], [52.511426, 24.1125], [52.250879, 23.995215], [52.118555, 23.971094], [51.906055, 23.985352], [51.843164, 24.010889], [51.791699, 24.074756], [51.767578, 24.254395], [51.734766, 24.262793], [51.664551, 24.250439], [51.623145, 24.301074], [51.605469, 24.338428], [51.568359, 24.286182], [51.534766, 24.286328], [51.476758, 24.308203], [51.395215, 24.318848], [51.309863, 24.340381], [51.369922, 24.476904], [51.418359, 24.530957], [51.41123, 24.570801], [51.338477, 24.564355], [51.267969, 24.607227], [51.396484, 24.645117], [51.42793, 24.668262], [51.533398, 24.890869], [51.586914, 24.964844], [51.608887, 25.052881], [51.601953, 25.147949], [51.561426, 25.284473], [51.519531, 25.389746], [51.510254, 25.452344], [51.485352, 25.524707], [51.526953, 25.682129], [51.572266, 25.781006], [51.543066, 25.902393], [51.389063, 26.011133], [51.262305, 26.153271], [51.108105, 26.080566], [51.003125, 25.981445], [50.903809, 25.724072], [50.868652, 25.612695], [50.802637, 25.49707], [50.762891, 25.444727], [50.75459, 25.399268], [50.777344, 25.177441], [50.846777, 24.888574], [50.835938, 24.850391], [50.804395, 24.789258], [50.725586, 24.869385], [50.666895, 24.963818], [50.55791, 25.08667], [50.508496, 25.306689], [50.455176, 25.424805], [50.28125, 25.566113], [50.238965, 25.622852], [50.189648, 25.755811], [50.130273, 25.846631], [50.081055, 25.961377], [50.031641, 26.110986], [50.053906, 26.122852], [50.095996, 26.118701], [50.135254, 26.100684], [50.155469, 26.100537], [50.213867, 26.308496], [50.184961, 26.404932], [50.110742, 26.455957], [50.027344, 26.526855], [50.011328, 26.608789], [50.008105, 26.678516], [50.026367, 26.699219], [50.086621, 26.676416], [50.134668, 26.659521], [50.149805, 26.662646], [49.986133, 26.828906], [49.716504, 26.955859], [49.537695, 27.151758], [49.405273, 27.180957], [49.281543, 27.310498], [49.175098, 27.437646], [49.2375, 27.492725], [49.15752, 27.528223], [49.086914, 27.548584], [48.906445, 27.629053], [48.797168, 27.724316], [48.807227, 27.765283], [48.832813, 27.800684], [48.808984, 27.895898], [48.77373, 27.959082], [48.626367, 28.132568], [48.523047, 28.355029], [48.498535, 28.448877], [48.44248, 28.54292], [48.389648, 28.631592], [48.371289, 28.691846], [48.339258, 28.763281], [48.25293, 28.90127], [48.183789, 28.979395], [48.100391, 29.210742], [48.086328, 29.275488], [48.051465, 29.355371], [47.998145, 29.385547], [47.935352, 29.366602], [47.845313, 29.365723], [47.722656, 29.393018], [47.725293, 29.416943], [47.81748, 29.487402], [47.969629, 29.616699], [48.04834, 29.59751], [48.089453, 29.579102], [48.143457, 29.572461], [48.136133, 29.618115], [48.077344, 29.715576], [48.005664, 29.835791], [47.973633, 29.945898], [47.978711, 29.982812], [47.98252, 30.011328], [48.072754, 30.043213], [48.141699, 30.040918], [48.35459, 29.956738], [48.454199, 29.938477], [48.546484, 29.962354], [48.595508, 29.975049], [48.670898, 30.02832], [48.832422, 30.035498], [48.870117, 30.062402], [48.919141, 30.120898], [48.908691, 30.241455], [48.891211, 30.327637], [48.916797, 30.397266], [49.037109, 30.450488], [49.001953, 30.506543], [49.130371, 30.509424], [49.224512, 30.472314], [49.247266, 30.4125], [49.190332, 30.375391], [49.096191, 30.406787], [49.049023, 30.397266], [49.001953, 30.373926], [49.028125, 30.333447], [49.054297, 30.306934], [49.42998, 30.130469], [49.554883, 30.028955], [49.983105, 30.209375], [50.071582, 30.198535], [50.128906, 30.048096], [50.168945, 29.92124], [50.230176, 29.8729], [50.386914, 29.679053], [50.543555, 29.547998], [50.649609, 29.420068], [50.667969, 29.339844], [50.646094, 29.212207], [50.675195, 29.146582], [50.795508, 29.117432], [50.875781, 29.062695], [50.875781, 29.004395], [50.842969, 28.927832], [50.866992, 28.870166], [51.021191, 28.78208], [51.062012, 28.726123], [51.093848, 28.512109], [51.128418, 28.435156], [51.276074, 28.218848], [51.278906, 28.131348], [51.518555, 27.91001], [51.589063, 27.864209], [51.666309, 27.844971], [51.841992, 27.848242], [52.030762, 27.824414], [52.191895, 27.717285], [52.475879, 27.616504], [52.602637, 27.493359], [52.638184, 27.391992], [52.691602, 27.323389], [52.98252, 27.141943], [53.341699, 27.004492], [53.45498, 26.943262], [53.507129, 26.851758], [53.705762, 26.725586], [53.822559, 26.707715], [54.069336, 26.732373], [54.24707, 26.696631], [54.52207, 26.58916], [54.644922, 26.508936], [54.759277, 26.505078], [54.895801, 26.556689], [55.15459, 26.725391], [55.294141, 26.785937], [55.424023, 26.770557], [55.518555, 26.829932], [55.591602, 26.932129], [55.650293, 26.977539], [55.941113, 27.037598], [56.118066, 27.143115], [56.284375, 27.190625], [56.356152, 27.200244], [56.728125, 27.127686], [56.812891, 27.08999], [56.910449, 26.99458], [56.982227, 26.905469], [57.036035, 26.800684], [57.071973, 26.680078], [57.104297, 26.371436], [57.201367, 26.158838], [57.205566, 26.037207], [57.260938, 25.918848], [57.33457, 25.791553], [57.73252, 25.724902], [57.796094, 25.653027], [57.936621, 25.69165], [58.022363, 25.64082], [58.20293, 25.591602], [58.314258, 25.580859], [58.530859, 25.592432], [58.797852, 25.55459], [59.046094, 25.417285], [59.227246, 25.427734], [59.456055, 25.481494], [59.616016, 25.403271], [59.818359, 25.400879], [59.89707, 25.361816], [60.024707, 25.384131], [60.400195, 25.311572], [60.510547, 25.437061], [60.5875, 25.413525], [60.615137, 25.329834], [60.663867, 25.282227], [61.108594, 25.183887], [61.242969, 25.141992], [61.412207, 25.1021], [61.490332, 25.153662], [61.533105, 25.195508], [61.743652, 25.138184], [61.90791, 25.131299], [62.089453, 25.155322], [62.152148, 25.206641], [62.198633, 25.224854], [62.24873, 25.197363], [62.315332, 25.134912], [62.391211, 25.152539], [62.444727, 25.197266], [62.572461, 25.254736], [62.664746, 25.264795], [63.015039, 25.224658], [63.17002, 25.254883], [63.285742, 25.227588], [63.491406, 25.21084], [63.495703, 25.29751], [63.556641, 25.353174], [63.720898, 25.385889], [63.935547, 25.342529], [63.987305, 25.351172], [64.059375, 25.40293], [64.124902, 25.373926], [64.152051, 25.333447], [64.54375, 25.23667], [64.594043, 25.206299], [64.658984, 25.184082], [64.77666, 25.307324], [65.061328, 25.311084], [65.40625, 25.374316], [65.679688, 25.355273], [65.883594, 25.419629], [66.234668, 25.464355], [66.32832, 25.465771], [66.40293, 25.446826], [66.467676, 25.445312], [66.407129, 25.485059], [66.356445, 25.507373], [66.131152, 25.493262], [66.162305, 25.553906], [66.219043, 25.589893], [66.324219, 25.601807], [66.428613, 25.575342], [66.533887, 25.484375], [66.569922, 25.378516], [66.698633, 25.226318], [66.709863, 25.111328], [66.682227, 24.928857], [66.703027, 24.860937], [67.100586, 24.791943], [67.171484, 24.756104], [67.288672, 24.367773], [67.304297, 24.262891], [67.309375, 24.174805], [67.365234, 24.091602], [67.427637, 24.064844], [67.453906, 24.039893], [67.476855, 24.018262], [67.503613, 23.940039], [67.563086, 23.881836], [67.645801, 23.919873], [67.649512, 23.867285], [67.668457, 23.810986], [67.819043, 23.828076], [67.859961, 23.902686], [67.950977, 23.828613], [68.001465, 23.826074], [68.037012, 23.848242], [68.067773, 23.818359], [68.115527, 23.753369], [68.148828, 23.797217], [68.165039, 23.857324], [68.191992, 23.728906], [68.234961, 23.596973], [68.343359, 23.616846], [68.424902, 23.705566], [68.496875, 23.747998], [68.642383, 23.808496], [68.776758, 23.8521], [68.627148, 23.75415], [68.453809, 23.629492], [68.41748, 23.571484], [68.529199, 23.364063], [68.640723, 23.189941], [68.81709, 23.053711], [69.235938, 22.848535], [69.664648, 22.759082], [69.739648, 22.775195], [69.849805, 22.856445], [70.118262, 22.947021], [70.191699, 22.965674], [70.251172, 22.970898], [70.339453, 22.939746], [70.367969, 22.973486], [70.396289, 23.030127], [70.43457, 23.0771], [70.489258, 23.089502], [70.509375, 23.040137], [70.513477, 23.00249], [70.44043, 22.970312], [70.327734, 22.815771], [70.177246, 22.572754], [70.08418, 22.553516], [70.005859, 22.547705], [69.819043, 22.451758], [69.727539, 22.465186], [69.655176, 22.403516], [69.549219, 22.408398], [69.276563, 22.285498], [69.238867, 22.300195], [69.194238, 22.336084], [69.131348, 22.41626], [69.05166, 22.437305], [68.983496, 22.3854], [68.969922, 22.290283], [69.008789, 22.196777], [69.191699, 21.991504], [69.385449, 21.839551], [69.541992, 21.678564], [69.748438, 21.505713], [70.034375, 21.178809], [70.127344, 21.094678], [70.485059, 20.840186], [70.719336, 20.74043], [70.879688, 20.714502], [71.024609, 20.738867], [71.396484, 20.869775], [71.571094, 20.970557], [72.015234, 21.155713], [72.076563, 21.224072], [72.254004, 21.531006], [72.256641, 21.66123], [72.210352, 21.728223], [72.170898, 21.774316], [72.10293, 21.79458], [72.037207, 21.823047], [72.075586, 21.862988], [72.094434, 21.919971], [72.161719, 21.984814], [72.244336, 22.027637], [72.274414, 22.089746], [72.306445, 22.189209], [72.242578, 22.245166], [72.182813, 22.269727], [72.332617, 22.270215], [72.455957, 22.248096], [72.590137, 22.278125], [72.701953, 22.263623], [72.80918, 22.233301], [72.708789, 22.207178], [72.62793, 22.199609], [72.553027, 22.159961], [72.522266, 21.976221], [72.61748, 21.961719], [72.700195, 21.971924], [72.644043, 21.937988], [72.59248, 21.877588], [72.543066, 21.696582], [72.839746, 21.687256], [72.979102, 21.704687], [73.1125, 21.750439], [73.022461, 21.699609], [72.810547, 21.619922], [72.717578, 21.55127], [72.613281, 21.461816], [72.668359, 21.455908], [72.734766, 21.470801], [72.686523, 21.435742], [72.623828, 21.371973], [72.692383, 21.177637], [72.751563, 21.12915], [72.813867, 21.117188], [72.824316, 21.083594], [72.840527, 20.95249], [72.878906, 20.828516], [72.89375, 20.672754], [72.881152, 20.563184], [72.708984, 20.078027], [72.667773, 19.830957], [72.675977, 19.797949], [72.697461, 19.757129], [72.726562, 19.578271], [72.799414, 19.519824], [72.756445, 19.450537], [72.763965, 19.413184], [72.787891, 19.362988], [72.987207, 19.277441], [72.811621, 19.298926], [72.794531, 19.2521], [72.802734, 19.21875], [72.803027, 19.079297], [72.834668, 18.975586], [72.900684, 19.014502], [72.97207, 19.15332], [73.005566, 19.021094], [72.976855, 18.927197], [72.89873, 18.778955], [72.870898, 18.683057], [72.875488, 18.642822], [72.917188, 18.576123], [72.943164, 18.365625], [72.97207, 18.259277], [72.993945, 18.097705], [73.047168, 17.906738], [73.156055, 17.621924], [73.149023, 17.527441], [73.23916, 17.198535], [73.337598, 16.459863], [73.453711, 16.1521], [73.476074, 16.054248], [73.607715, 15.871094], [73.679883, 15.708887], [73.732813, 15.656934], [73.832813, 15.659375], [73.771777, 15.573047], [73.813867, 15.538574], [73.851953, 15.482471], [73.931934, 15.396973], [73.800781, 15.396973], [73.884277, 15.306445], [73.949219, 15.074756], [74.040625, 14.949365], [74.08877, 14.902197], [74.223047, 14.708887], [74.280371, 14.649512], [74.335059, 14.575439], [74.382227, 14.494727], [74.397168, 14.407422], [74.466992, 14.216504], [74.466699, 14.168848], [74.498535, 14.046338], [74.608496, 13.849658], [74.670898, 13.667627], [74.681641, 13.58374], [74.682324, 13.506934], [74.770508, 13.077344], [74.80293, 12.976855], [74.868262, 12.84458], [74.945508, 12.564551], [75.19668, 12.05752], [75.229785, 12.02334], [75.314648, 11.958447], [75.422656, 11.812207], [75.524512, 11.703125], [75.646094, 11.468408], [75.723828, 11.361768], [75.844629, 11.057568], [75.922559, 10.784082], [76.096094, 10.402246], [76.12334, 10.327002], [76.201465, 10.200635], [76.192676, 10.16377], [76.195605, 10.086133], [76.222754, 10.024268], [76.24873, 10.017969], [76.346484, 9.922119], [76.458789, 9.53623], [76.419531, 9.520459], [76.375586, 9.539893], [76.372266, 9.707373], [76.343066, 9.827344], [76.284668, 9.909863], [76.242383, 9.9271], [76.292383, 9.676465], [76.324609, 9.4521], [76.403125, 9.236816], [76.419043, 9.207812], [76.452344, 9.18877], [76.471777, 9.16084], [76.48291, 9.090771], [76.553418, 8.902783], [76.617285, 8.84707], [76.966895, 8.407275], [77.065918, 8.315918], [77.301465, 8.145312], [77.517578, 8.07832], [77.587207, 8.129883], [77.770312, 8.189844], [78.060156, 8.38457], [78.126367, 8.511328], [78.136035, 8.663379], [78.19248, 8.890869], [78.274512, 8.990186], [78.421484, 9.105029], [78.97959, 9.268555], [79.212891, 9.256006], [79.411426, 9.192383], [79.356348, 9.252148], [79.275488, 9.284619], [79.107031, 9.308936], [79.019922, 9.33335], [78.953125, 9.393799], [78.919141, 9.452881], [78.939941, 9.565771], [78.996289, 9.683105], [79.257812, 10.035205], [79.253613, 10.174805], [79.314551, 10.256689], [79.390527, 10.305957], [79.531641, 10.329639], [79.588574, 10.312354], [79.667383, 10.299707], [79.756934, 10.304346], [79.838184, 10.322559], [79.850195, 10.768848], [79.848633, 11.196875], [79.835254, 11.268848], [79.799023, 11.338672], [79.693164, 11.312549], [79.748926, 11.370605], [79.793359, 11.44668], [79.754102, 11.575293], [79.771387, 11.690234], [79.858496, 11.98877], [79.981738, 12.235449], [80.0375, 12.295801], [80.143066, 12.452002], [80.229102, 12.690332], [80.342383, 13.361328], [80.290332, 13.436719], [80.114258, 13.528711], [80.062109, 13.60625], [80.15625, 13.71377], [80.233398, 13.605762], [80.265625, 13.521289], [80.306543, 13.485059], [80.245801, 13.68584], [80.244141, 13.773486], [80.224414, 13.858203], [80.143652, 14.058936], [80.111719, 14.212207], [80.13623, 14.286572], [80.170117, 14.349414], [80.178711, 14.47832], [80.16543, 14.577832], [80.098633, 14.798242], [80.053418, 15.074023], [80.101074, 15.323633], [80.293457, 15.710742], [80.384863, 15.792773], [80.646582, 15.89502], [80.707812, 15.888086], [80.781836, 15.867334], [80.825977, 15.765918], [80.864746, 15.782227], [80.917773, 15.759668], [80.978711, 15.75835], [80.993457, 15.80874], [81.030078, 15.881445], [81.132129, 15.961768], [81.238574, 16.263965], [81.286133, 16.337061], [81.401855, 16.365234], [81.711719, 16.334473], [81.761914, 16.329492], [82.141504, 16.485352], [82.258789, 16.559863], [82.327148, 16.664355], [82.338672, 16.706543], [82.359766, 16.782812], [82.35, 16.825195], [82.307227, 16.878564], [82.281934, 16.936084], [82.286523, 16.978076], [82.35957, 17.096191], [82.593164, 17.273926], [82.976855, 17.461816], [83.19834, 17.608984], [83.387988, 17.78667], [83.572266, 18.003613], [83.654297, 18.069873], [84.104102, 18.292676], [84.181738, 18.400586], [84.462793, 18.689746], [84.609375, 18.884326], [84.69082, 18.964697], [84.749805, 19.050098], [84.770996, 19.125391], [85.225586, 19.50835], [85.441602, 19.626562], [85.436914, 19.656885], [85.370898, 19.678906], [85.228516, 19.601318], [85.180762, 19.594873], [85.162793, 19.620898], [85.248633, 19.757666], [85.459961, 19.895898], [85.504102, 19.887695], [85.555078, 19.866895], [85.559766, 19.753467], [85.511133, 19.726904], [85.496875, 19.696924], [85.575, 19.69292], [85.85293, 19.791748], [86.216211, 19.895801], [86.279492, 19.919434], [86.30293, 19.944678], [86.311914, 19.987793], [86.245215, 20.053027], [86.293652, 20.05376], [86.376563, 20.006738], [86.445801, 20.088916], [86.49873, 20.171631], [86.750391, 20.313232], [86.769238, 20.355908], [86.7625, 20.419141], [86.835938, 20.534326], [86.924512, 20.619775], [86.975488, 20.700146], [86.939355, 20.745068], [86.895801, 20.965576], [86.842285, 21.106348], [86.85957, 21.236719], [86.954102, 21.365332], [87.100684, 21.500781], [87.200684, 21.544873], [87.678223, 21.653516], [87.82373, 21.727344], [87.948438, 21.825439], [88.050781, 22.001074], [88.104102, 22.047363], [88.159277, 22.121729], [88.083008, 22.182715], [88.010742, 22.212646], [87.961621, 22.255029], [87.941406, 22.374316], [87.994434, 22.265674], [88.087109, 22.217725], [88.196289, 22.139551], [88.181055, 22.03291], [88.099414, 21.793555], [88.056836, 21.694141], [88.12207, 21.635791], [88.253711, 21.622314], [88.279199, 21.696875], [88.2875, 21.758203], [88.305469, 21.72334], [88.445996, 21.614258], [88.584668, 21.659717], [88.599805, 21.71377], [88.566797, 21.832129], [88.641602, 22.121973], [88.65957, 22.066943], [88.708301, 22.056152], [88.730273, 22.036084], [88.740234, 22.00542], [88.691211, 21.733496], [88.694727, 21.662402], [88.712988, 21.621973], [88.74502, 21.584375], [88.834375, 21.661377], [88.85752, 21.744678], [88.907422, 21.653076], [88.96709, 21.641357], [89.05166, 21.654102], [89.041992, 21.758691], [89.019629, 21.833643], [88.949316, 21.937939], [89.02793, 21.937207], [89.051465, 22.093164], [89.081641, 22.014941], [89.093945, 21.872754], [89.16709, 21.784277], [89.234277, 21.722363], [89.278613, 21.706982], [89.353711, 21.721094], [89.451953, 21.821094], [89.500586, 21.914355], [89.502539, 22.031885], [89.469336, 22.212939], [89.483203, 22.275537], [89.547461, 21.983691], [89.566602, 21.860596], [89.568555, 21.767432], [89.628125, 21.81416], [89.667773, 21.877686], [89.756836, 21.919043], [89.811914, 21.983496], [89.852539, 22.090918], [89.86582, 22.173047], [89.853223, 22.288965], [89.881836, 22.387598], [89.985156, 22.466406], [89.893848, 22.308398], [89.894043, 22.202588], [89.918066, 22.116162], [89.954199, 22.022852], [90.068555, 22.098193], [90.143457, 22.137891], [90.20957, 22.156592], [90.087891, 22.01748], [90.07002, 21.959912], [90.071191, 21.887256], [90.130762, 21.847412], [90.158789, 21.816846], [90.230566, 21.829785], [90.288184, 21.899414], [90.355762, 22.048242], [90.494141, 22.178906], [90.552832, 22.218164], [90.589453, 22.258447], [90.616113, 22.362158], [90.595508, 22.43584], [90.531738, 22.539307], [90.487402, 22.588721], [90.498438, 22.634814], [90.480664, 22.684668], [90.435059, 22.751904], [90.436914, 22.828174], [90.461621, 22.881787], [90.552246, 22.904883], [90.477539, 22.986768], [90.466016, 23.053906], [90.527734, 23.084961], [90.595117, 23.133936], [90.599219, 23.20415], [90.590918, 23.266406], [90.522754, 23.346143], [90.391504, 23.366943], [90.269141, 23.455859], [90.408008, 23.431885], [90.555664, 23.421533], [90.568066, 23.474268], [90.561621, 23.537109], [90.573438, 23.578125], [90.604004, 23.591357], [90.616113, 23.531641], [90.615625, 23.442334], [90.656055, 23.273047], [90.633594, 23.094238], [90.65625, 23.025488], [90.826758, 22.721387], [90.945605, 22.597021], [91.151367, 22.614063], [91.216211, 22.642236], [91.31377, 22.735156], [91.40957, 22.797021], [91.480078, 22.884814], [91.482129, 22.797412], [91.529688, 22.707666], [91.692969, 22.504785], [91.734082, 22.406689], [91.79707, 22.297461], [91.84541, 22.343115], [91.863379, 22.350488], [91.857813, 22.317334], [91.824805, 22.228662], [91.85, 22.157373], [91.913184, 21.883057], [92.008008, 21.684766], [92.010938, 21.51626], [92.056055, 21.174805], [92.194629, 20.984277], [92.248145, 20.883594], [92.307813, 20.79043], [92.324121, 20.791846], [92.37832, 20.717578], [92.608008, 20.469873], [92.722852, 20.295605], [92.732617, 20.453369], [92.708984, 20.563965], [92.735645, 20.562695], [92.786914, 20.469043], [92.850684, 20.414844], [92.891113, 20.340332], [92.87168, 20.301758], [92.843555, 20.282617], [92.791211, 20.211426], [92.82832, 20.177588], [92.882129, 20.152148], [92.990723, 20.287988], [93.01875, 20.346045], [93.035352, 20.406152], [93.066797, 20.377637], [93.015137, 20.185254], [93.068359, 20.188672], [93.095508, 20.181348], [93.040332, 20.129785], [93.001953, 20.074854], [93.129492, 19.858008], [93.190625, 19.851221], [93.199023, 19.89834], [93.156641, 20.040771], [93.25, 20.070117], [93.362305, 20.058301], [93.40957, 20.03833], [93.439063, 20.009424], [93.581836, 19.90957], [93.707031, 19.912158], [93.659863, 19.85415], [93.611719, 19.776074], [93.66875, 19.731982], [93.739551, 19.697266], [93.761035, 19.648047], [93.769922, 19.60957], [93.839551, 19.534131], [93.887891, 19.503906], [93.960742, 19.481689], [93.998145, 19.440869], [93.962012, 19.329346], [93.886133, 19.271924], [93.824902, 19.238477], [93.728027, 19.266504], [93.578613, 19.401172], [93.530566, 19.397559], [93.493066, 19.369482], [93.598145, 19.188477], [93.705469, 19.026904], [93.800098, 18.960596], [93.929199, 18.899658], [93.961328, 18.958398], [93.968066, 18.995068], [93.941016, 19.146094], [94.001563, 19.181787], [94.022461, 19.268799], [94.044922, 19.287402], [94.038965, 19.146191], [94.07002, 18.893408], [94.091309, 18.849219], [94.245703, 18.741162], [94.170703, 18.732422], [94.252148, 18.60918], [94.26582, 18.507227], [94.430762, 18.20166], [94.494336, 17.824609], [94.560059, 17.698975], [94.588965, 17.569336], [94.564453, 17.308545], [94.494336, 17.166553], [94.473145, 17.135449], [94.452441, 16.954492], [94.4, 16.868164], [94.353418, 16.639941], [94.327344, 16.572168], [94.271289, 16.517285], [94.214258, 16.126611], [94.223828, 16.016455], [94.299023, 16.007617], [94.441602, 16.094385], [94.495703, 16.186133], [94.5875, 16.288818], [94.637695, 16.309082], [94.665234, 16.336133], [94.679004, 16.425586], [94.70332, 16.511914], [94.716602, 16.45249], [94.719922, 16.39873], [94.676562, 16.242041], [94.680762, 16.133301], [94.651367, 16.064844], [94.65625, 15.98877], [94.661523, 15.904395], [94.798145, 15.971094], [94.847754, 16.032861], [94.860156, 16.102441], [94.893164, 16.182812], [94.897852, 16.14082], [94.882227, 16.087939], [94.892188, 16.038184], [94.891211, 15.979102], [94.942578, 15.818262], [95.07832, 15.83916], [95.176953, 15.825684], [95.225879, 15.876807], [95.333008, 16.033252], [95.346777, 16.097607], [95.364746, 15.985449], [95.307813, 15.88042], [95.301465, 15.756152], [95.348437, 15.729297], [95.389551, 15.722754], [95.555664, 15.837842], [95.679492, 15.976758], [95.711426, 16.073389], [95.763281, 16.169043], [96.012305, 16.253711], [96.032129, 16.284619], [96.042871, 16.339941], [96.080957, 16.353369], [96.135059, 16.342529], [96.293066, 16.410059], [96.324316, 16.444434], [96.236719, 16.567432], [96.237695, 16.63125], [96.189063, 16.768311], [96.220313, 16.780566], [96.248926, 16.765332], [96.262109, 16.659131], [96.282227, 16.595996], [96.364355, 16.520508], [96.431152, 16.504932], [96.506641, 16.514355], [96.622461, 16.563916], [96.76543, 16.710352], [96.810645, 16.778369], [96.858008, 16.921191], [96.908594, 17.030957], [96.850879, 17.20293], [96.909766, 17.304834], [96.877734, 17.342187], [96.851465, 17.401025], [96.970117, 17.317334], [97.074512, 17.206934], [97.100195, 17.164551], [97.200195, 17.09541], [97.17832, 17.062012], [97.211719, 16.892578], [97.26748, 16.743115], [97.331055, 16.671777], [97.375879, 16.522949], [97.505078, 16.525293], [97.619629, 16.537207], [97.668457, 16.551611], [97.725977, 16.568555], [97.664648, 16.520459], [97.633691, 16.457666], [97.640625, 16.253857], [97.609277, 16.143848], [97.584277, 16.01958], [97.710352, 15.875537], [97.774219, 15.430957], [97.74375, 15.306787], [97.799805, 15.184912], [97.812305, 14.858936], [97.869141, 14.738721], [97.936523, 14.763916], [98.01875, 14.652588], [97.929297, 14.695557], [97.909766, 14.652686], [97.976562, 14.461475], [97.998438, 14.335303], [98.100195, 14.161523], [98.072656, 13.986475], [98.098242, 13.89834], [98.110645, 13.712891], [98.149512, 13.647607], [98.200391, 13.980176], [98.238965, 13.934473], [98.248438, 13.840381], [98.24541, 13.733496], [98.421289, 13.483789], [98.487109, 13.293066], [98.575977, 13.161914], [98.595117, 12.986035], [98.637109, 12.848242], [98.635645, 12.770508], [98.663184, 12.662402], [98.664648, 12.539941], [98.624414, 12.440723], [98.678711, 12.348486], [98.619141, 12.3], [98.600293, 12.245312], [98.630566, 12.225488], [98.696289, 12.225244], [98.663867, 12.126709], [98.686328, 12.047119], [98.689453, 11.956738], [98.644922, 11.910303], [98.639063, 11.869141], [98.624902, 11.801465], [98.636328, 11.738379], [98.693652, 11.718359], [98.804785, 11.779248], [98.840234, 11.739258], [98.875977, 11.719727], [98.790723, 11.665088], [98.741406, 11.591699], [98.746387, 11.521289], [98.733301, 11.435254], [98.730078, 11.32998], [98.744727, 11.240381], [98.682617, 11.133105], [98.675586, 10.986914], [98.598828, 10.864404], [98.535645, 10.740674], [98.500977, 10.718945], [98.464941, 10.67583], [98.523047, 10.353125], [98.496875, 10.18252], [98.521289, 10.107227], [98.562598, 10.034961], [98.658008, 10.179053], [98.702539, 10.190381], [98.561914, 9.8375], [98.492969, 9.561426], [98.443164, 9.492822], [98.371387, 9.290527], [98.325977, 8.968945], [98.241797, 8.767871], [98.226953, 8.543652], [98.238184, 8.423096], [98.305469, 8.226221], [98.360742, 8.186963], [98.420996, 8.178223], [98.474023, 8.246924], [98.499805, 8.317822], [98.579199, 8.344287], [98.636328, 8.305029], [98.703516, 8.256738], [98.788672, 8.059814], [98.872461, 8.023926], [98.973926, 7.962793], [99.051074, 7.887842], [99.042676, 7.765625], [99.077637, 7.718066], [99.183398, 7.718066], [99.263672, 7.619043], [99.300391, 7.561328], [99.358594, 7.372217], [99.435156, 7.334375], [99.529102, 7.329492], [99.596973, 7.355615], [99.553027, 7.218799], [99.602441, 7.155322], [99.667773, 7.150879], [99.720313, 7.106201], [99.695996, 6.87666], [99.868652, 6.749902], [100.0, 6.5884443604230105]], [[100.0, 8.576977690325199], [99.989551, 8.589209], [99.960645, 8.67124], [99.904688, 9.112891], [99.877539, 9.194629], [99.835547, 9.288379], [99.723828, 9.314209], [99.393848, 9.213721], [99.335449, 9.225439], [99.253906, 9.265234], [99.265039, 9.352979], [99.288281, 9.4146], [99.191309, 9.627148], [99.160742, 9.734033], [99.169336, 9.93418], [99.194629, 10.175439], [99.190332, 10.265869], [99.165039, 10.319824], [99.237305, 10.388135], [99.284766, 10.569141], [99.486914, 10.889551], [99.514355, 11.100586], [99.561328, 11.215186], [99.627344, 11.462891], [99.725488, 11.661768], [99.79873, 11.748779], [99.837109, 11.936621], [99.930273, 12.047461], [99.989062, 12.170801], [100.0, 12.291984052041938]], [[100.0, 12.400280406148802], [99.963965, 12.690039], [99.982031, 12.771484], [100.0, 12.817138348345832]], [[100.0, 13.232158147191438], [99.990527, 13.243457], [100.0, 13.282018538270313]]]}}, {"type": "Feature", "properties": {"scalerank": 0, "featurecla": "Coastline", "min_zoom": 4}, "geometry": {"type": "LineString", "coordinates": [[72.787891, 11.215918], [72.780371, 11.20249], [72.773047, 11.196094], [72.772461, 11.214258], [72.781836, 11.243311], [72.792676, 11.262744], [72.795898, 11.260449], [72.792871, 11.241553], [72.787891, 11.215918]]}}, {"type": "Feature", "properties": {"scalerank": 0, "featurecla": "Coastline", "min_zoom": 4}, "geometry": {"type": "LineString", "coordinates": [[73.05332, 8.256689], [73.038867, 8.251953], [73.028516, 8.253516], [73.023438, 8.265918], [73.026074, 8.275293], [73.038965, 8.264844], [73.055859, 8.274561], [73.075195, 8.306348], [73.079492, 8.316504], [73.083594, 8.311035], [73.079785, 8.293066], [73.067383, 8.269092], [73.05332, 8.256689]]}}, {"type": "Feature", "properties": {"scalerank": 0, "featurecla": "Coastline", "min_zoom": 4}, "geometry": {"type": "LineString", "coordinates": [[73.416602, 3.23125], [73.395313, 3.229395], [73.382031, 3.246484], [73.384961, 3.271387], [73.401563, 3.28877], [73.427734, 3.289844], [73.442773, 3.274316], [73.434961, 3.250146], [73.416602, 3.23125]]}}, {"type": "Feature", "properties": {"scalerank": 0, "featurecla": "Coastline", "min_zoom": 4}, "geometry": {"type": "LineString", "coordinates": [[73.519043, 4.186865], [73.512207, 4.164551], [73.494824, 4.155176], [73.478613, 4.158936], [73.473047, 4.170703], [73.481152, 4.188135], [73.494727, 4.210449], [73.504102, 4.234619], [73.517773, 4.247656], [73.52832, 4.243311], [73.527148, 4.229687], [73.522168, 4.211035], [73.519043, 4.186865]]}}, {"type": "Feature", "properties": {"scalerank": 0, "featurecla": "Coastline", "min_zoom": 4}, "geometry": {"type": "LineString", "coordinates": [[54.426563, 24.471045], [54.39834, 24.506348], [54.378906, 24.50459], [54.334766, 24.471045], [54.357715, 24.442773], [54.428418, 24.425098], [54.456641, 24.42334], [54.46543, 24.442773], [54.426563, 24.471045]]}}]}