{"type": "FeatureCollection", "features": [{"type": "Feature", "properties": {"scalerank": 0, "featurecla": "Lake", "name": "Mälaren", "name_alt": "Lake Malar", "note": null, "admin": null, "namepar": null, "min_zoom": 2, "min_label": 3.7, "name_abb": "Mälaren", "label": "Mälaren", "wikidataid": "Q184492", "name_ar": "بحيرة مالارين", "name_bn": "মালারেন", "name_de": "Mälaren", "name_en": "Mälaren", "name_es": "Mälar", "name_fr": "Mälar", "name_el": "Μέλαρεν", "name_hi": "मालारेन", "name_hu": "Mälaren-tó", "name_id": "Mälaren", "name_it": "Mälaren", "name_ja": "メーラレン湖", "name_ko": "멜라렌호", "name_nl": "Mälarmeer", "name_pl": "Melar", "name_pt": "Mälaren", "name_ru": "Меларен", "name_sv": "Mälaren", "name_tr": "Mälaren", "name_vi": "Mälaren", "name_zh": "梅拉伦湖", "ne_id": 1159122891, "name_fa": "دریاچه مئلارن", "name_he": "מלארן", "name_uk": "Меларен", "name_ur": "مالارین", "name_zht": "梅拉倫湖"}, "geometry": {"type": "Polygon", "coordinates": [[[17.876172, 59.270801], [17.570508, 59.267627], [17.474512, 59.291504], [17.370703, 59.294922], [17.30459, 59.272168], [17.175195, 59.355811], [17.065625, 59.373242], [16.913867, 59.44585], [16.742285, 59.430615], [16.610449, 59.453516], [16.144336, 59.447754], [16.044238, 59.478467], [16.251758, 59.493213], [16.472656, 59.519385], [16.573828, 59.61167], [16.646875, 59.559277], [16.752344, 59.543311], [16.841016, 59.5875], [16.977539, 59.550684], [17.062695, 59.569238], [17.37207, 59.495752], [17.390527, 59.584473], [17.534473, 59.539404], [17.687305, 59.541602], [17.671582, 59.594775], [17.760059, 59.620508], [17.785938, 59.597998], [17.808594, 59.553223], [17.772852, 59.414111], [17.829297, 59.379004], [17.964258, 59.359375], [17.979785, 59.329053], [17.876172, 59.270801]]]}}, {"type": "Feature", "properties": {"scalerank": 0, "featurecla": "Lake", "name": "Lake Ladoga", "name_alt": null, "note": null, "admin": null, "namepar": null, "min_zoom": 1, "min_label": 3, "name_abb": "L. Ladoga", "label": "Lake Ladoga", "wikidataid": "Q15288", "name_ar": "بحيرة لادوغا", "name_bn": "লাডোগা হ্রদ", "name_de": "Ladogasee", "name_en": "Ladoga", "name_es": "Ládoga", "name_fr": "Ladoga", "name_el": "Λάντογκα", "name_hi": "लादोगा झील", "name_hu": "Ladoga-tó", "name_id": "Ladoga", "name_it": "Ladoga", "name_ja": "ラドガ湖", "name_ko": "라도가호", "name_nl": "Ladogameer", "name_pl": "Ładoga", "name_pt": "Ladoga", "name_ru": "Ладожское озеро", "name_sv": "Ladoga", "name_tr": "Ladoga", "name_vi": "Ladoga", "name_zh": "拉多加湖", "ne_id": 1159113095, "name_fa": "دریاچه لادوگا", "name_he": "ימת לדוגה", "name_uk": "Ладозьке озеро", "name_ur": "جھیل لاڈوگا", "name_zht": "拉多加湖"}, "geometry": {"type": "Polygon", "coordinates": [[[29.860156, 61.239307], [29.864551, 61.250977], [29.855078, 61.27124], [29.891309, 61.294971], [29.949414, 61.289404], [30.029102, 61.254492], [30.079297, 61.242627], [30.094141, 61.258545], [30.089453, 61.270557], [30.090039, 61.299268], [30.12998, 61.312598], [30.173926, 61.314062], [30.192969, 61.327246], [30.195996, 61.347803], [30.182617, 61.361084], [30.179297, 61.372656], [30.200879, 61.388965], [30.209961, 61.417969], [30.216895, 61.431348], [30.237305, 61.446338], [30.252051, 61.458643], [30.251563, 61.472656], [30.234863, 61.492627], [30.23877, 61.514844], [30.285156, 61.516602], [30.466211, 61.487158], [30.480664, 61.490039], [30.486328, 61.514941], [30.512695, 61.525195], [30.550781, 61.535449], [30.605859, 61.541309], [30.616699, 61.560303], [30.593359, 61.579492], [30.594336, 61.605811], [30.75752, 61.733447], [30.851953, 61.775049], [30.888184, 61.764795], [30.895898, 61.754443], [30.905664, 61.742236], [31.025879, 61.714355], [31.056738, 61.689209], [31.071094, 61.645117], [31.098438, 61.620361], [31.160645, 61.618701], [31.172266, 61.629785], [31.238184, 61.643018], [31.25752, 61.641064], [31.285938, 61.615234], [31.308105, 61.605029], [31.327832, 61.61665], [31.334082, 61.627441], [31.364844, 61.627441], [31.486133, 61.55083], [31.533203, 61.497363], [31.575781, 61.437207], [31.603613, 61.422559], [31.619727, 61.426953], [31.616504, 61.44248], [31.62041, 61.461084], [31.636914, 61.462744], [31.697852, 61.415479], [31.762305, 61.383691], [31.870703, 61.347363], [31.898633, 61.323975], [32.35957, 61.180518], [32.526855, 61.117529], [32.563379, 61.079443], [32.58125, 61.044873], [32.580566, 61.013867], [32.592578, 60.997607], [32.633398, 60.986719], [32.640723, 60.969141], [32.76543, 60.886035], [32.807813, 60.826367], [32.811914, 60.756494], [32.843555, 60.712207], [32.903027, 60.693506], [32.936523, 60.670312], [32.944336, 60.642578], [32.906934, 60.585938], [32.841406, 60.497021], [32.815723, 60.481885], [32.781836, 60.488232], [32.72207, 60.521143], [32.641699, 60.536865], [32.599902, 60.533496], [32.596484, 60.511084], [32.617871, 60.475586], [32.663965, 60.4271], [32.67666, 60.392432], [32.655859, 60.37168], [32.594922, 60.35459], [32.590234, 60.330225], [32.614355, 60.285791], [32.612305, 60.245361], [32.583887, 60.208936], [32.500391, 60.176514], [32.361523, 60.148096], [32.260156, 60.154346], [32.196094, 60.195361], [32.057129, 60.226514], [31.843262, 60.247852], [31.699414, 60.235645], [31.598926, 60.169629], [31.590625, 60.155566], [31.596875, 60.143799], [31.605859, 60.142285], [31.606445, 60.133643], [31.548242, 60.071875], [31.540918, 60.034521], [31.565039, 59.998047], [31.567188, 59.966553], [31.547168, 59.940137], [31.509766, 59.920361], [31.454785, 59.907178], [31.401367, 59.911328], [31.349316, 59.932764], [31.274414, 59.937646], [31.176367, 59.925781], [31.10625, 59.927686], [31.063965, 59.943213], [31.042773, 59.950977], [31.063184, 59.962891], [31.145313, 60.005518], [31.142871, 60.031689], [31.105957, 60.056299], [31.095117, 60.08374], [31.114941, 60.134863], [31.108984, 60.146436], [31.018945, 60.19292], [30.956836, 60.263623], [30.849121, 60.442627], [30.832129, 60.45752], [30.816895, 60.458838], [30.80332, 60.446631], [30.775977, 60.448096], [30.774219, 60.49209], [30.758594, 60.524512], [30.72373, 60.561768], [30.663281, 60.592822], [30.533887, 60.630078], [30.523926, 60.65459], [30.504004, 60.703564], [30.504492, 60.731641], [30.525391, 60.738867], [30.533203, 60.765527], [30.52793, 60.811719], [30.502051, 60.843213], [30.455859, 60.86001], [30.441211, 60.873633], [30.43584, 60.902686], [30.408691, 60.928027], [30.292676, 61.005127], [30.124902, 61.087354], [29.857227, 61.187988], [29.825, 61.215576], [29.836719, 61.226074], [29.860156, 61.239307]]]}}, {"type": "Feature", "properties": {"scalerank": 0, "featurecla": "Lake", "name": "Lake Albert", "name_alt": null, "note": null, "admin": "admin-0", "namepar": null, "min_zoom": 1, "min_label": 3, "name_abb": "L. Albert", "label": "Lake Albert", "wikidataid": "Q125888", "name_ar": "بحيرة ألبرت", "name_bn": "লেক আলবার্ট", "name_de": "Albertsee", "name_en": "Albert", "name_es": "Alberto", "name_fr": "Albert", "name_el": "Λίμνη Αλβέρτου", "name_hi": "ऐल्बर्ट झील", "name_hu": "Albert-tó", "name_id": "Albert", "name_it": "Alberto", "name_ja": "アルバート湖", "name_ko": "앨버트호", "name_nl": "Albertmeer", "name_pl": "Jezioro Alberta", "name_pt": "Alberto", "name_ru": "Альберт", "name_sv": "Albertsjön", "name_tr": "Albert", "name_vi": "Albert", "name_zh": "艾伯特湖", "ne_id": 1159113145, "name_fa": "دریاچه آلبرت", "name_he": "אגם אלברט", "name_uk": "Альберт", "name_ur": "جھیل البرٹ", "name_zht": "艾伯特湖"}, "geometry": {"type": "Polygon", "coordinates": [[[31.395508, 2.28042], [31.383984, 2.260596], [31.387402, 2.200244], [31.399805, 1.895508], [31.387402, 1.856934], [31.368555, 1.836475], [31.343457, 1.834033], [31.32207, 1.802588], [31.30459, 1.742188], [31.267871, 1.687549], [31.16582, 1.605469], [31.129297, 1.587793], [31.039844, 1.563623], [31.01416, 1.546436], [30.969141, 1.527148], [30.892676, 1.448096], [30.784863, 1.309229], [30.726855, 1.223535], [30.718555, 1.191113], [30.59375, 1.04126], [30.56875, 1.028613], [30.539258, 1.021484], [30.507324, 1.040527], [30.500781, 1.049609], [30.503906, 1.120703], [30.49209, 1.1729], [30.491602, 1.203223], [30.502441, 1.21167], [30.494629, 1.229736], [30.477832, 1.238818], [30.468359, 1.25752], [30.449512, 1.25918], [30.414062, 1.254736], [30.399609, 1.256104], [30.387402, 1.296973], [30.441309, 1.381787], [30.479492, 1.466504], [30.529297, 1.532422], [30.590625, 1.579395], [30.674023, 1.676074], [30.714258, 1.702344], [30.867969, 1.858936], [30.935547, 1.915332], [30.981738, 1.932373], [31.178906, 2.072949], [31.258984, 2.15332], [31.303125, 2.225928], [31.344238, 2.290918], [31.431055, 2.387891], [31.474805, 2.400732], [31.471582, 2.385449], [31.395508, 2.28042]]]}}, {"type": "Feature", "properties": {"scalerank": 0, "featurecla": "Lake", "name": "Lake Chad", "name_alt": null, "note": null, "admin": null, "namepar": null, "min_zoom": 1, "min_label": 3, "name_abb": "L. Chad", "label": "Lake Chad", "wikidataid": "Q125309", "name_ar": "بحيرة تشاد", "name_bn": "চাদ হ্রদ", "name_de": "Tschadsee", "name_en": "Chad", "name_es": "Chad", "name_fr": "Tchad", "name_el": "λίμνη Τσαντ", "name_hi": "चाड झील", "name_hu": "Csád-tó", "name_id": "Chad", "name_it": "Ciad", "name_ja": "チャド湖", "name_ko": "차드호", "name_nl": "Tsjaadmeer", "name_pl": "Czad", "name_pt": "Chade", "name_ru": "Чад", "name_sv": "Tchadsjön", "name_tr": "Çad", "name_vi": "Tchad", "name_zh": "乍得湖", "ne_id": 1159113219, "name_fa": "دریاچه چاد", "name_he": "ימת צ'אד", "name_uk": "Чад", "name_ur": "جھیل چاڈ", "name_zht": "乍得湖"}, "geometry": {"type": "Polygon", "coordinates": [[[14.742773, 13.062354], [14.716016, 13.046631], [14.694336, 13.023633], [14.685547, 12.993066], [14.660645, 12.982373], [14.619629, 12.991553], [14.592188, 12.989941], [14.516211, 12.979736], [14.474805, 12.951758], [14.406641, 12.89917], [14.346582, 12.876758], [14.294727, 12.884473], [14.275, 12.90293], [14.258887, 12.986084], [14.258984, 13.004297], [14.282227, 13.014453], [14.288867, 13.029248], [14.307129, 13.06543], [14.310742, 13.082031], [14.311816, 13.087061], [14.330371, 13.116406], [14.330371, 13.134961], [14.342383, 13.162109], [14.369629, 13.185059], [14.414648, 13.208838], [14.495996, 13.238721], [14.554395, 13.238477], [14.591406, 13.213721], [14.653125, 13.208447], [14.668262, 13.195264], [14.706641, 13.136963], [14.742285, 13.078027], [14.742773, 13.062354]]]}}, {"type": "Feature", "properties": {"scalerank": 0, "featurecla": "Lake", "name": "Lake Victoria", "name_alt": null, "note": null, "admin": "admin-0", "namepar": null, "min_zoom": 1, "min_label": 3, "name_abb": "L. Victoria", "label": "Lake Victoria", "wikidataid": "Q5505", "name_ar": "بحيرة فيكتوريا", "name_bn": "ভিক্টোরিয়া হ্রদ", "name_de": "Victoriasee", "name_en": "Nyanza", "name_es": "Victoria", "name_fr": "Victoria", "name_el": "Βικτόρια", "name_hi": "विक्टोरिया झील", "name_hu": "Viktória-tó", "name_id": "Victoria", "name_it": "Vittoria", "name_ja": "ヴィクトリア湖", "name_ko": "빅토리아호", "name_nl": "Victoriameer", "name_pl": "Jezioro Wiktorii", "name_pt": "Vitória", "name_ru": "Виктория", "name_sv": "Victoriasjön", "name_tr": "Victoria", "name_vi": "Victoria", "name_zh": "維多利亞湖", "ne_id": 1159113191, "name_fa": "دریاچه ویکتوریا", "name_he": "אגם ויקטוריה", "name_uk": "Вікторія", "name_ur": "جھیل وکٹوریہ", "name_zht": "維多利亞湖"}, "geometry": {"type": "MultiPolygon", "coordinates": [[[[32.20918, 0.008691], [32.24022119289006, 0.0], [32.20024354119785, 0.0], [32.20918, 0.008691]]], [[[32.286621, 0.020557], [32.351074, 0.014551], [32.383887, 0.066113], [32.413477, 0.089355], [32.437695, 0.092773], [32.449023, 0.056006], [32.486133, 0.052734], [32.53291, 0.069727], [32.564258, 0.098926], [32.587695, 0.193262], [32.615234, 0.235059], [32.64707, 0.252832], [32.680664, 0.189453], [32.711426, 0.179395], [32.676367, 0.137061], [32.670898, 0.117236], [32.691699, 0.108008], [32.734766, 0.10835], [32.779395, 0.118848], [32.852539, 0.169336], [32.878613, 0.168848], [32.895313, 0.112402], [32.915039, 0.095508], [32.958008, 0.107812], [33.021289, 0.146582], [33.069922, 0.193408], [33.076465, 0.239014], [33.137207, 0.252148], [33.201074, 0.387842], [33.187305, 0.428174], [33.245117, 0.451172], [33.272656, 0.462549], [33.311621, 0.451465], [33.364063, 0.472021], [33.367773, 0.452734], [33.332031, 0.368701], [33.353711, 0.349268], [33.461328, 0.334033], [33.484277, 0.314941], [33.484863, 0.293311], [33.441309, 0.270752], [33.447656, 0.244287], [33.483203, 0.218115], [33.532617, 0.206641], [33.580273, 0.222168], [33.639844, 0.300488], [33.680371, 0.316211], [33.712891, 0.30835], [33.72832, 0.230273], [33.744531, 0.207715], [33.86084, 0.185352], [33.944824, 0.217627], [33.974512, 0.213379], [33.973633, 0.088721], [33.982031, 0.024658], [33.99257435458396, 0.0], [32.26358785432901, 0.0], [32.286621, 0.020557]], [[33.388477, 0.272314], [33.317676, 0.297852], [33.223828, 0.276758], [33.220898, 0.233398], [33.217969, 0.189941], [33.180371, 0.175488], [33.184277, 0.15], [33.264258, 0.143652], [33.272949, 0.120508], [33.339355, 0.080029], [33.325098, 0.141602], [33.316992, 0.18418], [33.372266, 0.215967], [33.388477, 0.272314]]]]}}, {"type": "Feature", "properties": {"scalerank": 0, "featurecla": "Lake", "name": "Vänern", "name_alt": null, "note": null, "admin": null, "namepar": null, "min_zoom": 1.7, "min_label": 3.6, "name_abb": "Vänern", "label": "Vänern", "wikidataid": "Q173596", "name_ar": "بحيرة فنرن", "name_bn": "ভেনার্ন", "name_de": "Vänern", "name_en": "Vänern", "name_es": "Vänern", "name_fr": "Vänern", "name_el": "Βένερν", "name_hi": "वेनर्न", "name_hu": "Vänern-tó", "name_id": "Vänern", "name_it": "Vänern", "name_ja": "ヴェーネルン湖", "name_ko": "베네른호", "name_nl": "Vänermeer", "name_pl": "Wener", "name_pt": "Vänern", "name_ru": "Венерн", "name_sv": "Vänern", "name_tr": "Vänern", "name_vi": "Vänern", "name_zh": "维纳恩湖", "ne_id": 1159113235, "name_fa": "دریاچه ونرن", "name_he": "ונן", "name_uk": "Венерн", "name_ur": "وینرن", "name_zht": "維納恩湖"}, "geometry": {"type": "Polygon", "coordinates": [[[14.06582, 59.097217], [14.083008, 59.099902], [14.089453, 59.091553], [14.09082, 59.079395], [14.083008, 59.064258], [14.07168, 59.028271], [14.05625, 59.016895], [14.049902, 59.012207], [14.038672, 59.004395], [14.012109, 59.003662], [13.992578, 58.986426], [13.995215, 58.944824], [13.987207, 58.898145], [13.975195, 58.86543], [13.954102, 58.843652], [13.924121, 58.823389], [13.890137, 58.800488], [13.859277, 58.772168], [13.829883, 58.744336], [13.799512, 58.722412], [13.737305, 58.703857], [13.631055, 58.684131], [13.517285, 58.663281], [13.436621, 58.641992], [13.358105, 58.61709], [13.300293, 58.561426], [13.240234, 58.514844], [13.194629, 58.510986], [13.172168, 58.511865], [13.147559, 58.521436], [13.136523, 58.541309], [13.149414, 58.558545], [13.148926, 58.573389], [13.148242, 58.597168], [13.115137, 58.608252], [13.040625, 58.604297], [12.952148, 58.571631], [12.912793, 58.545752], [12.868652, 58.503809], [12.79834, 58.485693], [12.727539, 58.4521], [12.679199, 58.420508], [12.649707, 58.396875], [12.624316, 58.382324], [12.601953, 58.375977], [12.57959, 58.372119], [12.561914, 58.373193], [12.550586, 58.378857], [12.554297, 58.394385], [12.572656, 58.419189], [12.571094, 58.432178], [12.554297, 58.429834], [12.507031, 58.396924], [12.375, 58.382861], [12.334668, 58.373779], [12.313281, 58.395313], [12.329297, 58.433936], [12.487695, 58.513232], [12.606934, 58.61709], [12.611328, 58.641309], [12.562793, 58.650195], [12.525195, 58.66123], [12.503711, 58.69458], [12.500879, 58.727539], [12.499707, 58.764453], [12.471289, 58.782764], [12.447559, 58.782764], [12.425488, 58.801465], [12.432129, 58.8125], [12.458984, 58.817432], [12.473828, 58.839697], [12.471777, 58.876904], [12.463965, 58.920703], [12.468555, 58.934863], [12.481934, 58.930615], [12.497266, 58.92002], [12.510254, 58.901221], [12.519922, 58.867383], [12.526367, 58.845605], [12.535254, 58.83208], [12.557129, 58.818945], [12.575781, 58.825732], [12.599707, 58.845605], [12.618359, 58.886914], [12.646875, 58.931494], [12.675781, 58.98667], [12.708398, 59.035547], [12.745898, 59.064844], [12.784082, 59.076221], [12.818359, 59.081982], [12.868555, 59.072656], [12.945312, 59.047656], [13.040625, 59.014258], [13.061719, 58.977344], [13.088086, 58.946631], [13.12207, 58.92085], [13.159766, 58.905078], [13.195117, 58.898584], [13.235742, 58.905078], [13.243555, 58.930469], [13.221094, 58.992676], [13.177344, 59.096924], [13.123145, 59.19751], [13.10332, 59.25459], [13.103027, 59.273975], [13.108105, 59.283838], [13.118164, 59.295508], [13.130078, 59.319043], [13.142676, 59.342285], [13.154883, 59.35293], [13.173145, 59.34751], [13.191406, 59.324609], [13.217871, 59.310547], [13.245703, 59.310303], [13.25166, 59.315039], [13.250977, 59.324512], [13.248926, 59.335742], [13.251172, 59.344971], [13.261133, 59.351758], [13.277539, 59.357324], [13.315723, 59.36123], [13.378223, 59.364063], [13.461133, 59.369971], [13.54834, 59.381299], [13.62832, 59.389941], [13.679688, 59.389746], [13.719727, 59.378027], [13.738477, 59.359473], [13.743945, 59.341455], [13.751953, 59.331152], [13.766016, 59.330908], [13.800293, 59.337061], [13.830078, 59.340918], [13.867383, 59.33457], [13.904297, 59.327734], [13.933301, 59.330469], [13.961719, 59.333984], [13.99707, 59.329053], [14.028027, 59.320068], [14.045508, 59.313623], [14.051758, 59.304834], [14.055664, 59.28999], [14.054297, 59.267773], [14.047461, 59.241211], [14.027344, 59.204297], [13.99375, 59.157227], [13.946289, 59.112939], [13.930566, 59.089795], [13.94541, 59.067432], [13.973438, 59.065771], [14.00498, 59.068164], [14.038379, 59.082666], [14.06582, 59.097217]]]}}, {"type": "Feature", "properties": {"scalerank": 0, "featurecla": "Lake", "name": "Lake Tana", "name_alt": null, "note": null, "admin": null, "namepar": null, "min_zoom": 1.7, "min_label": 3.6, "name_abb": "L. Tana", "label": "Lake Tana", "wikidataid": "Q116685", "name_ar": "بحيرة تانا", "name_bn": "তানা হ্রদ", "name_de": "Tanasee", "name_en": "Tana", "name_es": "Tana", "name_fr": "Tana", "name_el": "Τάνα", "name_hi": "ताना झील", "name_hu": "Tana-tó", "name_id": "Tana", "name_it": "Tana", "name_ja": "タナ湖", "name_ko": "타나호", "name_nl": "Tanameer", "name_pl": "Jezioro Tana", "name_pt": "Tana", "name_ru": "Тана", "name_sv": "Tanasjön", "name_tr": "Tana Gölü", "name_vi": "Tana", "name_zh": "塔纳湖", "ne_id": 1159113265, "name_fa": "دریاچه تانا", "name_he": "אגם טאנה", "name_uk": "Тана", "name_ur": "جھیل ٹانا", "name_zht": "塔納湖"}, "geometry": {"type": "Polygon", "coordinates": [[[37.252734, 11.819678], [37.211133, 11.822217], [37.169238, 11.816602], [37.145508, 11.833496], [37.112988, 11.855078], [37.095898, 11.840283], [37.078125, 11.829492], [37.058203, 11.834082], [37.040234, 11.851855], [37.023926, 11.879883], [37.001953, 11.906641], [37.006055, 11.971729], [37.008008, 12.02876], [37.016504, 12.086719], [37.027832, 12.164502], [37.048145, 12.210254], [37.071777, 12.243213], [37.095898, 12.265674], [37.126074, 12.270117], [37.164453, 12.259521], [37.194727, 12.230566], [37.219141, 12.22959], [37.269141, 12.224219], [37.332715, 12.272363], [37.376758, 12.288037], [37.413281, 12.290723], [37.460254, 12.303271], [37.496094, 12.285547], [37.528906, 12.258984], [37.555176, 12.222998], [37.565918, 12.164453], [37.591797, 12.11709], [37.584766, 12.08374], [37.583496, 12.049072], [37.576563, 12.017871], [37.559961, 11.985596], [37.550195, 11.941943], [37.512891, 11.909912], [37.500977, 11.875635], [37.495898, 11.834814], [37.439941, 11.753418], [37.387207, 11.632275], [37.36123, 11.63457], [37.342188, 11.631934], [37.326855, 11.635889], [37.320117, 11.647656], [37.300586, 11.668457], [37.321777, 11.709082], [37.308789, 11.741162], [37.289258, 11.771338], [37.285547, 11.794482], [37.252734, 11.819678]]]}}, {"type": "Feature", "properties": {"scalerank": 0, "featurecla": "Lake", "name": "Lake Onega", "name_alt": null, "note": null, "admin": null, "namepar": null, "min_zoom": 1.7, "min_label": 3.6, "name_abb": "L. Onega", "label": "Lake Onega", "wikidataid": "Q166162", "name_ar": "بحيرة أونيغا", "name_bn": "লেক ওনেগা", "name_de": "Onegasee", "name_en": "Onega", "name_es": "Onega", "name_fr": "Onega", "name_el": "Λίμνη Ονέγκα", "name_hi": "ओनेगा झील", "name_hu": "Onyega-tó", "name_id": "Onega", "name_it": "Onega", "name_ja": "オネガ湖", "name_ko": "오네가호", "name_nl": "Onegameer", "name_pl": "Onega", "name_pt": "Onega", "name_ru": "Онежское озеро", "name_sv": "Onega", "name_tr": "Onega", "name_vi": "Onega", "name_zh": "奥涅加湖", "ne_id": 1159113251, "name_fa": "دریاچه اونگا", "name_he": "ימת אונגה", "name_uk": "Онезьке озеро", "name_ur": "جھیل اونیگا", "name_zht": "奧涅加湖"}, "geometry": {"type": "Polygon", "coordinates": [[[36.42793, 61.373145], [36.424902, 61.349121], [36.408398, 61.319141], [36.395605, 61.3021], [36.382715, 61.28501], [36.380078, 61.280957], [36.373633, 61.271143], [36.371191, 61.256836], [36.378125, 61.241895], [36.388477, 61.225049], [36.394629, 61.206152], [36.386914, 61.184082], [36.363867, 61.159717], [36.325, 61.135498], [36.279297, 61.113818], [36.224121, 61.096484], [36.162793, 61.082764], [36.09873, 61.062646], [36.036816, 61.029687], [35.97627, 60.993896], [35.914844, 60.966846], [35.880273, 60.947754], [35.88418, 60.931104], [35.904492, 60.916553], [35.909863, 60.90249], [35.899023, 60.889795], [35.880273, 60.87832], [35.855078, 60.870508], [35.828711, 60.866504], [35.800781, 60.871826], [35.771582, 60.886426], [35.719043, 60.904541], [35.63457, 60.918457], [35.550586, 60.937988], [35.499414, 60.969824], [35.47334, 61.002148], [35.449805, 61.022998], [35.426172, 61.033154], [35.399609, 61.039893], [35.363281, 61.038232], [35.316113, 61.028076], [35.254883, 61.0146], [35.184473, 61.004883], [35.13291, 61.00708], [35.116797, 61.022217], [35.092871, 61.044678], [35.022363, 61.064453], [34.94248, 61.07041], [34.896289, 61.046875], [34.869043, 61.027002], [34.846387, 61.02666], [34.828516, 61.038623], [34.814941, 61.055029], [34.802441, 61.073535], [34.795508, 61.096484], [34.79668, 61.122803], [34.804004, 61.149561], [34.81875, 61.173633], [34.838086, 61.193652], [34.887305, 61.206104], [34.974219, 61.211963], [35.074707, 61.20708], [35.156641, 61.193652], [35.206934, 61.177246], [35.231055, 61.165234], [35.207715, 61.158789], [35.143164, 61.155811], [35.077734, 61.151318], [35.052637, 61.141113], [35.062012, 61.125635], [35.07998, 61.10835], [35.108105, 61.091602], [35.141992, 61.077295], [35.19209, 61.068945], [35.259277, 61.066553], [35.345313, 61.072559], [35.440625, 61.062646], [35.527344, 61.022803], [35.583398, 61.034229], [35.614648, 61.076123], [35.632227, 61.107812], [35.629395, 61.149951], [35.611426, 61.197412], [35.577734, 61.246387], [35.536914, 61.292236], [35.494629, 61.328955], [35.457422, 61.355908], [35.398438, 61.38584], [35.303906, 61.42959], [35.153906, 61.485156], [34.961621, 61.543408], [34.772461, 61.600879], [34.62998, 61.654395], [34.531445, 61.704346], [34.448242, 61.75332], [34.387988, 61.796143], [34.344531, 61.831201], [34.322656, 61.854492], [34.314551, 61.868701], [34.335645, 61.864404], [34.384668, 61.843018], [34.445312, 61.81875], [34.494434, 61.807617], [34.53125, 61.811572], [34.562402, 61.823828], [34.58291, 61.846045], [34.594336, 61.874023], [34.59375, 61.906006], [34.585938, 61.937842], [34.566309, 61.968896], [34.537305, 61.998975], [34.476758, 62.038525], [34.380957, 62.092627], [34.294043, 62.141504], [34.255176, 62.168555], [34.255176, 62.185693], [34.262109, 62.210498], [34.26543, 62.238232], [34.256543, 62.262305], [34.222559, 62.293701], [34.164941, 62.33916], [34.09834, 62.378857], [34.042383, 62.396533], [34.00332, 62.400781], [33.977539, 62.408008], [33.961816, 62.425098], [33.947266, 62.452979], [33.940625, 62.481592], [33.944043, 62.500488], [33.958594, 62.509961], [33.978711, 62.515869], [34.00293, 62.516064], [34.027148, 62.511816], [34.053906, 62.494531], [34.08418, 62.463477], [34.136914, 62.414014], [34.217676, 62.352295], [34.291602, 62.297266], [34.327539, 62.263965], [34.329492, 62.245703], [34.321191, 62.227002], [34.342871, 62.198926], [34.416992, 62.158203], [34.51416, 62.11958], [34.591406, 62.096484], [34.635645, 62.09502], [34.653223, 62.108545], [34.644043, 62.136133], [34.632422, 62.181934], [34.646973, 62.212646], [34.658105, 62.245215], [34.614844, 62.304346], [34.608984, 62.338818], [34.633203, 62.34834], [34.681543, 62.338818], [34.695605, 62.364551], [34.65957, 62.406299], [34.592188, 62.457959], [34.546973, 62.497754], [34.526953, 62.523584], [34.520215, 62.54165], [34.532031, 62.546289], [34.556641, 62.539893], [34.595313, 62.519092], [34.640625, 62.489063], [34.695898, 62.442676], [34.758496, 62.382568], [34.810547, 62.332324], [34.840527, 62.310059], [34.851953, 62.294434], [34.859277, 62.2604], [34.870801, 62.219385], [34.89248, 62.187061], [34.928027, 62.159668], [34.975684, 62.117627], [35.028613, 62.07793], [35.074902, 62.053613], [35.114551, 62.053613], [35.149609, 62.070996], [35.165039, 62.080664], [35.167773, 62.09668], [35.143555, 62.127246], [35.09375, 62.172217], [35.051758, 62.211572], [35.045898, 62.22876], [35.095898, 62.218066], [35.188379, 62.190234], [35.283984, 62.161572], [35.341309, 62.149023], [35.387207, 62.157812], [35.45498, 62.180713], [35.518262, 62.210498], [35.553516, 62.235937], [35.563867, 62.260156], [35.567188, 62.287109], [35.558594, 62.31875], [35.540234, 62.354248], [35.49834, 62.403564], [35.433105, 62.468604], [35.351758, 62.522656], [35.270898, 62.54541], [35.201367, 62.549658], [35.147168, 62.55918], [35.092969, 62.580469], [35.02373, 62.61333], [34.966992, 62.638965], [34.943359, 62.642822], [34.867969, 62.610547], [34.838574, 62.591162], [34.776074, 62.622314], [34.739258, 62.621289], [34.703711, 62.643408], [34.658203, 62.679932], [34.621094, 62.712354], [34.583105, 62.755664], [34.535547, 62.818457], [34.47959, 62.873828], [34.489453, 62.903613], [34.53252, 62.915723], [34.605371, 62.872754], [34.70332, 62.844238], [34.787891, 62.831104], [34.854883, 62.825635], [34.910449, 62.81543], [34.958105, 62.797412], [35.005762, 62.772998], [35.083008, 62.741162], [35.201953, 62.705273], [35.325977, 62.666162], [35.415723, 62.626709], [35.463867, 62.604199], [35.487598, 62.605908], [35.49502, 62.619189], [35.503711, 62.624707], [35.519434, 62.617285], [35.543555, 62.599365], [35.58457, 62.576025], [35.641211, 62.555566], [35.698047, 62.537598], [35.739844, 62.520215], [35.771191, 62.495898], [35.80293, 62.461133], [35.821875, 62.411768], [35.822656, 62.352197], [35.800391, 62.281445], [35.764258, 62.205176], [35.730176, 62.13916], [35.674414, 62.079395], [35.689355, 62.040234], [35.749512, 61.999072], [35.818359, 61.951074], [35.842969, 61.901904], [35.870703, 61.854834], [35.925586, 61.806396], [35.985449, 61.755859], [36.025586, 61.703613], [36.060645, 61.654395], [36.108691, 61.611084], [36.159082, 61.571484], [36.200195, 61.531201], [36.247266, 61.493262], [36.312012, 61.459473], [36.371484, 61.432324], [36.405566, 61.410742], [36.418945, 61.392383], [36.42793, 61.373145]], [[35.34707, 61.997803], [35.339258, 62.032812], [35.308008, 62.076562], [35.251758, 62.079687], [35.195605, 61.987939], [35.170703, 61.905664], [35.160352, 61.858643], [35.201758, 61.839062], [35.273633, 61.870312], [35.325781, 61.935352], [35.34707, 61.997803]]]}}, {"type": "Feature", "properties": {"scalerank": 0, "featurecla": "Alkaline Lake", "name": "IJsselmeer", "name_alt": null, "note": null, "admin": "admin-0", "namepar": null, "min_zoom": 2, "min_label": 3.7, "name_abb": "IJsselmeer", "label": "IJsselmeer", "wikidataid": "Q4121", "name_ar": "بحيرة آيسل", "name_bn": "ইজসেলমীর", "name_de": "IJsselmeer", "name_en": "IJsselmeer", "name_es": "Ĳsselmeer", "name_fr": "IJsselmeer", "name_el": "Άισελμιρ", "name_hi": "आईजेसेल्मीर", "name_hu": "IJsselmeer", "name_id": "IJsselmeer", "name_it": "IJsselmeer", "name_ja": "アイセル湖", "name_ko": "에이설호", "name_nl": "IJsselmeer", "name_pl": "IJsselmeer", "name_pt": "IJsselmeer", "name_ru": "Эйсселмер", "name_sv": "IJsselmeer", "name_tr": "IJsselmeer", "name_vi": "Hồ IJsselmeer", "name_zh": "艾瑟爾湖", "ne_id": 1159126631, "name_fa": "دریاچه آیسل", "name_he": "אייסלמיר", "name_uk": "Ейсселмер", "name_ur": "اسیلمیر", "name_zht": "艾瑟爾湖"}, "geometry": {"type": "Polygon", "coordinates": [[[5.87002, 52.485352], [5.795117, 52.427686], [5.495313, 52.251904], [5.316016, 52.291504], [5.039941, 52.344141], [5.014063, 52.364307], [5.03623, 52.40459], [5.062305, 52.430713], [5.069043, 52.451367], [5.069824, 52.52041], [5.059961, 52.565576], [5.065918, 52.62373], [5.137988, 52.626611], [5.241699, 52.669824], [5.247461, 52.730371], [5.164844, 52.785742], [5.117578, 52.835986], [5.094043, 52.886182], [5.068066, 52.923437], [5.152344, 52.966699], [5.268945, 53.027246], [5.377246, 53.064697], [5.398242, 53.041943], [5.413086, 52.902637], [5.42041, 52.874463], [5.45498, 52.857178], [5.547266, 52.845654], [5.656836, 52.851416], [5.666992, 52.817334], [5.625293, 52.781836], [5.617969, 52.757666], [5.613086, 52.684375], [5.619141, 52.658496], [5.653418, 52.629639], [5.835449, 52.609277], [5.867188, 52.563184], [5.87002, 52.485352]], [[5.83418, 52.502246], [5.829492, 52.535449], [5.797461, 52.5646], [5.735547, 52.582227], [5.658105, 52.587598], [5.539258, 52.557715], [5.376953, 52.490332], [5.168555, 52.37876], [5.183887, 52.35835], [5.242383, 52.33374], [5.424414, 52.297656], [5.499121, 52.301855], [5.548047, 52.324414], [5.620605, 52.375928], [5.741016, 52.429004], [5.800879, 52.465771], [5.83418, 52.502246]]]}}, {"type": "Feature", "properties": {"scalerank": 0, "featurecla": "Reservoir", "name": "Rybinsk Reservoir", "name_alt": null, "note": null, "admin": null, "namepar": null, "min_zoom": 2, "min_label": 3.7, "name_abb": "Rybinsk Res.", "label": "Rybinsk Reservoir", "wikidataid": "Q375029", "name_ar": "خزان ريبنسك", "name_bn": "রাইবিনস্ক জলাধার", "name_de": "Rybinsker Stausee", "name_en": "Rybinsk", "name_es": "Rybinsk", "name_fr": "Rybinsk", "name_el": "Τεχνητή Λίμνη Ρύμπινσκ", "name_hi": "रायबिंस्क जलाशय", "name_hu": "Ribinszk-víztározó", "name_id": "Reservoir Rybinsk", "name_it": "Rybinsk", "name_ja": "ルイビンスク人造湖", "name_ko": "리빈스크 레저보어", "name_nl": "Stuwmeer van Rybinsk", "name_pl": "Zbiornik Rybiński", "name_pt": "Represa de Rybinsk", "name_ru": "Рыбинское водохранилище", "name_sv": "Rybinskreservoaren", "name_tr": "Rıbinsk Baraj", "name_vi": "Hồ Rybinsk", "name_zh": "雷賓斯克水庫", "ne_id": 1159124965, "name_fa": "مخزن سد ریبینسک", "name_he": "מאגר ריבינסק", "name_uk": "Рибінське водосховище", "name_ur": "رائےبنسک ریزروائر", "name_zht": "雷賓斯克水庫"}, "geometry": {"type": "Polygon", "coordinates": [[[38.611719, 58.113135], [38.383105, 58.121875], [38.357031, 58.100098], [38.436914, 58.035645], [38.437109, 58.017529], [38.415332, 58.015576], [38.369238, 58.031592], [38.310156, 58.040576], [38.281055, 58.053857], [38.25918, 58.070898], [38.249609, 58.102686], [38.250977, 58.19873], [38.220508, 58.237305], [38.14873, 58.248633], [37.944043, 58.300879], [37.897168, 58.291797], [37.507129, 58.535352], [37.416895, 58.613086], [37.316797, 58.657422], [37.155273, 58.694971], [37.15459, 58.706543], [37.169238, 58.725635], [37.150781, 58.84873], [37.30791, 58.76001], [37.372266, 58.731445], [37.422852, 58.726562], [37.410352, 58.689062], [37.410352, 58.669971], [37.45918, 58.633936], [37.537695, 58.612695], [37.564648, 58.552832], [37.608691, 58.545312], [37.661133, 58.557471], [37.666602, 58.572461], [37.620898, 58.626221], [37.632324, 58.63623], [37.714844, 58.617529], [37.767773, 58.617627], [37.994922, 58.550439], [38.073926, 58.541943], [38.073828, 58.591553], [38.103125, 58.619482], [38.095508, 58.634473], [37.987695, 58.672217], [37.98418, 58.692383], [37.945312, 58.720312], [37.941699, 58.735498], [37.961328, 58.743604], [38.023926, 58.745898], [37.995898, 58.86167], [37.917578, 58.858252], [37.869434, 58.89707], [37.82832, 58.914062], [37.777246, 58.926221], [37.713672, 58.927734], [37.642383, 58.918896], [37.58125, 58.898828], [37.501367, 58.844775], [37.471289, 58.85708], [37.46582, 58.874561], [37.484375, 58.927197], [37.499121, 58.944189], [37.608887, 58.988965], [37.673242, 59.025195], [37.695605, 59.063965], [37.67627, 59.102344], [37.640039, 59.137695], [37.644922, 59.156787], [37.842871, 59.155273], [37.940039, 59.174072], [37.987305, 59.176758], [38.001563, 59.159766], [38.007422, 59.14375], [38.027246, 59.128076], [38.116211, 59.102588], [38.159375, 59.101562], [38.179688, 59.11333], [38.180469, 59.132129], [38.176367, 59.148242], [38.124023, 59.202881], [38.143262, 59.209766], [38.18291, 59.203076], [38.294043, 59.161328], [38.414648, 59.173437], [38.407324, 59.152295], [38.331543, 59.092578], [38.239453, 59.062695], [38.170508, 59.065039], [37.910156, 59.102734], [37.866406, 59.094092], [37.857715, 59.075146], [37.919922, 59.04209], [38.046973, 58.994189], [38.119434, 58.95459], [38.427344, 58.747021], [38.609961, 58.636572], [38.752832, 58.546924], [38.989258, 58.495605], [39.003711, 58.475635], [38.970313, 58.44082], [39.000391, 58.386768], [39.005273, 58.358057], [38.870898, 58.331055], [38.830469, 58.295557], [38.812109, 58.250732], [38.81875, 58.134814], [38.805176, 58.121973], [38.779492, 58.134766], [38.691699, 58.207031], [38.638281, 58.220312], [38.619238, 58.20127], [38.697949, 58.132959], [38.704004, 58.113135], [38.680957, 58.108203], [38.611719, 58.113135]]]}}, {"type": "Feature", "properties": {"scalerank": 0, "featurecla": "Alkaline Lake", "name": "Issyk-Kul", "name_alt": "Ysyk Köl", "note": null, "admin": null, "namepar": "Ysyk Köl", "min_zoom": 2, "min_label": 3.7, "name_abb": "Issyk-Kul", "label": "Issyk-Kul", "wikidataid": "Q42191", "name_ar": "بحيرة إيسيك كول", "name_bn": "ইসস্যক-কুল", "name_de": "Yssykköl", "name_en": "Issyk-Kul", "name_es": "Issyk-Kul", "name_fr": "Yssyk Koul", "name_el": "Ισσύκ-Κουλ", "name_hi": "इसिक कुल", "name_hu": "Iszik-köl", "name_id": "Issyk Kul", "name_it": "Ysykköl", "name_ja": "イシク・クル", "name_ko": "이식쿨호", "name_nl": "Issyk Koelmeer", "name_pl": "Issyk-kul", "name_pt": "Issyk-Kul", "name_ru": "Иссык-Куль", "name_sv": "Issyk-Kul", "name_tr": "Issık Göl", "name_vi": "Issyk Kul", "name_zh": "伊塞克湖", "ne_id": 1159126655, "name_fa": "دریاچه ایسیک کول", "name_he": "איסיק קול", "name_uk": "Іссик-Куль", "name_ur": "اسیک کول", "name_zht": "伊塞克湖"}, "geometry": {"type": "Polygon", "coordinates": [[[78.292383, 42.564062], [78.158008, 42.550098], [78.01416, 42.487451], [77.870703, 42.428271], [77.851758, 42.402197], [77.853906, 42.36665], [77.716211, 42.240381], [77.59502, 42.200391], [77.514551, 42.181836], [77.136523, 42.168164], [77.022949, 42.173047], [76.921484, 42.19043], [76.577734, 42.291357], [76.432129, 42.319531], [76.328711, 42.32998], [76.263086, 42.327588], [76.227246, 42.388916], [76.21543, 42.435205], [76.226465, 42.460596], [76.452832, 42.488574], [76.74707, 42.565332], [76.965039, 42.612256], [77.190234, 42.646875], [77.337402, 42.669678], [77.534863, 42.651318], [77.684082, 42.701807], [78.06377, 42.72666], [78.248828, 42.73374], [78.151367, 42.671777], [78.118945, 42.641504], [78.136328, 42.607666], [78.302637, 42.588379], [78.292383, 42.564062]]]}}, {"type": "Feature", "properties": {"scalerank": 0, "featurecla": "Lake", "name": "Lake Zaysan", "name_alt": null, "note": null, "admin": null, "namepar": null, "min_zoom": 3, "min_label": 5, "name_abb": "L. Zaysan", "label": "Lake Zaysan", "wikidataid": "Q216621", "name_ar": "بحيرة زيسان", "name_bn": "লেক জেসান", "name_de": "Saissansee", "name_en": "Zaysan", "name_es": "Zaysan", "name_fr": "Zaïssan", "name_el": "Λίμνη Ζαϊσάν", "name_hi": "ज़ायसान झील", "name_hu": "Zaysan-tó", "name_id": "Zaysan", "name_it": "Zajsan", "name_ja": "ザイサン湖", "name_ko": "자이산호", "name_nl": "Zaysanmeer", "name_pl": "Zajsan", "name_pt": "Zaysan", "name_ru": "Зайсан", "name_sv": "Zajsan", "name_tr": "Zaysan", "name_vi": "Zaysan", "name_zh": "斋桑泊", "ne_id": 1159123091, "name_fa": "دریاچه زایسان", "name_he": "אגם זייסאן", "name_uk": "Зайсан", "name_ur": "جھیل زیسان", "name_zht": "齋桑泊"}, "geometry": {"type": "Polygon", "coordinates": [[[84.42666, 47.856885], [84.394336, 47.816162], [84.356836, 47.732129], [84.295996, 47.699121], [84.241797, 47.706445], [83.994336, 47.843262], [83.765625, 47.951172], [83.624609, 48.012793], [83.444531, 48.048828], [83.258984, 48.094629], [83.082617, 48.178223], [83.026758, 48.211865], [83.038574, 48.249609], [83.182129, 48.249365], [83.275098, 48.261328], [83.435254, 48.269971], [83.497559, 48.304541], [83.532617, 48.375146], [83.460742, 48.432275], [83.392188, 48.499854], [83.387012, 48.554004], [83.417383, 48.597461], [83.422656, 48.743213], [83.471191, 48.858203], [83.589453, 48.962402], [83.747266, 49.039258], [83.87168, 49.062695], [84.036133, 49.110596], [84.120605, 49.159082], [84.099805, 49.238037], [83.972461, 49.328809], [83.848535, 49.41709], [83.724414, 49.439551], [83.660352, 49.44292], [83.608008, 49.48623], [83.538965, 49.531885], [83.478906, 49.538232], [83.426465, 49.573389], [83.364844, 49.626074], [83.363672, 49.643848], [83.391211, 49.652393], [83.608203, 49.60625], [83.739844, 49.630957], [83.889844, 49.72041], [83.963574, 49.726367], [83.96123, 49.702637], [83.818262, 49.633643], [83.79668, 49.597119], [83.756543, 49.564355], [83.729492, 49.535205], [83.823145, 49.483936], [84.287793, 49.237695], [84.360645, 49.160547], [84.328613, 49.124854], [84.149023, 49.086035], [83.864062, 48.994385], [83.776758, 48.975391], [83.60918, 48.9104], [83.514063, 48.81333], [83.486914, 48.718262], [83.516797, 48.616846], [83.613379, 48.437256], [83.773926, 48.410449], [83.919434, 48.397217], [83.907129, 48.373535], [83.681934, 48.353418], [83.596191, 48.303027], [83.58125, 48.26748], [83.633594, 48.241504], [83.740039, 48.197656], [83.880664, 48.151904], [84.051465, 48.083496], [84.16709, 48.055957], [84.333887, 48.023096], [84.468359, 47.969385], [84.515625, 47.929883], [84.42666, 47.856885]]]}}, {"type": "Feature", "properties": {"scalerank": 0, "featurecla": "Alkaline Lake", "name": "Lake Turkana", "name_alt": null, "note": null, "admin": null, "namepar": "Lake Rudolf", "min_zoom": 3, "min_label": 4, "name_abb": "L. Turkana", "label": "Lake Turkana", "wikidataid": "Q182719", "name_ar": "بحيرة توركانا", "name_bn": "লেক তুরকানা", "name_de": "Turkana", "name_en": "Turkana", "name_es": "Turkana", "name_fr": "Turkana", "name_el": "Τουρκάνα", "name_hi": "तुर्काना झील", "name_hu": "Turkana-tó", "name_id": "Turkana", "name_it": "Turkana", "name_ja": "トゥルカナ湖", "name_ko": "투르카나호", "name_nl": "Turkanameer", "name_pl": "Jezioro Rudolfa", "name_pt": "Turkana", "name_ru": "Рудольф", "name_sv": "Turkanasjön", "name_tr": "Turkana", "name_vi": "Turkana", "name_zh": "图尔卡纳湖", "ne_id": 1159126669, "name_fa": "دریاچه تورکانا", "name_he": "אגם טורקאנה", "name_uk": "Туркана", "name_ur": "جھیل ٹرکانا", "name_zht": "圖爾卡納湖"}, "geometry": {"type": "Polygon", "coordinates": [[[36.633008, 2.424707], [36.570996, 2.405176], [36.534961, 2.447852], [36.424023, 2.734424], [36.331348, 2.873926], [36.242285, 2.965625], [36.200098, 2.973584], [36.153613, 3.037891], [36.112793, 3.166602], [36.038086, 3.264404], [35.965918, 3.368018], [35.937207, 3.482324], [35.914551, 3.518945], [35.872266, 3.598145], [35.847266, 3.775293], [35.857227, 3.875635], [35.888281, 4.038428], [35.918945, 4.27041], [35.925586, 4.385156], [35.950488, 4.55293], [35.994727, 4.565625], [36.044922, 4.539014], [36.07373, 4.555029], [36.097949, 4.623291], [36.132422, 4.652979], [36.155078, 4.653906], [36.174121, 4.631934], [36.196973, 4.430908], [36.214746, 4.147852], [36.213086, 4.053516], [36.225879, 3.879834], [36.221191, 3.472949], [36.310742, 3.206641], [36.427246, 3.011426], [36.538477, 2.92373], [36.652051, 2.858398], [36.69668, 2.726611], [36.68457, 2.537793], [36.633008, 2.424707]]]}}, {"type": "Feature", "properties": {"scalerank": 0, "featurecla": "Alkaline Lake", "name": "Kaliningradskiy Zaliv", "name_alt": null, "note": null, "admin": null, "namepar": null, "min_zoom": 3, "min_label": 4, "name_abb": "Kaliningradskiy Zaliv", "label": "Kaliningradskiy Zaliv", "wikidataid": "Q5605", "name_ar": "فيستولا لاجون", "name_bn": "কালিনিনগ্র্যাদস্কি জালিভ", "name_de": "Frisches Haff", "name_en": "Vistula Lagoon", "name_es": "del Vístula", "name_fr": "Lagune de la Vistule", "name_el": "Λιμνοθάλασσα του Βιστούλα", "name_hi": "कलिनिन्ग्राद्स्की ज़ालिव", "name_hu": "Kalinyingradszkij Zaliv", "name_id": "Kaliningradskiy Zaliv", "name_it": "della Vistola", "name_ja": "ヴィスワ潟", "name_ko": "비스툴라 석호", "name_nl": "Wislahaf", "name_pl": "Zalew Wiślany", "name_pt": "Lagoa do Vístula", "name_ru": "Калининградский залив", "name_sv": "Frisches Haff", "name_tr": "Vistül Lagünü", "name_vi": "Phá Vistula", "name_zh": "维斯图拉潟湖", "ne_id": 1159126681, "name_fa": "کالینینگرادسکی زالیو", "name_he": "לגונת ויסטולה", "name_uk": "Віслинська затока", "name_ur": "کالینینگراڈسکی زالیو", "name_zht": "维斯图拉潟湖"}, "geometry": {"type": "Polygon", "coordinates": [[[19.71709, 54.482275], [19.878711, 54.589111], [19.941504, 54.64668], [19.958398, 54.682031], [19.987988, 54.709961], [20.033496, 54.702051], [20.084277, 54.673145], [20.208301, 54.683984], [20.404883, 54.681641], [20.102246, 54.58252], [19.929199, 54.517139], [19.768945, 54.437988], [19.764063, 54.433838], [19.71709, 54.482275]]]}}, {"type": "Feature", "properties": {"scalerank": 0, "featurecla": "Alkaline Lake", "name": "Zalev Wislany", "name_alt": "Zalew Wislany", "note": null, "admin": null, "namepar": null, "min_zoom": 3, "min_label": 4, "name_abb": "Zalew Wislany", "label": "Zalev Wislany", "wikidataid": "Q5605", "name_ar": "زاليو ويسلاني", "name_bn": "জালেউ উইসলানি", "name_de": "Frisches Haff", "name_en": "Vistula Lagoon", "name_es": "del Vístula", "name_fr": "Lagune de la Vistule", "name_el": "Λιμνοθάλασσα του Βιστούλα", "name_hi": "ज़ालेव विस्लानी", "name_hu": "Zalew Wislany", "name_id": "Zalew Wislany", "name_it": "della Vistola", "name_ja": "ヴィスワ潟", "name_ko": "비스툴라 석호", "name_nl": "Wislahaf", "name_pl": "Zalew Wiślany", "name_pt": "Lagoa do Vístula", "name_ru": "Калининградский залив", "name_sv": "Frisches Haff", "name_tr": "Vistül Lagünü", "name_vi": "Phá Vistula", "name_zh": "维斯图拉潟湖", "ne_id": 1159126693, "name_fa": "زاله ویسلانی", "name_he": "לגונת ויסטולה", "name_uk": "Віслинська затока", "name_ur": "زیلیو وسلانی", "name_zht": "维斯图拉潟湖"}, "geometry": {"type": "Polygon", "coordinates": [[[19.764063, 54.433838], [19.738477, 54.411816], [19.658301, 54.37417], [19.585938, 54.348486], [19.480859, 54.300439], [19.346777, 54.267969], [19.250977, 54.310645], [19.278613, 54.338379], [19.502734, 54.380957], [19.616406, 54.426416], [19.71709, 54.482275], [19.764063, 54.433838]]]}}, {"type": "Feature", "properties": {"scalerank": 0, "featurecla": "Alkaline Lake", "name": "Uvs Nuur", "name_alt": null, "note": null, "admin": null, "namepar": null, "min_zoom": 3, "min_label": 4, "name_abb": "Uvs Nuur", "label": "Uvs Nuur", "wikidataid": "Q81150", "name_ar": "بحيرة يوفس", "name_bn": "উভস হ্রদ", "name_de": "Uws Nuur", "name_en": "Uvs", "name_es": "Uvs", "name_fr": "Uvs nuur", "name_el": "Ουβς Νουρ", "name_hi": "यूवीएस नूर", "name_hu": "Uvsz-tó", "name_id": "Uvs", "name_it": "Uvs Nuur", "name_ja": "ウヴス・ヌール", "name_ko": "우브스 누르", "name_nl": "Uvs Nuur", "name_pl": "Uws-nur", "name_pt": "Uvs", "name_ru": "Убсу-Нур", "name_sv": "Uvs Nuur", "name_tr": "Ubsa", "name_vi": "Uvs", "name_zh": "烏布蘇湖", "ne_id": 1159126709, "name_fa": "دریاچه یواس", "name_he": "אובס נור", "name_uk": "Убсу-Нур", "name_ur": "اوس نور", "name_zht": "烏布蘇湖"}, "geometry": {"type": "Polygon", "coordinates": [[[92.235449, 50.412988], [92.348242, 50.475049], [92.545898, 50.540332], [92.789453, 50.616943], [92.892773, 50.658252], [92.964648, 50.638232], [92.990234, 50.607959], [92.977734, 50.539551], [93.075879, 50.427686], [93.227441, 50.364062], [93.25918, 50.358203], [93.254199, 50.327344], [93.325391, 50.30835], [93.361816, 50.281592], [93.300586, 50.25542], [93.21582, 50.251123], [93.095215, 50.19834], [93.018359, 50.14502], [92.912793, 50.055908], [92.72168, 50.009961], [92.601367, 50.005225], [92.49834, 50.053174], [92.381738, 50.141895], [92.336523, 50.227588], [92.316406, 50.30166], [92.235449, 50.412988]]]}}, {"type": "Feature", "properties": {"scalerank": 0, "featurecla": "Alkaline Lake", "name": "Qinghai Hu", "name_alt": null, "note": null, "admin": null, "namepar": "Koko Nor", "min_zoom": 3, "min_label": 4, "name_abb": "Qinghai Hu", "label": "Qinghai Hu", "wikidataid": "Q201294", "name_ar": "بحيرة تشينغهاي", "name_bn": "কোইংহাই হু", "name_de": "Qinghai", "name_en": "Qinghai", "name_es": "Qinghai", "name_fr": "Qinghai", "name_el": "Λίμνη Τσινγκχάι", "name_hi": "चिंगहई झील", "name_hu": "Csinghaj-tó", "name_id": "Qinghai", "name_it": "Qinghai", "name_ja": "青海湖", "name_ko": "칭하이호", "name_nl": "Qinghaimeer", "name_pl": "Kuku-nor", "name_pt": "Chingai", "name_ru": "Кукунор", "name_sv": "Qinghaisjön", "name_tr": "Koko Nor", "name_vi": "Thanh Hải", "name_zh": "青海湖", "ne_id": 1159126725, "name_fa": "دریاچه چینگهای", "name_he": "ימת צ'ינגהאי", "name_uk": "Кукунор", "name_ur": "جھیل چنگھائی", "name_zht": "青海湖"}, "geometry": {"type": "Polygon", "coordinates": [[[99.958496, 36.678711], [99.827441, 36.739404], [99.700391, 36.853125], [99.649902, 36.911279], [99.680859, 36.947412], [99.761621, 36.948242], [99.816406, 36.955371], [99.834473, 36.988037], [99.804297, 37.066602], [99.787207, 37.149023], [99.836328, 37.182471], [99.95625, 37.217822], [100.0, 37.213016938093986], [100.0, 36.67346469141057], [99.958496, 36.678711]]]}}, {"type": "Feature", "properties": {"scalerank": 0, "featurecla": "Lake", "name": "Lake Tharthar", "name_alt": null, "note": null, "admin": null, "namepar": null, "min_zoom": 3, "min_label": 4, "name_abb": "Buhayrat ath Tharthar", "label": "Buhayrat ath Tharthar", "wikidataid": "Q1640519", "name_ar": "منخفض الثرثار", "name_bn": "বুহায়রত আথ থর্থর", "name_de": "Tharthar", "name_en": "Tharthar", "name_es": "Tharthar", "name_fr": "du Thartar", "name_el": "Μπουχαϊράτ ατ Ταρτάρ", "name_hi": "बुहारत अथ थारथार", "name_hu": "Buhayrat ath Tharthar", "name_id": "Tharthar", "name_it": "Buhayrat ath Thartar", "name_ja": "サルサール湖", "name_ko": "부하이라트 타르타르", "name_nl": "Tharthar", "name_pl": "Jezioro Tharthar", "name_pt": "Tharthar", "name_ru": "Тартар", "name_sv": "Tharthar", "name_tr": "Buhayrat ath Tharthar", "name_vi": "Tharthar", "name_zh": "塞尔萨尔湖", "ne_id": 1159123125, "name_fa": "دریاچه ثرثار", "name_he": "בוהאיראט אט טארטאר", "name_uk": "Озеро Тартар", "name_ur": "بوحیرت اتھ تھرتھار", "name_zht": "塞尔萨尔湖"}, "geometry": {"type": "Polygon", "coordinates": [[[43.196289, 33.79209], [43.106152, 33.915186], [43.073633, 34.112988], [43.066016, 34.258057], [43.083594, 34.314746], [43.11582, 34.32915], [43.23877, 34.141406], [43.362305, 34.042676], [43.46748, 33.950439], [43.492773, 33.888037], [43.476465, 33.806934], [43.47832, 33.729102], [43.419629, 33.70625], [43.331836, 33.71709], [43.26123, 33.727734], [43.196289, 33.79209]]]}}, {"type": "Feature", "properties": {"scalerank": 0, "featurecla": "Alkaline Lake", "name": "Razzaza Lake", "name_alt": "Lake Razazah", "note": null, "admin": null, "namepar": "Lake Milh", "min_zoom": 3, "min_label": 4, "name_abb": "L. Razazah", "label": "Lake Razazah", "wikidataid": "Q2007652", "name_ar": "بحيرة الرزازة", "name_bn": "লেক রাজাজাহ", "name_de": "Razzaza", "name_en": "Milh", "name_es": "Razzaza", "name_fr": "Lake Milh", "name_el": "Λίμνη Ραζαζά", "name_hi": "रज़ाज़ाह झील", "name_hu": "Razazah-tó", "name_id": "Danau Razazah", "name_it": "Milh", "name_ja": "ミル湖", "name_ko": "레이크라자자", "name_nl": "Lake Milh", "name_pl": "Jezioro Razazah", "name_pt": "Lago Razzaza", "name_ru": "Эль-Мильх", "name_sv": "Razzaza", "name_tr": "Razazah Gölü", "name_vi": "Hồ Razazah", "name_zh": "赖扎宰湖", "ne_id": 1159126735, "name_fa": "دریاچه رزازه", "name_he": "אגם רזאזה", "name_uk": "озеро Разаза", "name_ur": "جھیل رازازا", "name_zht": "赖扎宰湖"}, "geometry": {"type": "Polygon", "coordinates": [[[43.862598, 32.611523], [43.792578, 32.535156], [43.739453, 32.531006], [43.668066, 32.553467], [43.628613, 32.579932], [43.577246, 32.595508], [43.482129, 32.642383], [43.437598, 32.714941], [43.423047, 32.810352], [43.432422, 32.868945], [43.451465, 32.879248], [43.475098, 32.919482], [43.468555, 33.010889], [43.507812, 33.059863], [43.550195, 33.079443], [43.582715, 33.039355], [43.719922, 32.808447], [43.820605, 32.732129], [43.878418, 32.687695], [43.862598, 32.611523]]]}}, {"type": "Feature", "properties": {"scalerank": 0, "featurecla": "Alkaline Lake", "name": "Dead Sea", "name_alt": null, "note": null, "admin": null, "namepar": null, "min_zoom": 3, "min_label": 4, "name_abb": "Dead Sea", "label": "Dead Sea", "wikidataid": "Q23883", "name_ar": "البحر الميت", "name_bn": "মৃত সাগর", "name_de": "Totes Meer", "name_en": "Dead Sea", "name_es": "mar Muerto", "name_fr": "mer Morte", "name_el": "Νεκρά θάλασσα", "name_hi": "मृत सागर", "name_hu": "Holt-tenger", "name_id": "Laut Mati", "name_it": "Mar Morto", "name_ja": "死海", "name_ko": "사해", "name_nl": "Dode Zee", "name_pl": "Morze Martwe", "name_pt": "Mar Morto", "name_ru": "Мёртвое море", "name_sv": "Döda havet", "name_tr": "Lut", "name_vi": "Biển Chết", "name_zh": "死海", "ne_id": 1159126747, "name_fa": "دریای مرده", "name_he": "ים המלח", "name_uk": "Мертве море", "name_ur": "بحیرہ مردار", "name_zht": "死海"}, "geometry": {"type": "Polygon", "coordinates": [[[35.566797, 31.573975], [35.545117, 31.359131], [35.520996, 31.327246], [35.422852, 31.325391], [35.403125, 31.348242], [35.402148, 31.492432], [35.421387, 31.618555], [35.462598, 31.710352], [35.521973, 31.755859], [35.558984, 31.765527], [35.585352, 31.72417], [35.566797, 31.573975]]]}}, {"type": "Feature", "properties": {"scalerank": 0, "featurecla": "Lake", "name": "Lake Pskov", "name_alt": "Pihkva järv|Pskovskoe Ozero", "note": null, "admin": "admin-0", "namepar": null, "min_zoom": 3, "min_label": 4, "name_abb": "L. Pskov", "label": "Pskov", "wikidataid": "Q1144905", "name_ar": "بحيرة بسكوف", "name_bn": "লেক পস্কভ", "name_de": "Pleskauer", "name_en": "Pihkva", "name_es": "Pskos", "name_fr": "Pihkva", "name_el": "Λίμνη Πσκοβ", "name_hi": "पस्कोव झील", "name_hu": "Pszkovi-tó", "name_id": "Danau Pskov", "name_it": "Lago di Pskov", "name_ja": "プスコフ湖", "name_ko": "프스콥스코예호", "name_nl": "Pskovskoe ozero", "name_pl": "Jezioro Pskowskie", "name_pt": "Lago Peipus", "name_ru": "Псковское озеро", "name_sv": "Pskovsjön", "name_tr": "Pskov Gölü", "name_vi": "Hồ Pskov", "name_zh": "普斯科夫湖", "ne_id": 1159113451, "name_fa": "دریاچه پسکوف", "name_he": "אגם פסקוב", "name_uk": "Псковське озеро", "name_ur": "جھیل سکوو", "name_zht": "普斯科夫湖"}, "geometry": {"type": "Polygon", "coordinates": [[[27.568555, 58.214795], [27.591797, 58.174609], [27.714355, 58.164258], [27.865137, 58.173486], [27.973047, 58.132617], [28.096973, 58.044434], [28.149219, 57.974658], [28.169238, 57.914502], [28.101758, 57.859961], [27.99209, 57.868115], [27.910938, 57.895752], [27.875391, 57.92041], [27.881641, 57.937012], [27.802734, 57.990234], [27.67832, 58.018506], [27.623828, 58.014258], [27.49707, 58.184131], [27.568555, 58.214795]]]}}, {"type": "Feature", "properties": {"scalerank": 0, "featurecla": "Reservoir", "name": "Kainji Reservoir", "name_alt": null, "note": null, "admin": null, "namepar": null, "min_zoom": 4, "min_label": 5, "name_abb": "Kainji Res.", "label": "Kainji Reservoir", "wikidataid": "Q770141", "name_ar": "بحيرة كاينجي", "name_bn": "কাইনজি রিজার্ভার", "name_de": "Kainji-Stausee", "name_en": "Kainji", "name_es": "Kainji", "name_fr": "Kainji", "name_el": "Τεχνητή Λίμνη Κάιντζι", "name_hi": "केंजी जलाशय", "name_hu": "Kainji-víztározó", "name_id": "Kainji", "name_it": "Kainji", "name_ja": "カインジ湖", "name_ko": "카인지 레저보어", "name_nl": "Kainji", "name_pl": "Kainji", "name_pt": "Kainji", "name_ru": "Каинджи", "name_sv": "Kainji", "name_tr": "Kainji Rezervuarı", "name_vi": "Hồ Kainji", "name_zh": "卡因吉大坝", "ne_id": 1159124975, "name_fa": "مخزن سد کینجی", "name_he": "מאגר קיינג'י", "name_uk": "Каїнджі", "name_ur": "کینجی ریزروائر", "name_zht": "卡因吉大壩"}, "geometry": {"type": "Polygon", "coordinates": [[[4.678516, 10.344336], [4.598242, 10.196094], [4.599805, 10.112939], [4.61709, 10.002783], [4.658594, 9.884717], [4.625684, 9.864502], [4.594043, 9.866797], [4.565723, 9.903223], [4.536816, 10.028271], [4.495508, 10.06626], [4.47373, 10.07002], [4.467871, 10.098486], [4.495215, 10.126123], [4.510059, 10.147559], [4.505762, 10.173682], [4.470215, 10.186035], [4.463867, 10.195898], [4.484863, 10.228809], [4.46543, 10.305518], [4.399609, 10.375293], [4.399512, 10.403369], [4.437891, 10.418066], [4.450977, 10.437891], [4.459473, 10.460059], [4.470313, 10.626709], [4.491504, 10.644043], [4.566895, 10.602783], [4.606152, 10.616553], [4.656152, 10.607227], [4.680371, 10.584766], [4.649609, 10.516895], [4.667188, 10.410059], [4.685254, 10.365479], [4.678516, 10.344336]]]}}, {"type": "Feature", "properties": {"scalerank": 0, "featurecla": "Alkaline Lake", "name": "Lake Urmia", "name_alt": null, "note": null, "admin": null, "namepar": null, "min_zoom": 4, "min_label": 5, "name_abb": "L. Urmia", "label": "Lake Urmia", "wikidataid": "Q199551", "name_ar": "بحيرة أرومية", "name_bn": "উর্মিয়া হ্রদ", "name_de": "Urmiasee", "name_en": "Urmia", "name_es": "Urmía", "name_fr": "Ourmia", "name_el": "Λίμνη Ούρμια", "name_hi": "उर्मिया झील", "name_hu": "Urmia-tó", "name_id": "Urmia", "name_it": "Urmia", "name_ja": "オルーミーイェ湖", "name_ko": "우르미아호", "name_nl": "Urmiameer", "name_pl": "Urmia", "name_pt": "Urmia", "name_ru": "Урмия", "name_sv": "Urmiasjön", "name_tr": "Urmiye", "name_vi": "Urmia", "name_zh": "尔米亚湖", "ne_id": 1159126761, "name_fa": "دریاچه ارومیه", "name_he": "ימת אורמיה", "name_uk": "Урмія", "name_ur": "بحیرہ ارومیہ", "name_zht": "爾米亞湖"}, "geometry": {"type": "Polygon", "coordinates": [[[45.74668, 37.701172], [45.74873, 37.662549], [45.75498, 37.577734], [45.857715, 37.426465], [45.831152, 37.340527], [45.702637, 37.302979], [45.662793, 37.288135], [45.6125, 37.211719], [45.535547, 37.134863], [45.448535, 37.149463], [45.364551, 37.226611], [45.29248, 37.438037], [45.257129, 37.61543], [45.253223, 37.684961], [45.23418, 37.763672], [45.087012, 37.8854], [45.080273, 37.987598], [45.155469, 38.044531], [45.188184, 38.107861], [45.171191, 38.143848], [45.091797, 38.140039], [45.01543, 38.144385], [45.025977, 38.192725], [45.105566, 38.264258], [45.356934, 38.264258], [45.458398, 38.173437], [45.487305, 38.072949], [45.447461, 37.932422], [45.435938, 37.806201], [45.483203, 37.753564], [45.546094, 37.754346], [45.666309, 37.741895], [45.74668, 37.701172]]]}}, {"type": "Feature", "properties": {"scalerank": 0, "featurecla": "Alkaline Lake", "name": "Sarygamysh Köli", "name_alt": null, "note": null, "admin": "admin-0", "namepar": null, "min_zoom": 4, "min_label": 5, "name_abb": "Sarygamysh Köli", "label": "Sarygamysh Köli", "wikidataid": "Q257416", "name_ar": "ساريغاميش كولي", "name_bn": "সরিগামিশ কলি", "name_de": "Sarykamyschsee", "name_en": "Sarygamysh", "name_es": "Sariqamish", "name_fr": "Sary Kamysh", "name_el": "Σαριγκαμίς", "name_hi": "सरयगमिश कोलि", "name_hu": "Sarygamysh Köli", "name_id": "Sarygamysh", "name_it": "Sarygamysh", "name_ja": "サリカミシュ湖", "name_ko": "사리가미시 콜리", "name_nl": "Sarygamysh", "name_pl": "Jezioro Sarykamyskie", "name_pt": "Sariqamish", "name_ru": "Сарыкамышское озеро", "name_sv": "Sarygamysh Köli", "name_tr": "Sarıkamış", "name_vi": "Hồ Sarygamysh Köli", "name_zh": "薩雷卡梅什湖", "ne_id": 1159126775, "name_fa": "دریاچه ساریقامیش", "name_he": "אגם סריקמיש", "name_uk": "Сарикамиське озеро", "name_ur": "سارگامیش کولی", "name_zht": "薩雷卡梅什湖"}, "geometry": {"type": "Polygon", "coordinates": [[[57.817773, 41.699854], [57.684863, 41.636182], [57.526758, 41.594482], [57.42959, 41.578564], [57.345605, 41.573242], [57.247168, 41.652539], [57.174414, 41.73457], [57.115918, 41.731348], [57.061816, 41.724854], [57.053418, 41.773389], [57.09375, 41.968408], [57.182715, 42.185352], [57.272656, 42.30332], [57.392285, 42.334912], [57.549805, 42.260693], [57.627246, 42.149609], [57.613086, 42.105029], [57.631738, 42.065527], [57.682422, 42.0104], [57.700293, 41.912646], [57.844824, 41.837842], [57.865039, 41.773145], [57.817773, 41.699854]]]}}, {"type": "Feature", "properties": {"scalerank": 0, "featurecla": "Lake", "name": "L. Chany", "name_alt": null, "note": null, "admin": null, "namepar": null, "min_zoom": 4, "min_label": 5, "name_abb": null, "label": "L. Chany", "wikidataid": "Q1520895", "name_ar": null, "name_bn": null, "name_de": "Tschanysee", "name_en": "Chany", "name_es": "Chany", "name_fr": "Tchany", "name_el": null, "name_hi": null, "name_hu": "Csani-tó", "name_id": null, "name_it": "Čany", "name_ja": null, "name_ko": null, "name_nl": "Tsjani", "name_pl": "Czany", "name_pt": null, "name_ru": "Чаны", "name_sv": null, "name_tr": null, "name_vi": null, "name_zh": "钱尼湖", "ne_id": 1159121323, "name_fa": null, "name_he": null, "name_uk": "Чани", "name_ur": null, "name_zht": "錢尼湖"}, "geometry": {"type": "Polygon", "coordinates": [[[76.869043, 54.882568], [77.067285, 54.919141], [77.134375, 54.923242], [77.164453, 54.886768], [77.245313, 54.855957], [77.294043, 54.890088], [77.307324, 54.925146], [77.326563, 54.968311], [77.430371, 55.02041], [77.570312, 55.053271], [77.635742, 55.056787], [77.666895, 55.054199], [77.696289, 55.047217], [77.723535, 55.024902], [77.87793, 55.008643], [78.033008, 54.975488], [78.049121, 54.927441], [77.937891, 54.891016], [77.807227, 54.863037], [77.777148, 54.859082], [77.694434, 54.831982], [77.643457, 54.802734], [77.635938, 54.769141], [77.692969, 54.741406], [77.729883, 54.69209], [77.740625, 54.661328], [77.694141, 54.63374], [77.599902, 54.613818], [77.564648, 54.624219], [77.573535, 54.646973], [77.52207, 54.664746], [77.435156, 54.683984], [77.354199, 54.693555], [77.245117, 54.723145], [77.052246, 54.732031], [77.016504, 54.730127], [76.943262, 54.7146], [76.825977, 54.701025], [76.73418, 54.716504], [76.75332, 54.787109], [76.746973, 54.832275], [76.869043, 54.882568]]]}}, {"type": "Feature", "properties": {"scalerank": 0, "featurecla": "Alkaline Lake", "name": "Alaköl", "name_alt": "Alakol", "note": null, "admin": null, "namepar": null, "min_zoom": 4, "min_label": 5, "name_abb": "Alakol", "label": "Alakol", "wikidataid": "Q310547", "name_ar": "بحيرة الأكول", "name_bn": "আলাকোল", "name_de": "Alakölsee", "name_en": "Alakol", "name_es": "Alakol", "name_fr": "Alakol", "name_el": "Λίμνη Αλακόλ", "name_hi": "अलाकोल", "name_hu": "Alakol-tó", "name_id": "Alakol", "name_it": "Alakol", "name_ja": "アラコル湖", "name_ko": "알라콜", "name_nl": "Alakol", "name_pl": "Ała-kol", "name_pt": "Alakol", "name_ru": "Алаколь", "name_sv": "Alakol", "name_tr": "Alagöl", "name_vi": "Hồ Alakol", "name_zh": "阿拉湖", "ne_id": 1159126789, "name_fa": "آلاکول", "name_he": "אגם אלאקול", "name_uk": "Алаколь", "name_ur": "ایلاکول", "name_zht": "阿拉湖"}, "geometry": {"type": "Polygon", "coordinates": [[[81.748633, 45.871875], [81.554688, 45.964795], [81.42666, 46.055371], [81.404102, 46.151221], [81.409961, 46.234863], [81.399414, 46.304736], [81.443164, 46.392139], [81.529688, 46.451807], [81.65, 46.455713], [81.761133, 46.430859], [81.840625, 46.395801], [81.912207, 46.35083], [81.975781, 46.278564], [82.025293, 46.184766], [82.037695, 46.079785], [82.063574, 45.943848], [82.132715, 45.764014], [81.748633, 45.871875]]]}}, {"type": "Feature", "properties": {"scalerank": 0, "featurecla": "Lake", "name": "Oulujärvi", "name_alt": null, "note": null, "admin": null, "namepar": null, "min_zoom": 4, "min_label": 5, "name_abb": "Oulujärvi", "label": "Oulujärvi", "wikidataid": "Q580019", "name_ar": "أولو جيرفي", "name_bn": null, "name_de": "Oulujärvi", "name_en": "Oulujärvi", "name_es": "Oulu", "name_fr": "Oulu", "name_el": "Οουλουγιάρβι", "name_hi": null, "name_hu": null, "name_id": "Oulujärvi", "name_it": "Oulujärvi", "name_ja": "オウル湖", "name_ko": null, "name_nl": "Oulujärvi", "name_pl": "Oulujärvi", "name_pt": null, "name_ru": "Оулуярви", "name_sv": "Ule träsk", "name_tr": "Oulujärvi", "name_vi": null, "name_zh": "奧盧湖", "ne_id": 1159117309, "name_fa": null, "name_he": null, "name_uk": null, "name_ur": null, "name_zht": "奧盧湖"}, "geometry": {"type": "Polygon", "coordinates": [[[26.814648, 64.41499], [26.830859, 64.440381], [26.813867, 64.469482], [26.826758, 64.50542], [26.866113, 64.52998], [27.111816, 64.523291], [27.213672, 64.49668], [27.217285, 64.413916], [27.261621, 64.369287], [27.36543, 64.33042], [27.469141, 64.339062], [27.578223, 64.380469], [27.726953, 64.39668], [27.925, 64.381348], [27.913086, 64.333252], [27.929688, 64.306738], [27.88252, 64.308545], [27.800586, 64.304053], [27.737793, 64.281738], [27.764648, 64.244678], [27.85918, 64.232812], [27.940137, 64.204883], [28.057617, 64.177686], [28.157227, 64.159668], [28.185742, 64.142285], [28.187891, 64.131152], [28.164453, 64.120654], [28.07334, 64.121191], [28.009473, 64.128076], [27.928906, 64.144775], [27.652637, 64.224805], [27.562402, 64.274463], [27.506445, 64.26958], [27.481152, 64.250488], [27.420703, 64.229785], [27.322852, 64.20918], [27.282227, 64.173389], [27.2875, 64.130713], [27.258496, 64.120361], [27.200098, 64.15791], [27.073242, 64.200879], [26.94248, 64.238477], [26.920703, 64.277783], [26.792969, 64.361621], [26.779883, 64.391162], [26.814648, 64.41499]]]}}, {"type": "Feature", "properties": {"scalerank": 0, "featurecla": "Lake", "name": "Lake Peipus", "name_alt": "Lake Peipsi-Pihkva", "note": null, "admin": "admin-0", "namepar": null, "min_zoom": 4, "min_label": 5, "name_abb": "L. Peipus", "label": "Lake Peipus", "wikidataid": "Q19253", "name_ar": "بحيرة بيبوس", "name_bn": "লেক পেইপুস", "name_de": "Peipussee", "name_en": "Peipus", "name_es": "Peipus", "name_fr": "Peïpous", "name_el": "Πέιπους", "name_hi": "पीपुस झील", "name_hu": "Peipus-Pszkovi-tó", "name_id": "Peipsi", "name_it": "dei Ciudi", "name_ja": "ペイプシ湖", "name_ko": "페이푸스호", "name_nl": "Peipusmeer", "name_pl": "Pejpus", "name_pt": "Peipus", "name_ru": "Псковско-Чудское озеро", "name_sv": "Peipus", "name_tr": "Peipus", "name_vi": "Peipus", "name_zh": "楚德湖", "ne_id": 1159113563, "name_fa": "دریاچه پیپوس", "name_he": "אגם פייפסי", "name_uk": "Чудсько-Псковське озеро", "name_ur": "جھیل پائیپس", "name_zht": "楚德湖"}, "geometry": {"type": "Polygon", "coordinates": [[[27.49707, 58.184131], [27.472656, 58.216748], [27.425488, 58.303076], [27.323926, 58.401904], [27.236621, 58.452246], [27.156738, 58.647949], [26.966406, 58.805566], [26.974121, 58.884277], [27.107324, 58.954199], [27.298145, 58.994922], [27.52373, 59.006934], [27.683008, 58.979639], [27.748438, 58.912061], [27.813672, 58.571338], [27.820508, 58.484912], [27.798145, 58.446826], [27.747852, 58.429932], [27.582715, 58.306396], [27.561328, 58.257422], [27.568555, 58.214795], [27.49707, 58.184131]]]}}, {"type": "Feature", "properties": {"scalerank": 0, "featurecla": "Reservoir", "name": "Kremenchuk Reservoir", "name_alt": null, "note": null, "admin": null, "namepar": null, "min_zoom": 4, "min_label": 5, "name_abb": "Kremenchuk Res.", "label": "Kremenchuk Reservoir", "wikidataid": "Q1431500", "name_ar": "خزان كريمنشوك", "name_bn": "ক্রেমেনচুক রিজার্ভার", "name_de": "Krementschuker Stausee", "name_en": "Kremenchuk", "name_es": "Kremenchuk", "name_fr": "Krementchouk", "name_el": "Τεχνητή Λίμνη Κρεμεντσουκ", "name_hi": "क्रेमेनचुक जलाशय", "name_hu": "Kremencsuk-víztározó", "name_id": "Reservoir Kremenchuk", "name_it": "Serbatoio Kremenchuk", "name_ja": "クレメンチュク貯水池", "name_ko": "크레멘추크 레저보어", "name_nl": "Kremenchuk", "name_pl": "Zbiornik Kremieńczucki", "name_pt": "Represa de Kremenchuk", "name_ru": "Кременчугское водохранилище", "name_sv": "Krementjukdammen", "name_tr": "Kremenchuk Rezervuarı", "name_vi": "Hồ Kremenchuk", "name_zh": "克列缅丘格水库", "ne_id": 1159125001, "name_fa": "مخزن سد کرمنچوک", "name_he": "מאגר קרמנצ'וק", "name_uk": "Кременчуцьке водосховище", "name_ur": "کریمینچک ریزروائر", "name_zht": "克列緬丘格水庫"}, "geometry": {"type": "Polygon", "coordinates": [[[33.1625, 48.993604], [33.07627, 49.004346], [33.066113, 49.021387], [33.043457, 49.063135], [32.980859, 49.082568], [32.863379, 49.087256], [32.769531, 49.115918], [32.718066, 49.140137], [32.620508, 49.198633], [32.408203, 49.301709], [32.293555, 49.346191], [32.170117, 49.404395], [31.900488, 49.512793], [31.887988, 49.554443], [31.955371, 49.569678], [32.114453, 49.541309], [32.183594, 49.520947], [32.35, 49.469092], [32.461426, 49.426074], [32.631836, 49.381836], [32.682422, 49.400977], [32.659473, 49.464404], [32.664648, 49.537012], [32.712012, 49.559375], [32.753906, 49.484766], [32.860645, 49.407812], [33.01543, 49.280664], [33.104102, 49.200146], [33.194336, 49.11875], [33.193945, 49.093896], [33.16709, 49.019287], [33.1625, 48.993604]]]}}, {"type": "Feature", "properties": {"scalerank": 0, "featurecla": "Lake", "name": "Nam Co", "name_alt": null, "note": null, "admin": null, "namepar": null, "min_zoom": 4, "min_label": 5, "name_abb": "Nam Co", "label": "Nam Co", "wikidataid": "Q651294", "name_ar": "نامتسو", "name_bn": "নাম কো", "name_de": "Nam Co", "name_en": "Namtso", "name_es": "Nam", "name_fr": "Namtso", "name_el": "Ναμ Κο", "name_hi": "नम त्सो", "name_hu": "Nam Co", "name_id": "Nam Co", "name_it": "Namtso", "name_ja": "ナムツォ", "name_ko": "남초호", "name_nl": "Namtso", "name_pl": "Nam Co", "name_pt": "Lago Nam", "name_ru": "Намцо", "name_sv": "Namtso", "name_tr": "Namtso", "name_vi": "Namtso", "name_zh": "纳木错", "ne_id": 1159113637, "name_fa": "نامتسو", "name_he": "נאם דין", "name_uk": "Намцо", "name_ur": "نامتسو", "name_zht": "納木錯"}, "geometry": {"type": "Polygon", "coordinates": [[[90.313965, 30.573193], [90.292188, 30.697754], [90.288867, 30.846875], [90.35293, 30.880176], [90.475977, 30.854541], [90.578516, 30.828906], [90.650977, 30.839697], [90.675781, 30.870947], [90.712012, 30.894531], [90.865625, 30.8854], [90.94375, 30.923828], [90.975, 30.922656], [91.011719, 30.887842], [91.014258, 30.83916], [90.932617, 30.793408], [90.843262, 30.71792], [90.713965, 30.641309], [90.596484, 30.596436], [90.345703, 30.524219], [90.313965, 30.573193]]]}}, {"type": "Feature", "properties": {"scalerank": 0, "featurecla": "Alkaline Lake", "name": "Lake Tuz", "name_alt": null, "note": null, "admin": null, "namepar": null, "min_zoom": 4, "min_label": 5, "name_abb": "L. Tuz", "label": "Lake Tuz", "wikidataid": "Q211823", "name_ar": "بحيرة طوز", "name_bn": "লেক তুজ", "name_de": "Tuz", "name_en": "Tuz", "name_es": "Tuz", "name_fr": "Tuz", "name_el": "Λίμνη Τουζ", "name_hi": "तुज़ झील", "name_hu": "Tuz-tó", "name_id": "Danau Tuz", "name_it": "Salato", "name_ja": "トゥズ湖", "name_ko": "레이크 투즈", "name_nl": "Tuz", "name_pl": "Tuz", "name_pt": "Tuz", "name_ru": "Туз", "name_sv": "Tuz", "name_tr": "Tuz", "name_vi": "Tuz", "name_zh": "图兹湖", "ne_id": 1159126815, "name_fa": "دریاچه توز", "name_he": "ימת טוז", "name_uk": "Туз", "name_ur": "جھیل ٹز", "name_zht": "圖茲湖"}, "geometry": {"type": "Polygon", "coordinates": [[[33.524512, 38.811963], [33.597461, 38.798926], [33.673535, 38.712305], [33.61709, 38.577783], [33.533105, 38.522754], [33.422559, 38.558643], [33.325586, 38.610645], [33.235742, 38.666699], [33.158105, 38.772119], [33.21875, 38.87627], [33.292773, 38.967236], [33.309277, 39.057373], [33.305371, 39.126709], [33.350391, 39.120361], [33.42373, 39.055811], [33.454492, 38.991895], [33.440137, 38.938184], [33.45752, 38.853613], [33.524512, 38.811963]]]}}, {"type": "Feature", "properties": {"scalerank": 0, "featurecla": "Lake", "name": null, "name_alt": null, "note": "_untitled_22", "admin": null, "namepar": null, "min_zoom": 4, "min_label": 5, "name_abb": null, "label": null, "wikidataid": null, "name_ar": null, "name_bn": null, "name_de": null, "name_en": null, "name_es": null, "name_fr": null, "name_el": null, "name_hi": null, "name_hu": null, "name_id": null, "name_it": null, "name_ja": null, "name_ko": null, "name_nl": null, "name_pl": null, "name_pt": null, "name_ru": null, "name_sv": null, "name_tr": null, "name_vi": null, "name_zh": null, "ne_id": 1159113653, "name_fa": null, "name_he": null, "name_uk": null, "name_ur": null, "name_zht": null}, "geometry": {"type": "Polygon", "coordinates": [[[27.428906, 60.968799], [27.342285, 61.001172], [27.339551, 61.021436], [27.366992, 61.033203], [27.448438, 60.993896], [27.579297, 60.984033], [27.691797, 61.011572], [27.703516, 61.056006], [27.724316, 61.07793], [27.77666, 61.067969], [27.809766, 61.043701], [27.84873, 60.984229], [27.743945, 60.949951], [27.535352, 60.938232], [27.428906, 60.968799]]]}}, {"type": "Feature", "properties": {"scalerank": 0, "featurecla": "Lake", "name": "Rikkavesi", "name_alt": null, "note": "_untitled_21", "admin": null, "namepar": null, "min_zoom": 4, "min_label": 5, "name_abb": "Rikkavesi", "label": "Rikkavesi", "wikidataid": "Q7334058", "name_ar": "ريكافيسي", "name_bn": "রিকভেসি", "name_de": "Rikkavesi", "name_en": "Rikkavesi", "name_es": "Rikkavesi", "name_fr": "Rikkavesi", "name_el": "Ρικκαβέσι", "name_hi": "रिक्कावेसि", "name_hu": "Rikkavesi", "name_id": "Rikkavesi", "name_it": "Rikkavesi", "name_ja": "リッカヴェシ", "name_ko": "리카베시", "name_nl": "Rikkavesi", "name_pl": "Rikkavesi", "name_pt": "Rikkavesi", "name_ru": "озеро Риккавеси", "name_sv": "Rikkavesi", "name_tr": "Rikkavesi", "name_vi": "Hồ Rikkavesi", "name_zh": "里卡韦西水库", "ne_id": 1159123265, "name_fa": "ریکاوسی", "name_he": "ריקאבססי", "name_uk": "Ріккавесі", "name_ur": "رکاویسی", "name_zht": "里卡韋西水庫"}, "geometry": {"type": "Polygon", "coordinates": [[[29.521191, 62.833057], [29.562305, 62.833643], [29.583008, 62.888428], [29.536719, 62.976123], [29.493652, 63.029297], [29.521973, 63.051367], [29.594824, 62.981494], [29.747363, 62.875684], [29.822461, 62.794678], [29.811914, 62.731934], [29.741504, 62.69707], [29.666406, 62.682031], [29.623438, 62.740137], [29.540527, 62.77373], [29.458008, 62.832568], [29.421582, 62.883154], [29.440137, 62.893555], [29.472266, 62.869385], [29.521191, 62.833057]]]}}, {"type": "Feature", "properties": {"scalerank": 0, "featurecla": "Lake", "name": null, "name_alt": null, "note": "_untitled_20", "admin": null, "namepar": null, "min_zoom": 4, "min_label": 5, "name_abb": null, "label": null, "wikidataid": null, "name_ar": null, "name_bn": null, "name_de": null, "name_en": null, "name_es": null, "name_fr": null, "name_el": null, "name_hi": null, "name_hu": null, "name_id": null, "name_it": null, "name_ja": null, "name_ko": null, "name_nl": null, "name_pl": null, "name_pt": null, "name_ru": null, "name_sv": null, "name_tr": null, "name_vi": null, "name_zh": null, "ne_id": 1159113669, "name_fa": null, "name_he": null, "name_uk": null, "name_ur": null, "name_zht": null}, "geometry": {"type": "Polygon", "coordinates": [[[29.219336, 62.772461], [29.292969, 62.804688], [29.34502, 62.74541], [29.389648, 62.721191], [29.464844, 62.734424], [29.52207, 62.705908], [29.454102, 62.640967], [29.338574, 62.65835], [29.218555, 62.650098], [29.1875, 62.683838], [29.229492, 62.705322], [29.219336, 62.772461]]]}}, {"type": "Feature", "properties": {"scalerank": 0, "featurecla": "Lake", "name": "Lake Vygozero", "name_alt": null, "note": null, "admin": null, "namepar": null, "min_zoom": 4, "min_label": 5, "name_abb": "L. Vygozero", "label": "Lake Vygozero", "wikidataid": "Q1315765", "name_ar": "بحيرة فيجوزيرو", "name_bn": "লেক ভ্যগোজেরো", "name_de": "Wygosero", "name_en": "Vygozero", "name_es": "Vygózero", "name_fr": "Vygozero", "name_el": "Λίμνη Βιγκοζέρο", "name_hi": "वायगोज़ेरो झील", "name_hu": "Vygozero-tó", "name_id": "Danau Vygozero", "name_it": "Vygozero", "name_ja": "ヴィゴゼロ湖", "name_ko": "레이크 비고제로", "name_nl": "Vygozeromeer", "name_pl": "Wygoziero", "name_pt": "Vyg", "name_ru": "Выгозеро", "name_sv": "Vygozero", "name_tr": "Vıgozero", "name_vi": "Hồ Vygozero", "name_zh": "维戈泽罗湖", "ne_id": 1159113819, "name_fa": "دریاچه ویگوزرو", "name_he": "אגם ויגוזרו", "name_uk": "озеро Вигозеро", "name_ur": "جھیل وائےگوزیرو", "name_zht": "维戈泽罗湖"}, "geometry": {"type": "Polygon", "coordinates": [[[35.144629, 63.482324], [35.249219, 63.491748], [35.373633, 63.492285], [35.413184, 63.447949], [35.381738, 63.434082], [35.192773, 63.403955], [35.172363, 63.380518], [35.099414, 63.383105], [35.049414, 63.398877], [34.976855, 63.429102], [34.871582, 63.46377], [34.828809, 63.433691], [34.885059, 63.293896], [34.953027, 63.181055], [34.957324, 63.118994], [34.945898, 63.033252], [34.910449, 62.95083], [34.863086, 62.919043], [34.861035, 62.941162], [34.86748, 62.976074], [34.863965, 63.0104], [34.873438, 63.040332], [34.898633, 63.054688], [34.890723, 63.106543], [34.858496, 63.172314], [34.85293, 63.225244], [34.835352, 63.276367], [34.804004, 63.325635], [34.701953, 63.398828], [34.552148, 63.458984], [34.516797, 63.483936], [34.525391, 63.502441], [34.45332, 63.623389], [34.358105, 63.69668], [34.307813, 63.691895], [34.266406, 63.656201], [34.21543, 63.613037], [34.214355, 63.676025], [34.284375, 63.777002], [34.347266, 63.851172], [34.428418, 63.848242], [34.562598, 63.816357], [34.644043, 63.78916], [34.61582, 63.766211], [34.856738, 63.72085], [34.861426, 63.688184], [34.989551, 63.585107], [34.984082, 63.564111], [34.952539, 63.540234], [35.012793, 63.505566], [35.144629, 63.482324]]]}}, {"type": "Feature", "properties": {"scalerank": 0, "featurecla": "Lake", "name": "Lake Segozerskoye", "name_alt": null, "note": null, "admin": null, "namepar": null, "min_zoom": 4, "min_label": 5, "name_abb": "L. Segozerskoye", "label": "Lake Segozerskoye", "wikidataid": "Q1416209", "name_ar": "بحيرة سيجوزيرو", "name_bn": "লেক সেগোজেরস্কোয়া", "name_de": "Segosero", "name_en": "Segozero", "name_es": "Segozero", "name_fr": "Segozero", "name_el": "Λίμνη Σεγκοζερκόιε", "name_hi": "सेगोज़एर्स्कोये झील", "name_hu": "Segozerskoye-tó", "name_id": "Danau Segozerskoye", "name_it": "Segozero", "name_ja": "セゴゼロ湖", "name_ko": "레이크 세고제르스코예", "name_nl": "Segozero", "name_pl": "Segoziero", "name_pt": "Lago Segozero", "name_ru": "Сегозеро", "name_sv": "Segozero", "name_tr": "Segozero", "name_vi": "Hồ Segozerskoye", "name_zh": "谢戈泽罗湖", "ne_id": 1159113851, "name_fa": "دریاچه سگوزرسکویی", "name_he": "אגם סגוזרסקויה", "name_uk": "озеро Сегозеро", "name_ur": "جھیل سیگوزرسکوئی", "name_zht": "謝戈澤羅湖"}, "geometry": {"type": "Polygon", "coordinates": [[[33.58623, 63.487402], [33.637109, 63.47627], [33.656641, 63.433203], [33.696875, 63.409277], [33.84707, 63.438477], [33.932813, 63.418115], [33.991211, 63.296826], [34.066016, 63.22876], [34.01709, 63.200684], [33.896875, 63.188574], [33.70332, 63.190186], [33.572168, 63.202686], [33.499219, 63.21626], [33.306836, 63.283691], [33.273828, 63.316357], [33.273828, 63.341357], [33.28291, 63.381689], [33.257422, 63.423437], [33.355273, 63.423975], [33.441406, 63.44375], [33.58623, 63.487402]]]}}, {"type": "Feature", "properties": {"scalerank": 0, "featurecla": "Lake", "name": "Koitere", "name_alt": null, "note": "_untitled_13", "admin": null, "namepar": null, "min_zoom": 4, "min_label": 5, "name_abb": "Koitere", "label": "Koitere", "wikidataid": "Q1345130", "name_ar": "كويتير", "name_bn": "কোইতেরে", "name_de": "Koitere", "name_en": "Koitere", "name_es": "Koitere", "name_fr": "Koitere", "name_el": "Κόιτερε", "name_hi": "कोइतेरे", "name_hu": "Koitere", "name_id": "Koitere", "name_it": "Koitere", "name_ja": "コイテレ湖", "name_ko": "코이테레", "name_nl": "Koitere", "name_pl": "Koitere", "name_pt": "Koitere", "name_ru": "Койтере", "name_sv": "Koitere", "name_tr": "Koitere", "name_vi": "Hồ Koitere", "name_zh": "科伊泰雷湖", "ne_id": 1159123247, "name_fa": "کویتره", "name_he": "קויטרה", "name_uk": "Коїтере", "name_ur": "کوائیٹیرے", "name_zht": "科伊特雷水庫"}, "geometry": {"type": "Polygon", "coordinates": [[[30.586914, 62.937109], [30.614648, 62.965674], [30.676465, 62.973438], [30.703516, 63.012402], [30.754883, 63.049756], [30.830859, 63.02666], [30.846777, 62.954443], [30.741992, 62.864111], [30.689453, 62.847363], [30.658984, 62.808008], [30.66748, 62.783838], [30.658984, 62.766895], [30.634473, 62.774658], [30.501953, 62.779053], [30.480762, 62.787744], [30.538867, 62.819824], [30.604004, 62.87627], [30.586914, 62.937109]]]}}, {"type": "Feature", "properties": {"scalerank": 0, "featurecla": "Lake", "name": "Pielinen", "name_alt": null, "note": null, "admin": null, "namepar": null, "min_zoom": 4, "min_label": 5, "name_abb": "Pielinen", "label": "Pielinen", "wikidataid": "Q845891", "name_ar": "بيلينين", "name_bn": "পিয়েলিনেন", "name_de": "Pielinen", "name_en": "Pielinen", "name_es": "Pielinen", "name_fr": "Pielinen", "name_el": "Πιελίνεν", "name_hi": "पाइलिनेन", "name_hu": "Pielinen", "name_id": "Pielinen", "name_it": "Pielinen", "name_ja": "ピエリネン湖", "name_ko": "필리넨", "name_nl": "Pielinen", "name_pl": "Pielinen", "name_pt": "Pielinen", "name_ru": "Пиелинен", "name_sv": "Pielisjärvi", "name_tr": "Pielinen", "name_vi": "Hồ Pielinen", "name_zh": "皮耶利宁湖", "ne_id": 1159113873, "name_fa": "پیلینن", "name_he": "אגם פילינן", "name_uk": "Пієлінен", "name_ur": "پائیلینن", "name_zht": "皮耶利寧湖"}, "geometry": {"type": "Polygon", "coordinates": [[[30.003711, 63.270703], [29.96582, 63.2646], [29.958789, 63.22666], [29.994434, 63.139697], [30.138477, 62.973486], [30.329785, 62.82915], [30.316699, 62.808984], [30.228613, 62.804395], [30.142578, 62.721729], [30.090234, 62.72915], [30.155273, 62.789648], [30.216016, 62.868457], [30.136816, 62.928809], [30.064648, 62.943555], [30.033105, 62.959424], [29.854199, 63.087305], [29.814063, 63.145215], [29.593652, 63.15752], [29.528027, 63.178906], [29.392969, 63.182568], [29.298535, 63.255713], [29.2375, 63.323389], [29.123145, 63.406836], [29.04248, 63.474561], [29.071484, 63.508252], [29.077344, 63.563916], [29.091992, 63.573389], [29.186719, 63.514307], [29.309277, 63.460645], [29.371875, 63.440088], [29.527344, 63.376709], [29.721973, 63.31543], [29.784277, 63.294336], [29.830762, 63.291211], [29.915137, 63.315088], [29.993652, 63.292725], [30.003711, 63.270703]]]}}, {"type": "Feature", "properties": {"scalerank": 4, "featurecla": "Lake", "name": "Pääjärvi", "name_alt": null, "note": null, "admin": null, "namepar": null, "min_zoom": 4, "min_label": 5, "name_abb": "Pääjärvi", "label": "Pääjärvi", "wikidataid": "Q1458409", "name_ar": "باجارفي", "name_bn": "পাজার্ভি", "name_de": "Pjaosero", "name_en": "Pyaozero", "name_es": "Piaozero", "name_fr": "Piaozero", "name_el": "Πααγάρβι", "name_hi": "पजार्विक", "name_hu": "Pääjärvi", "name_id": "Paajarvi", "name_it": "Pjaozero", "name_ja": "ペーヤルヴィ湖", "name_ko": "파야르비", "name_nl": "Pjaozero", "name_pl": "Piaoziero", "name_pt": "Pääjärvi", "name_ru": "Пяозеро", "name_sv": "Pääjärvi", "name_tr": "Pääjärvi", "name_vi": "Hồ Pääjärvi", "name_zh": "皮亚奥泽罗湖", "ne_id": 1159106703, "name_fa": "پاجاروی", "name_he": "אגם פאאיארווי", "name_uk": "Пяозеро", "name_ur": "پاجاروی", "name_zht": "皮亞奧澤羅湖"}, "geometry": {"type": "Polygon", "coordinates": [[[31.276563, 65.955273], [31.334863, 65.918262], [31.294629, 65.905029], [31.155078, 65.914209], [30.950293, 65.964453], [30.828622546807193, 66.0], [31.24304005795774, 66.0], [31.276563, 65.955273]]]}}, {"type": "Feature", "properties": {"scalerank": 0, "featurecla": "Lake", "name": "Lake Topozero", "name_alt": null, "note": null, "admin": null, "namepar": null, "min_zoom": 4, "min_label": 5, "name_abb": "L. Topozero", "label": "Lake Topozero", "wikidataid": "Q709323", "name_ar": "بحيرة توبوزيرو", "name_bn": "লেক তোপোজেরো", "name_de": "Toposero", "name_en": "Topozero", "name_es": "Topozero", "name_fr": "Topozero", "name_el": "Λίμνη Τοποζέρο", "name_hi": "टोपोज़ेरो झील", "name_hu": "Topozero-tó", "name_id": "Danau Topozero", "name_it": "Topozero", "name_ja": "トポゼロ湖", "name_ko": "레이크 토포제로", "name_nl": "Topozero", "name_pl": "Topoziero", "name_pt": "Lago Topozero", "name_ru": "Топозеро", "name_sv": "Topozero", "name_tr": "Topozero Gölü", "name_vi": "Hồ Topozero", "name_zh": "托波泽罗湖", "ne_id": 1159113889, "name_fa": "دریاچه توپوزرو", "name_he": "אגם טופוזרו", "name_uk": "озеро Топозеро", "name_ur": "جھیل ٹوپوزیرو", "name_zht": "托波澤羅湖"}, "geometry": {"type": "Polygon", "coordinates": [[[32.66416, 65.477393], [32.6875, 65.451953], [32.712305, 65.415967], [32.706348, 65.388379], [32.668164, 65.388721], [32.634766, 65.418164], [32.48125, 65.469092], [32.273535, 65.505713], [32.108984, 65.545996], [31.996289, 65.568604], [31.945703, 65.598682], [31.942676, 65.621533], [31.894824, 65.636084], [31.845117, 65.643701], [31.733398, 65.670068], [31.573633, 65.734912], [31.507422, 65.795459], [31.692969, 65.856348], [31.983301, 65.8896], [32.051465, 65.875879], [32.118457, 65.833545], [32.139453, 65.783887], [32.204492, 65.763623], [32.328516, 65.700488], [32.359961, 65.667041], [32.363477, 65.628564], [32.377051, 65.577441], [32.425195, 65.541846], [32.517383, 65.532324], [32.66416, 65.477393]]]}}, {"type": "Feature", "properties": {"scalerank": 0, "featurecla": "Lake", "name": "Bosten Hu", "name_alt": null, "note": null, "admin": null, "namepar": null, "min_zoom": 4, "min_label": 5, "name_abb": "Bosten Hu", "label": "Bosten Hu", "wikidataid": "Q611206", "name_ar": "بحيرة بوستن", "name_bn": "বোস্টেন হু", "name_de": "Bosten", "name_en": "Bosten", "name_es": "Bosten", "name_fr": "Bosten", "name_el": "Μπόστεν Χου", "name_hi": "बोस्तेन झील", "name_hu": "Boszten-tó", "name_id": "Bosten", "name_it": "Bosten", "name_ja": "ボステン湖", "name_ko": "보스텅 호수", "name_nl": "Bosten", "name_pl": "Bosten Hu", "name_pt": "Lago Bosten", "name_ru": "Баграшкёль", "name_sv": "Bosten", "name_tr": "Bosten", "name_vi": "Bosten", "name_zh": "博斯腾湖", "ne_id": 1159113927, "name_fa": "بوستن هو", "name_he": "בוסטן", "name_uk": "Баграшкьоль", "name_ur": "بوسٹن ہو", "name_zht": "博斯騰湖"}, "geometry": {"type": "Polygon", "coordinates": [[[87.25918, 41.893652], [87.102148, 41.900879], [86.893945, 41.869873], [86.753418, 41.825488], [86.728027, 41.850342], [86.735059, 41.902783], [86.794922, 41.974756], [86.828613, 42.07251], [86.888965, 42.108105], [87.007715, 42.084473], [87.315332, 42.016748], [87.375195, 41.907715], [87.375195, 41.851025], [87.25918, 41.893652]]]}}, {"type": "Feature", "properties": {"scalerank": 0, "featurecla": "Lake", "name": null, "name_alt": null, "note": "_untitled_2", "admin": null, "namepar": null, "min_zoom": 4, "min_label": 5, "name_abb": null, "label": null, "wikidataid": null, "name_ar": null, "name_bn": null, "name_de": null, "name_en": null, "name_es": null, "name_fr": null, "name_el": null, "name_hi": null, "name_hu": null, "name_id": null, "name_it": null, "name_ja": null, "name_ko": null, "name_nl": null, "name_pl": null, "name_pt": null, "name_ru": null, "name_sv": null, "name_tr": null, "name_vi": null, "name_zh": null, "ne_id": 1159113979, "name_fa": null, "name_he": null, "name_uk": null, "name_ur": null, "name_zht": null}, "geometry": {"type": "Polygon", "coordinates": [[[30.868457, 62.009473], [30.852734, 62.048779], [30.849609, 62.082861], [30.925586, 62.08291], [30.971191, 62.06499], [31.052637, 61.970117], [31.019824, 61.92876], [30.938867, 61.921436], [30.885254, 61.940674], [30.868164, 61.973975], [30.868457, 62.009473]]]}}, {"type": "Feature", "properties": {"scalerank": 0, "featurecla": "Lake", "name": "Lake Il'Men'", "name_alt": null, "note": null, "admin": null, "namepar": null, "min_zoom": 4, "min_label": 5, "name_abb": "L. Il'Men'", "label": "Lake Il'Men'", "wikidataid": "Q203462", "name_ar": "بحيرة إيلمين", "name_bn": "লেক ইল'মেন", "name_de": "Ilmensee", "name_en": "Ilmen", "name_es": "Ilmen", "name_fr": "Ilmen", "name_el": "Λίμνη Ιλλ-Μεν", "name_hi": "इल'मेन' झील", "name_hu": "Ilmeny-tó", "name_id": "Ilmen", "name_it": "Il'men'", "name_ja": "イリメニ湖", "name_ko": "일멘호", "name_nl": "Ilmenmeer", "name_pl": "Ilmień", "name_pt": "Ilmen", "name_ru": "Ильмень", "name_sv": "Ilmen", "name_tr": "İlmen", "name_vi": "Hồ Il'Men'", "name_zh": "伊尔门湖", "ne_id": 1159123281, "name_fa": "دریاچه ایلمن", "name_he": "אגם אילמן", "name_uk": "Ільмень", "name_ur": "جھیل آئیمین", "name_zht": "伊爾門湖"}, "geometry": {"type": "Polygon", "coordinates": [[[31.446484, 58.205908], [31.394043, 58.141992], [31.15625, 58.171338], [30.876172, 58.214111], [30.857031, 58.239111], [30.954883, 58.284375], [31.019434, 58.319727], [31.07998, 58.331592], [31.170215, 58.359473], [31.25166, 58.425439], [31.29834, 58.476562], [31.374316, 58.429248], [31.430176, 58.416553], [31.510742, 58.388867], [31.518164, 58.372559], [31.637109, 58.387988], [31.653418, 58.36875], [31.645703, 58.351416], [31.646973, 58.308398], [31.688281, 58.202295], [31.630566, 58.207275], [31.530957, 58.230176], [31.446484, 58.205908]]]}}, {"type": "Feature", "properties": {"scalerank": 0, "featurecla": "Lake", "name": "Siling Co", "name_alt": null, "note": null, "admin": null, "namepar": null, "min_zoom": 4, "min_label": 5, "name_abb": "Siling Co", "label": "Siling Co", "wikidataid": "Q1404973", "name_ar": "بحيرة سيلنج", "name_bn": "সাইলিং কো", "name_de": "Serling Tsho", "name_en": "Siling", "name_es": "Siling", "name_fr": "Siling", "name_el": "Σίλινγκ Κο", "name_hi": "सिलिंग को", "name_hu": "Siling Co", "name_id": "Siling Co", "name_it": "Siling Co", "name_ja": "色林錯", "name_ko": "실링 코", "name_nl": "Serling Tso", "name_pl": "Jezioro Siling", "name_pt": "Siling", "name_ru": "Силинг-Цо", "name_sv": "Siling Co", "name_tr": "Siling Co", "name_vi": "Siling", "name_zh": "色林错", "ne_id": 1159114083, "name_fa": "سیلینگ کو", "name_he": "אגם סילינג", "name_uk": "Сілінгко", "name_ur": "سائلنگ کو", "name_zht": "色林错"}, "geometry": {"type": "Polygon", "coordinates": [[[89.286523, 31.787549], [89.253223, 31.749121], [89.211328, 31.678711], [89.138086, 31.601562], [89.05752, 31.595605], [88.989062, 31.608691], [88.945508, 31.624512], [88.937305, 31.65752], [88.948242, 31.700391], [88.926953, 31.728027], [88.849805, 31.725879], [88.763672, 31.711621], [88.68457, 31.729492], [88.608008, 31.79624], [88.566309, 31.843994], [88.607813, 31.880078], [88.704004, 31.86665], [88.759082, 31.833838], [88.789258, 31.828564], [88.813672, 31.841064], [88.864258, 31.887402], [88.968457, 31.918018], [89.120215, 31.912744], [89.266309, 31.872314], [89.32334, 31.823389], [89.317578, 31.794189], [89.286523, 31.787549]]]}}, {"type": "Feature", "properties": {"scalerank": 0, "featurecla": "Lake", "name": "Har Us Nuur", "name_alt": null, "note": null, "admin": null, "namepar": null, "min_zoom": 4, "min_label": 5, "name_abb": "Har Us Nuur", "label": "Har Us Nuur", "wikidataid": "Q1323267", "name_ar": "بحيرة خار-أس", "name_bn": "হার উস নুর", "name_de": "Khar-Us-Nuur", "name_en": "Khar-Us", "name_es": "Khar-Us", "name_fr": "Khar-Us", "name_el": "Χαρ Ους Νουρ", "name_hi": "हर उस नूर", "name_hu": "Har-Usz-tó", "name_id": "Har Us Nuur", "name_it": "Har-Us nuur", "name_ja": "ハル・ウス・ヌール", "name_ko": "하 우스 누르", "name_nl": "Khar-Us", "name_pl": "Char Us nuur", "name_pt": "Khar-Us", "name_ru": "Хар-Ус-Нуур", "name_sv": "Har Us Nuur", "name_tr": "Khar-Us", "name_vi": "Khar-Us", "name_zh": "哈尔乌苏湖", "ne_id": 1159114107, "name_fa": "هار آس نور", "name_he": "האר אוס", "name_uk": "Хара-Ус-Нур", "name_ur": "ہار اس نور", "name_zht": "哈爾烏蘇湖"}, "geometry": {"type": "Polygon", "coordinates": [[[92.621777, 48.097803], [92.442187, 48.030225], [92.353516, 47.964209], [92.27998, 47.850635], [92.200293, 47.768652], [92.08418, 47.815723], [91.99082, 47.933008], [91.976172, 48.009668], [92.105078, 48.054395], [92.248633, 48.130078], [92.25, 48.263379], [92.287012, 48.352197], [92.362891, 48.360791], [92.424902, 48.360107], [92.483203, 48.338916], [92.401855, 48.237402], [92.404688, 48.156396], [92.479688, 48.138135], [92.543652, 48.138379], [92.643359, 48.193115], [92.64541, 48.270898], [92.638281, 48.32998], [92.732813, 48.310449], [92.801953, 48.25293], [92.786621, 48.178174], [92.621777, 48.097803]]]}}, {"type": "Feature", "properties": {"scalerank": 0, "featurecla": "Lake", "name": "Lake Geneva", "name_alt": "Lac Léman", "note": null, "admin": null, "namepar": null, "min_zoom": 4, "min_label": 5, "name_abb": "L. Geneva", "label": "Lake Geneva", "wikidataid": "Q6403", "name_ar": "بحيرة ليمان", "name_bn": "লেক জেনেভা", "name_de": "Genfersee", "name_en": "Geneva", "name_es": "Lemán", "name_fr": "Léman", "name_el": "Λίμνη της Γενεύης", "name_hi": "जेनेवा झील", "name_hu": "Genfi-tó", "name_id": "Jenewa", "name_it": "Lemano", "name_ja": "レマン湖", "name_ko": "레만호", "name_nl": "Meer van Genève", "name_pl": "Jezioro Genewskie", "name_pt": "Léman", "name_ru": "Женевское озеро", "name_sv": "Genèvesjön", "name_tr": "Cenevre", "name_vi": "Genève", "name_zh": "萊芒湖", "ne_id": 1159114143, "name_fa": "دریاچه لمان", "name_he": "אגם ז'נבה", "name_uk": "Женевське озеро", "name_ur": "جھیل جینیوا", "name_zht": "萊芒湖"}, "geometry": {"type": "Polygon", "coordinates": [[[6.866406, 46.402588], [6.84502, 46.384814], [6.665332, 46.402441], [6.468848, 46.388574], [6.336426, 46.360937], [6.157031, 46.205078], [6.133301, 46.20459], [6.158398, 46.302441], [6.343945, 46.457617], [6.588184, 46.528809], [6.818848, 46.465625], [6.873633, 46.432227], [6.866406, 46.402588]]]}}, {"type": "Feature", "properties": {"scalerank": 0, "featurecla": "Lake", "name": "Lough Neagh", "name_alt": null, "note": null, "admin": null, "namepar": null, "min_zoom": 4, "min_label": 5, "name_abb": "Lough Neagh", "label": "Lough Neagh", "wikidataid": "Q206942", "name_ar": "بحيرة لوك ناي", "name_bn": "লাফ নেইহ", "name_de": "Neagh", "name_en": "Neagh", "name_es": "Neagh", "name_fr": "Neagh", "name_el": "Λοχ Νέι", "name_hi": "लफ नेघ", "name_hu": "Lough Neagh", "name_id": "Neagh", "name_it": "Neagh", "name_ja": "ネイ湖", "name_ko": "러프 네이그", "name_nl": "Neagh", "name_pl": "Neagh", "name_pt": "Neagh", "name_ru": "Лох-Ней", "name_sv": "Neagh", "name_tr": "Neagh", "name_vi": "Hồ Lough Neagh", "name_zh": "内湖", "ne_id": 1159114155, "name_fa": "لخ نی", "name_he": "לוך ניי", "name_uk": "Лох-Ней", "name_ur": "لف نیاگھ", "name_zht": "內湖"}, "geometry": {"type": "Polygon", "coordinates": [[[-6.458594, 54.715381], [-6.31792, 54.708838], [-6.271875, 54.66001], [-6.282324, 54.60376], [-6.348828, 54.524707], [-6.354297, 54.502197], [-6.427393, 54.499414], [-6.562402, 54.514648], [-6.584717, 54.56001], [-6.54126, 54.623291], [-6.511426, 54.698389], [-6.488379, 54.722803], [-6.458594, 54.715381]]]}}, {"type": "Feature", "properties": {"scalerank": 0, "featurecla": "Lake", "name": "Vättern", "name_alt": null, "note": null, "admin": null, "namepar": null, "min_zoom": 4, "min_label": 5, "name_abb": "Vättern", "label": "Vättern", "wikidataid": "Q188195", "name_ar": "بحيرة فترن", "name_bn": "ভ্যাটার্ন", "name_de": "Vättern", "name_en": "Vättern", "name_es": "Vättern", "name_fr": "Vättern", "name_el": "Βέτερν", "name_hi": "वैटर्न", "name_hu": "Vättern-tó", "name_id": "Vättern", "name_it": "Vättern", "name_ja": "ヴェッテルン湖", "name_ko": "베테른호", "name_nl": "Vättermeer", "name_pl": "Wetter", "name_pt": "Vättern", "name_ru": "Веттерн", "name_sv": "Vättern", "name_tr": "Vättern", "name_vi": "Hồ Vättern", "name_zh": "韦特恩湖", "ne_id": 1159114173, "name_fa": "دریاچه وترن", "name_he": "אגם וטרן", "name_uk": "Веттерн", "name_ur": "ویٹرن", "name_zht": "韋特恩湖"}, "geometry": {"type": "Polygon", "coordinates": [[[14.940918, 58.756152], [14.929004, 58.699902], [14.899707, 58.634961], [14.891406, 58.59165], [14.9625, 58.539258], [14.946191, 58.510889], [14.827344, 58.461523], [14.686426, 58.394678], [14.622461, 58.298877], [14.582422, 58.20166], [14.543457, 58.138135], [14.499414, 58.085498], [14.339258, 57.933301], [14.24502, 57.809473], [14.159277, 57.796289], [14.121094, 57.924512], [14.213184, 58.150195], [14.390527, 58.406299], [14.506641, 58.560742], [14.631641, 58.679834], [14.725684, 58.731348], [14.816895, 58.791113], [14.932129, 58.854102], [14.968066, 58.848828], [14.962109, 58.835498], [14.933008, 58.783887], [14.940918, 58.756152]]]}}, {"type": "Feature", "properties": {"scalerank": 0, "featurecla": "Alkaline Lake", "name": "Lake Van", "name_alt": null, "note": null, "admin": null, "namepar": null, "min_zoom": 4, "min_label": 5, "name_abb": "L. Van", "label": "Lake Van", "wikidataid": "Q126307", "name_ar": "بحيرة وان", "name_bn": "লেক ভ্যান", "name_de": "Vansee", "name_en": "Van", "name_es": "Van", "name_fr": "Van", "name_el": "Βαν", "name_hi": "वान झील", "name_hu": "Van-tó", "name_id": "Van", "name_it": "Van", "name_ja": "ヴァン湖", "name_ko": "반호", "name_nl": "Vanmeer", "name_pl": "Wan", "name_pt": "Van", "name_ru": "Ван", "name_sv": "Vansjön", "name_tr": "Van", "name_vi": "Van", "name_zh": "凡湖", "ne_id": 1159126829, "name_fa": "دریاچه وان", "name_he": "ימת ואן", "name_uk": "Ван", "name_ur": "جھیل وان", "name_zht": "凡湖"}, "geometry": {"type": "Polygon", "coordinates": [[[42.922754, 38.390039], [42.911621, 38.426123], [42.882227, 38.476807], [42.856445, 38.48374], [42.780957, 38.458594], [42.683301, 38.456543], [42.586133, 38.481592], [42.538477, 38.489697], [42.353125, 38.499805], [42.364551, 38.548535], [42.433984, 38.610498], [42.458398, 38.642773], [42.458008, 38.692187], [42.525977, 38.745166], [42.722852, 38.78208], [42.84502, 38.793994], [42.934766, 38.794189], [43.079395, 38.809326], [43.162793, 38.846191], [43.158789, 38.868994], [43.126465, 38.881836], [43.087598, 38.881396], [43.075195, 38.916113], [43.152148, 38.947559], [43.284961, 38.963574], [43.435938, 38.987842], [43.560156, 38.977637], [43.610742, 38.947021], [43.531055, 38.89751], [43.382812, 38.836084], [43.291895, 38.812793], [43.209961, 38.715918], [43.186426, 38.603125], [43.287109, 38.547998], [43.318359, 38.488721], [43.23457, 38.407227], [43.147656, 38.336621], [43.087695, 38.326074], [42.988672, 38.345605], [42.922754, 38.390039]]]}}, {"type": "Feature", "properties": {"scalerank": 0, "featurecla": "Lake", "name": "Ayakkum Hu", "name_alt": null, "note": null, "admin": null, "namepar": null, "min_zoom": 4.7, "min_label": 6, "name_abb": "Ayakkum Hu", "label": "Ayakkum Hu", "wikidataid": "Q631714", "name_ar": "بحيرة أياكوم", "name_bn": "আয়াক্কুম হু", "name_de": "Ayakkum Hu", "name_en": "Ayakum", "name_es": "Ayakum", "name_fr": "Lake Ayakum", "name_el": "Αιακούμ Χου", "name_hi": "अयाक्कुम हु", "name_hu": "Ayakkum-tó", "name_id": "Danau Ayakkum", "name_it": "Ayakum", "name_ja": "アヤクム湖", "name_ko": "아야쿰 후", "name_nl": "Lake Ayakum", "name_pl": "Jezioro Ayakkum", "name_pt": "Lago Ayakum", "name_ru": "Аяккумкёль", "name_sv": "Ayakkum Hu", "name_tr": "Ayakum Gölü", "name_vi": "Ayakum", "name_zh": "阿雅克库木湖", "ne_id": 1159114215, "name_fa": "آیاکوم هو", "name_he": "אגם איאקום", "name_uk": "Аякум", "name_ur": "آیاکم ہو", "name_zht": "阿雅克庫木湖"}, "geometry": {"type": "Polygon", "coordinates": [[[89.513867, 37.485352], [89.365137, 37.504199], [89.228418, 37.527539], [89.144727, 37.538477], [89.097461, 37.560352], [89.082031, 37.586572], [89.14668, 37.597852], [89.27666, 37.614893], [89.396484, 37.63252], [89.486914, 37.627734], [89.565039, 37.613037], [89.618457, 37.594336], [89.644922, 37.575342], [89.639063, 37.552783], [89.640039, 37.526855], [89.645215, 37.509912], [89.610938, 37.495166], [89.513867, 37.485352]]]}}, {"type": "Feature", "properties": {"scalerank": 0, "featurecla": "Lake", "name": "Storsjön", "name_alt": null, "note": null, "admin": null, "namepar": null, "min_zoom": 4.7, "min_label": 6, "name_abb": "Storsjön", "label": "Storsjön", "wikidataid": "Q629354", "name_ar": "ستورسهون", "name_bn": "স্টর্জন", "name_de": "Storsjön", "name_en": "Storsjön", "name_es": "Storsjön", "name_fr": "Storsjön", "name_el": "Στορσγιόν", "name_hi": "स्टोर्सजोन", "name_hu": "Storsjön", "name_id": "Storsjön", "name_it": "Storsjön", "name_ja": "ストゥール湖", "name_ko": "스토르스욘", "name_nl": "Storsjön", "name_pl": "Stor", "name_pt": "Storsjön", "name_ru": "Стуршён", "name_sv": "Storsjön", "name_tr": "Storsjön", "name_vi": "Hồ Storsjön", "name_zh": "斯圖爾湖", "ne_id": 1159114237, "name_fa": "استورسیون", "name_he": "אגם סטורסיון", "name_uk": "Стуршен", "name_ur": "اسٹورسجون", "name_zht": "斯圖爾湖"}, "geometry": {"type": "Polygon", "coordinates": [[[14.054004, 63.29585], [14.025879, 63.318848], [14.063477, 63.325244], [14.219824, 63.304639], [14.393652, 63.261572], [14.445703, 63.263574], [14.510156, 63.265234], [14.611816, 63.205029], [14.671484, 63.139209], [14.569141, 63.162402], [14.504395, 63.164844], [14.454883, 63.15332], [14.427344, 63.126562], [14.422168, 63.089746], [14.443652, 63.027783], [14.46875, 62.952393], [14.47373, 62.887109], [14.460547, 62.836182], [14.444434, 62.827295], [14.426953, 62.826221], [14.389844, 62.874463], [14.345313, 62.925098], [14.341016, 62.953027], [14.368164, 62.956348], [14.389648, 62.953467], [14.412988, 62.954053], [14.429785, 62.979883], [14.398438, 63.027783], [14.357227, 63.087109], [14.20752, 63.1521], [14.11377, 63.178467], [14.057031, 63.194141], [13.981152, 63.245947], [13.971875, 63.262695], [14.004688, 63.259229], [14.061328, 63.235693], [14.08252, 63.242041], [14.084473, 63.258691], [14.054004, 63.29585]]]}}, {"type": "Feature", "properties": {"scalerank": 0, "featurecla": "Lake", "name": null, "name_alt": null, "note": "_untitled_25", "admin": null, "namepar": null, "min_zoom": 4.7, "min_label": 6, "name_abb": null, "label": null, "wikidataid": null, "name_ar": null, "name_bn": null, "name_de": null, "name_en": null, "name_es": null, "name_fr": null, "name_el": null, "name_hi": null, "name_hu": null, "name_id": null, "name_it": null, "name_ja": null, "name_ko": null, "name_nl": null, "name_pl": null, "name_pt": null, "name_ru": null, "name_sv": null, "name_tr": null, "name_vi": null, "name_zh": null, "ne_id": 1159114377, "name_fa": null, "name_he": null, "name_uk": null, "name_ur": null, "name_zht": null}, "geometry": {"type": "Polygon", "coordinates": [[[26.998242, 61.663672], [26.9375, 61.669873], [26.8625, 61.695508], [26.79502, 61.703223], [26.743262, 61.694238], [26.770215, 61.666357], [26.837109, 61.647705], [26.879395, 61.626123], [26.884277, 61.593506], [26.88623, 61.580762], [26.889844, 61.568945], [26.869629, 61.563574], [26.833789, 61.573486], [26.810547, 61.570703], [26.796191, 61.558105], [26.778223, 61.575977], [26.758105, 61.611865], [26.664648, 61.680957], [26.553809, 61.758105], [26.468262, 61.79082], [26.405859, 61.80918], [26.35, 61.834326], [26.290234, 61.854053], [26.276367, 61.866162], [26.305469, 61.899951], [26.351172, 61.934814], [26.411914, 61.976025], [26.441504, 61.962256], [26.427832, 61.945068], [26.390625, 61.905322], [26.376074, 61.870264], [26.418457, 61.862891], [26.463672, 61.874707], [26.490723, 61.890283], [26.524414, 61.899512], [26.540332, 61.915234], [26.527344, 61.928467], [26.531348, 61.939111], [26.575391, 61.937451], [26.602734, 61.916797], [26.631445, 61.88584], [26.667773, 61.867773], [26.683887, 61.871533], [26.686035, 61.881445], [26.691992, 61.887988], [26.713281, 61.885645], [26.744043, 61.870752], [26.774219, 61.860889], [26.796094, 61.870557], [26.80957, 61.887305], [26.809375, 61.90249], [26.764063, 61.912744], [26.697559, 61.930713], [26.644141, 61.968311], [26.591309, 62.021777], [26.588281, 62.037256], [26.639941, 62.011475], [26.704688, 61.993018], [26.754785, 61.975146], [26.819238, 61.948242], [26.872949, 61.901758], [26.880859, 61.871484], [26.876758, 61.854834], [26.894336, 61.796533], [26.9, 61.752979], [26.92666, 61.730029], [26.982617, 61.712207], [27.027637, 61.704004], [27.042773, 61.68833], [27.044531, 61.67124], [27.037109, 61.662354], [26.998242, 61.663672]]]}}, {"type": "Feature", "properties": {"scalerank": 0, "featurecla": "Lake", "name": "Hjälmaren", "name_alt": null, "note": null, "admin": null, "namepar": null, "min_zoom": 4.7, "min_label": 6, "name_abb": "Hjälmaren", "label": "Hjälmaren", "wikidataid": "Q211425", "name_ar": "هجالمارين", "name_bn": "হজল্মারেন", "name_de": "Hjälmaren", "name_en": "Hjälmaren", "name_es": "Hjälmaren", "name_fr": "Hjälmaren", "name_el": "Χγιελμαρέν", "name_hi": "हल्मारेने", "name_hu": "Hjälmaren", "name_id": "Hjälmaren", "name_it": "Hjälmaren", "name_ja": "イェルマレン湖", "name_ko": "옐마렌호", "name_nl": "Hjälmarmeer", "name_pl": "Hjälmar", "name_pt": "Hjälmaren", "name_ru": "Ельмарен", "name_sv": "Hjälmaren", "name_tr": "Hjälmaren", "name_vi": "Hồ Hjälmaren", "name_zh": "耶尔马伦湖", "ne_id": 1159114391, "name_fa": "هیلمارن", "name_he": "ילמארן", "name_uk": "Єльмарен", "name_ur": "جالمارین", "name_zht": "耶爾馬倫湖"}, "geometry": {"type": "Polygon", "coordinates": [[[16.406055, 59.305469], [16.355957, 59.287598], [16.310156, 59.274609], [16.130469, 59.239893], [15.920996, 59.193994], [15.892188, 59.175977], [15.880957, 59.162354], [15.81582, 59.148926], [15.70127, 59.150635], [15.624121, 59.167432], [15.62041, 59.191943], [15.589551, 59.224805], [15.545117, 59.245752], [15.519629, 59.255127], [15.480664, 59.26123], [15.344043, 59.269531], [15.353516, 59.283252], [15.499609, 59.301709], [15.613086, 59.31665], [15.727734, 59.298193], [15.821582, 59.295117], [15.856934, 59.30376], [15.990234, 59.286377], [16.187402, 59.287646], [16.270605, 59.299609], [16.333789, 59.303271], [16.403809, 59.308691], [16.406055, 59.305469]]]}}, {"type": "Feature", "properties": {"scalerank": 0, "featurecla": "Lake", "name": null, "name_alt": null, "note": "_untitled_22", "admin": null, "namepar": null, "min_zoom": 4.7, "min_label": 6, "name_abb": null, "label": null, "wikidataid": null, "name_ar": null, "name_bn": null, "name_de": null, "name_en": null, "name_es": null, "name_fr": null, "name_el": null, "name_hi": null, "name_hu": null, "name_id": null, "name_it": null, "name_ja": null, "name_ko": null, "name_nl": null, "name_pl": null, "name_pt": null, "name_ru": null, "name_sv": null, "name_tr": null, "name_vi": null, "name_zh": null, "ne_id": 1159114495, "name_fa": null, "name_he": null, "name_uk": null, "name_ur": null, "name_zht": null}, "geometry": {"type": "Polygon", "coordinates": [[[26.591699, 63.088965], [26.602832, 63.034961], [26.64834, 62.982275], [26.649805, 62.961084], [26.629199, 62.951855], [26.5375, 62.981445], [26.461523, 63.014893], [26.468164, 63.023926], [26.469336, 63.039258], [26.462109, 63.065137], [26.453613, 63.094531], [26.426758, 63.123437], [26.353027, 63.168408], [26.271875, 63.216162], [26.234863, 63.247607], [26.231641, 63.264258], [26.256934, 63.260449], [26.304297, 63.226318], [26.360059, 63.186523], [26.428906, 63.163916], [26.490625, 63.169824], [26.564844, 63.19585], [26.586035, 63.234326], [26.511133, 63.276221], [26.449023, 63.30249], [26.419629, 63.329492], [26.42334, 63.354297], [26.459375, 63.364502], [26.524219, 63.340527], [26.622852, 63.320703], [26.697461, 63.32168], [26.716992, 63.314258], [26.684961, 63.303516], [26.649219, 63.293213], [26.691504, 63.277832], [26.73291, 63.256885], [26.741406, 63.226807], [26.71377, 63.191162], [26.662891, 63.16377], [26.643848, 63.138232], [26.629688, 63.113574], [26.591699, 63.088965]]]}}, {"type": "Feature", "properties": {"scalerank": 0, "featurecla": "Lake", "name": "Lake Beloye", "name_alt": null, "note": null, "admin": null, "namepar": null, "min_zoom": 4.7, "min_label": 6, "name_abb": "L. Beloye", "label": "Lake Beloye", "wikidataid": "Q953140", "name_ar": "بحيرة بيلوي", "name_bn": "লেক বেলোয়ে", "name_de": "Weißer", "name_en": "Beloe", "name_es": "Béloye", "name_fr": "Beloïe", "name_el": "Λίμνη Μπελόε", "name_hi": "बेलोये झील", "name_hu": "Beloye-tó", "name_id": "Danau Beloye", "name_it": "Bianco", "name_ja": "ベロエ湖", "name_ko": "레이크 벨로예", "name_nl": "Belojemeer", "name_pl": "Jezioro Białe", "name_pt": "Lago Beloye", "name_ru": "Белое озеро", "name_sv": "Beloje ozero", "name_tr": "Beyaz Göl", "name_vi": "Hồ Beloye", "name_zh": "白湖", "ne_id": 1159114573, "name_fa": "دریاچه بلویه", "name_he": "אגם בלויה", "name_uk": "Біле озеро", "name_ur": "جھیل بیل اوئے", "name_zht": "白湖"}, "geometry": {"type": "Polygon", "coordinates": [[[37.231055, 60.185742], [37.286328, 60.233447], [37.399902, 60.288867], [37.542188, 60.318701], [37.737012, 60.329443], [37.898438, 60.300781], [37.981152, 60.239209], [38.004199, 60.160645], [37.999023, 60.10332], [37.968359, 60.085742], [37.823242, 60.078711], [37.715039, 60.077441], [37.469043, 60.087842], [37.39668, 60.097998], [37.279883, 60.131201], [37.232031, 60.164453], [37.231055, 60.185742]]]}}, {"type": "Feature", "properties": {"scalerank": 0, "featurecla": "Alkaline Lake", "name": "Lake Äbaya", "name_alt": "Lake Abaya", "note": null, "admin": null, "namepar": null, "min_zoom": 4.7, "min_label": 6, "name_abb": "L. Abaya", "label": "Lake Abaya", "wikidataid": "Q304933", "name_ar": "بحيرة أبايا", "name_bn": "লেক আবায়া", "name_de": "Abajasee", "name_en": "Abaya", "name_es": "Abaya", "name_fr": "Abaya", "name_el": "Αμπάγια", "name_hi": "अबाया झील", "name_hu": "Abaya-tó", "name_id": "Abaya", "name_it": "Margherita", "name_ja": "アバヤ湖", "name_ko": "레이크 아바야", "name_nl": "Abayameer", "name_pl": "Jezioro Małgorzaty", "name_pt": "Abaya", "name_ru": "Абая", "name_sv": "Ābaya Hāyk'", "name_tr": "Abaya Gölü", "name_vi": "Hồ Abaya", "name_zh": "阿拜亞湖", "ne_id": 1159126845, "name_fa": "دریاچه آبایا", "name_he": "אגם אבאיה", "name_uk": "Абая", "name_ur": "جھیل ابایا", "name_zht": "阿拜亞湖"}, "geometry": {"type": "Polygon", "coordinates": [[[38.101953, 6.575879], [38.137695, 6.577246], [38.143457, 6.559912], [38.129492, 6.519092], [38.116406, 6.473096], [38.106543, 6.449023], [38.087402, 6.422852], [38.058105, 6.380469], [38.014258, 6.30708], [37.943652, 6.201807], [37.874805, 6.108496], [37.842773, 6.073145], [37.801953, 6.049463], [37.738672, 6.013623], [37.700684, 6.0146], [37.695508, 6.043848], [37.709082, 6.088477], [37.744727, 6.135937], [37.79043, 6.171924], [37.826074, 6.188574], [37.865234, 6.220459], [37.886719, 6.263281], [37.875195, 6.360449], [37.863086, 6.455273], [37.868848, 6.490771], [37.935938, 6.547607], [38.017188, 6.589258], [38.055078, 6.577686], [38.101953, 6.575879]]]}}, {"type": "Feature", "properties": {"scalerank": 0, "featurecla": "Lake", "name": "Lake Balaton", "name_alt": null, "note": null, "admin": null, "namepar": null, "min_zoom": 4.7, "min_label": 6, "name_abb": "L. Balaton", "label": "Lake Balaton", "wikidataid": "Q6383", "name_ar": "بالاتون", "name_bn": "লেক বালাতোন", "name_de": "Balaton", "name_en": "Balaton", "name_es": "Balaton", "name_fr": "Balaton", "name_el": "Μπάλατον", "name_hi": "बालाटोन झील", "name_hu": "Balaton", "name_id": "Balaton", "name_it": "Balaton", "name_ja": "バラトン湖", "name_ko": "벌러톤호", "name_nl": "Balatonmeer", "name_pl": "Balaton", "name_pt": "Balaton", "name_ru": "Балатон", "name_sv": "Balaton", "name_tr": "Balaton", "name_vi": "Balaton", "name_zh": "巴拉顿湖", "ne_id": 1159114609, "name_fa": "دریاچه بالاتون", "name_he": "אגם בלטון", "name_uk": "Балатон", "name_ur": "جھیل بالاٹون", "name_zht": "巴拉顿湖"}, "geometry": {"type": "Polygon", "coordinates": [[[17.475879, 46.723535], [17.277246, 46.721289], [17.269336, 46.742188], [17.270605, 46.759961], [17.308594, 46.763477], [17.383496, 46.779004], [17.478711, 46.800049], [17.66543, 46.852344], [17.823633, 46.911182], [17.881055, 46.943213], [17.95459, 46.987256], [18.039062, 47.037109], [18.077539, 47.054688], [18.130469, 47.039258], [18.163672, 47.010547], [18.142676, 46.963086], [17.880859, 46.866455], [17.672168, 46.790527], [17.585645, 46.765674], [17.475879, 46.723535]]]}}, {"type": "Feature", "properties": {"scalerank": 0, "featurecla": "Lake", "name": null, "name_alt": null, "note": "_untitled_17", "admin": null, "namepar": null, "min_zoom": 4.7, "min_label": 6, "name_abb": null, "label": null, "wikidataid": null, "name_ar": null, "name_bn": null, "name_de": null, "name_en": null, "name_es": null, "name_fr": null, "name_el": null, "name_hi": null, "name_hu": null, "name_id": null, "name_it": null, "name_ja": null, "name_ko": null, "name_nl": null, "name_pl": null, "name_pt": null, "name_ru": null, "name_sv": null, "name_tr": null, "name_vi": null, "name_zh": null, "ne_id": 1159114683, "name_fa": null, "name_he": null, "name_uk": null, "name_ur": null, "name_zht": null}, "geometry": {"type": "Polygon", "coordinates": [[[30.79502, 63.879004], [30.79707, 63.922266], [30.83252, 63.917578], [30.872754, 63.902832], [30.881641, 63.886523], [30.895703, 63.867871], [31.022754, 63.835791], [31.166797, 63.814795], [31.199414, 63.786182], [31.191016, 63.775], [31.169531, 63.77124], [31.14043, 63.782617], [31.099805, 63.790234], [31.080273, 63.780078], [31.087695, 63.754443], [31.120996, 63.733398], [31.137891, 63.708984], [31.134277, 63.697754], [31.113867, 63.681006], [31.121973, 63.654346], [31.143848, 63.62915], [31.128613, 63.613037], [31.067676, 63.640039], [30.999023, 63.667676], [30.949121, 63.682764], [30.912109, 63.708105], [30.919141, 63.737939], [30.916309, 63.767334], [30.882715, 63.789697], [30.748828, 63.804639], [30.727148, 63.825293], [30.768457, 63.833594], [30.79502, 63.879004]]]}}, {"type": "Feature", "properties": {"scalerank": 0, "featurecla": "Lake", "name": "Ngangla Ringeo", "name_alt": null, "note": null, "admin": null, "namepar": null, "min_zoom": 4.7, "min_label": 6, "name_abb": "Ngangla Ringeo", "label": "Ngangla Ringeo", "wikidataid": "Q4761833", "name_ar": "نغانجلا رينجيو", "name_bn": "এঙ্গাংলা রিনেগিও", "name_de": "Ngangla Ringeo", "name_en": "Ang Laren", "name_es": "Ngangla Ringeo", "name_fr": "Ngangla Ringeo", "name_el": "Νγκάνγκλα Κάνγκρι", "name_hi": "एनगांग्ला रिंगियो", "name_hu": "Ngangla Ringeo", "name_id": "Ngangla Ringeo", "name_it": "Ngangla Ringeo", "name_ja": "ンガンラ・リンゲオ", "name_ko": "응강라 링게오", "name_nl": "Ngangla Ringeo", "name_pl": "Ngangla Ringeo", "name_pt": "Ngangla Ringeo", "name_ru": "озеро Нгангле-Ринцо", "name_sv": "Ngangla Ringco", "name_tr": "Ngangla Ringeo", "name_vi": "Hồ Ngangla Ringeo", "name_zh": "昂拉仁错", "ne_id": 1159114735, "name_fa": "نگانگلا رینگئو", "name_he": "אגם ננגלה רינגו", "name_uk": "Нгангла Рінгео", "name_ur": "انگانگلا رنگیو", "name_zht": "昂拉仁错"}, "geometry": {"type": "Polygon", "coordinates": [[[83.201074, 31.464258], [83.094336, 31.491992], [82.99082, 31.515088], [82.912598, 31.51709], [82.857129, 31.540967], [82.837305, 31.564355], [82.894434, 31.574756], [82.927832, 31.596094], [82.933887, 31.612451], [82.973828, 31.627441], [83.05957, 31.641113], [83.100098, 31.65166], [83.141504, 31.59668], [83.208789, 31.556689], [83.290039, 31.508301], [83.34082, 31.461621], [83.333203, 31.445117], [83.296094, 31.44624], [83.230273, 31.463525], [83.201074, 31.464258]]]}}, {"type": "Feature", "properties": {"scalerank": 0, "featurecla": "Lake", "name": "Tangra Yumco", "name_alt": null, "note": null, "admin": null, "namepar": null, "min_zoom": 4.7, "min_label": 6, "name_abb": "Tangra Yumco", "label": "Tangra Yumco", "wikidataid": "Q659377", "name_ar": "تانجرا يومكو", "name_bn": "ট্যাংরা ইয়ামকো", "name_de": "Tangra Yumco", "name_en": "Tangra Yumco", "name_es": "Tangra Yumco", "name_fr": "Tangra Yumco", "name_el": "Τάνγκρα Γιούμκο", "name_hi": "तंगरा युमको", "name_hu": "Tangra Yumco", "name_id": "Tangra Yumco", "name_it": "Tangra Yumco", "name_ja": "タンラ・ユムツォ", "name_ko": "탕그라 윰코", "name_nl": "Tangra Yumco", "name_pl": "Tangra Yumco", "name_pt": "Tangra Yumco", "name_ru": "Данграюм", "name_sv": "Tangra Yumco", "name_tr": "Tangra Yumco", "name_vi": "Hồ Tangra Yumco", "name_zh": "当惹雍错", "ne_id": 1159114759, "name_fa": "تانگرا یومکو", "name_he": "אגם טאנגרה יומקו", "name_uk": "Тангра Юмко", "name_ur": "تانگرا یمکو", "name_zht": "当惹雍错"}, "geometry": {"type": "Polygon", "coordinates": [[[86.763965, 31.135596], [86.704395, 31.122852], [86.628027, 31.084375], [86.607324, 31.034082], [86.565039, 30.943213], [86.522656, 30.857764], [86.493945, 30.811035], [86.456641, 30.795215], [86.419434, 30.807031], [86.397168, 30.840283], [86.396289, 30.870947], [86.412207, 30.893896], [86.445117, 30.951562], [86.516016, 31.05752], [86.607031, 31.221143], [86.653906, 31.36665], [86.741895, 31.341895], [86.765234, 31.256348], [86.777344, 31.166162], [86.763965, 31.135596]]]}}, {"type": "Feature", "properties": {"scalerank": 0, "featurecla": "Lake", "name": "Ozero Kulundinskoye", "name_alt": "L. Kulundinskoye", "note": null, "admin": null, "namepar": null, "min_zoom": 4.7, "min_label": 6, "name_abb": "O. Kulundinskoye", "label": "Ozero Kulundinskoye", "wikidataid": "Q731761", "name_ar": "بحيرة كولوندينسكوي", "name_bn": "ওজেরো কুলুন্দিনস্কোয়ে", "name_de": "Kulundasee", "name_en": "Kulundinskoe", "name_es": "Kulunda", "name_fr": "Koulounda", "name_el": "Οζέρο Κουλουντίνσκογιε", "name_hi": "ओज़ेरो कुलुंडिनस्कॉय", "name_hu": "Kulunda-tó", "name_id": "Danau Kulundinskoye", "name_it": "Kulunda", "name_ja": "クルンジスコエ湖", "name_ko": "오제로 쿨룬딘스코예", "name_nl": "Koeloendameer", "name_pl": "Jezioro Kułundyńskie", "name_pt": "Lago Kulundinskoye", "name_ru": "Кулундинское озеро", "name_sv": "Ozero Kulundinskoje", "name_tr": "Kulundin", "name_vi": "Hồ Kulundinskoye", "name_zh": "庫倫達湖", "ne_id": 1159114777, "name_fa": "اوزرو کولوندینسکویه", "name_he": "אגם קולונדינסקויה", "name_uk": "Кулундинське озеро", "name_ur": "اوزیرو کولونڈنسکوئے", "name_zht": "庫倫達湖"}, "geometry": {"type": "Polygon", "coordinates": [[[79.744434, 52.932471], [79.73125, 52.899512], [79.735645, 52.872949], [79.750195, 52.85957], [79.733594, 52.841895], [79.691406, 52.829834], [79.603125, 52.837207], [79.516602, 52.858203], [79.451074, 52.899121], [79.4, 52.943994], [79.386719, 52.97417], [79.386523, 53.006641], [79.399316, 53.041357], [79.426953, 53.075586], [79.472266, 53.101953], [79.594336, 53.143457], [79.6375, 53.137305], [79.69541, 53.118457], [79.737793, 53.092041], [79.766602, 53.04834], [79.790625, 53.012256], [79.809375, 52.996094], [79.769727, 52.967139], [79.744434, 52.932471]]]}}, {"type": "Feature", "properties": {"scalerank": 0, "featurecla": "Lake", "name": "Siletitengiz Köli", "name_alt": null, "note": null, "admin": null, "namepar": null, "min_zoom": 4.7, "min_label": 6, "name_abb": "Siletitengiz Kli", "label": "Siletitengiz Kli", "wikidataid": "Q4244492", "name_ar": "سايلتينتيتنغز كلي", "name_bn": "সাইলেটিটেনিজ ক্লি", "name_de": "Siletitengiz Köli", "name_en": "Siletiteniz", "name_es": "Lago Seletyteniz", "name_fr": "Siletitengiz Koli", "name_el": "Σιλετιτενγκίζ Κλι", "name_hi": "सिलेटिटेंगिज़ क्ली", "name_hu": "Siletitengiz Kli", "name_id": "Siletitengiz Kli", "name_it": "Siletitengiz Kli", "name_ja": "セレティテニス湖", "name_ko": "실레티텐기즈 클리", "name_nl": "Seletyteniz", "name_pl": "Siletitengiz Kli", "name_pt": "Lago Seletyteniz", "name_ru": "Селетытениз", "name_sv": "Siletitengiz Köli", "name_tr": "Siletiteniz", "name_vi": "Hồ Siletitengiz Kli", "name_zh": "谢列特田吉兹湖", "ne_id": 1159114787, "name_fa": "سیلتیتنگیز کلی", "name_he": "אגם סילטיטנגיז", "name_uk": "Сілетітеніз", "name_ur": "سیلےٹیٹینگز کلی", "name_zht": "谢列特田吉兹湖"}, "geometry": {"type": "Polygon", "coordinates": [[[73.325098, 53.113379], [73.197266, 53.205273], [73.087793, 53.268945], [73.013867, 53.270947], [72.958496, 53.249658], [72.93291, 53.259863], [72.922656, 53.280811], [72.957324, 53.309082], [72.980762, 53.343848], [72.986914, 53.368262], [73.031055, 53.38418], [73.108789, 53.395215], [73.203613, 53.397607], [73.321094, 53.382178], [73.40498, 53.360986], [73.423926, 53.337012], [73.421289, 53.254736], [73.418555, 53.153906], [73.408008, 53.108252], [73.403125, 53.0875], [73.406543, 53.07168], [73.386523, 53.06958], [73.325098, 53.113379]]]}}, {"type": "Feature", "properties": {"scalerank": 0, "featurecla": "Lake", "name": "Ubinskoye Lake", "name_alt": null, "note": null, "admin": null, "namepar": null, "min_zoom": 4.7, "min_label": 6, "name_abb": "Ubinskoye L.", "label": "Ubinskoye Lake", "wikidataid": "Q1115650", "name_ar": "بحيرة أوبينسكوي", "name_bn": "উবিনস্কয় লেক", "name_de": "Lake Ubinskoye", "name_en": "Ubinskoye", "name_es": "Ubinskoe", "name_fr": "Lac Ubinskoye", "name_el": "Λίμνη Ουμπίνσκογιε", "name_hi": "उबिंस्कॉय झील", "name_hu": "Ubinszkoje-tó", "name_id": "Danau Ubinskoye", "name_it": "Ubinskoye Lake", "name_ja": "ウビンスコエ湖", "name_ko": "우빈스코예 레이크", "name_nl": "Oebinskoe", "name_pl": "Jezioro Ubinskoje", "name_pt": "Lago Ubinskoye", "name_ru": "Убинское", "name_sv": "Ubinskoje", "name_tr": "Ubinskoye Gölü", "name_vi": "Hồ Ubinskoye", "name_zh": "乌宾斯科耶湖", "ne_id": 1159114805, "name_fa": "دریاچه اوبینسکویه", "name_he": "אגם אובינסקויה", "name_uk": "Убінське", "name_ur": "اوبنسکوئی جھیل", "name_zht": "烏賓斯科耶湖"}, "geometry": {"type": "Polygon", "coordinates": [[[80.308105, 55.49375], [80.208203, 55.452002], [80.099609, 55.412744], [79.986523, 55.38999], [79.898047, 55.385059], [79.847266, 55.396826], [79.823242, 55.422559], [79.822949, 55.452002], [79.88125, 55.479102], [79.983984, 55.515625], [80.085547, 55.549951], [80.185547, 55.563721], [80.268555, 55.560693], [80.304785, 55.562988], [80.32793, 55.539941], [80.308105, 55.49375]]]}}, {"type": "Feature", "properties": {"scalerank": 0, "featurecla": "Lake", "name": null, "name_alt": null, "note": "_untitled_16", "admin": null, "namepar": null, "min_zoom": 4.7, "min_label": 6, "name_abb": null, "label": null, "wikidataid": null, "name_ar": null, "name_bn": null, "name_de": null, "name_en": null, "name_es": null, "name_fr": null, "name_el": null, "name_hi": null, "name_hu": null, "name_id": null, "name_it": null, "name_ja": null, "name_ko": null, "name_nl": null, "name_pl": null, "name_pt": null, "name_ru": null, "name_sv": null, "name_tr": null, "name_vi": null, "name_zh": null, "ne_id": 1159114823, "name_fa": null, "name_he": null, "name_uk": null, "name_ur": null, "name_zht": null}, "geometry": {"type": "Polygon", "coordinates": [[[38.674707, 61.3896], [38.708203, 61.421045], [38.797266, 61.452441], [38.894141, 61.466943], [38.916699, 61.444727], [38.88418, 61.381152], [38.857617, 61.323145], [38.874902, 61.289014], [38.894922, 61.254834], [38.885645, 61.22876], [38.836523, 61.206641], [38.761328, 61.195459], [38.69707, 61.198535], [38.663184, 61.216504], [38.647461, 61.273389], [38.650586, 61.344434], [38.674707, 61.3896]]]}}, {"type": "Feature", "properties": {"scalerank": 0, "featurecla": "Lake", "name": "Yamzho Yumco", "name_alt": null, "note": null, "admin": null, "namepar": null, "min_zoom": 4.7, "min_label": 6, "name_abb": "Yamzho Yumco", "label": "Yamzho Yumco", "wikidataid": "Q939604", "name_ar": "بحيرة يامدروك", "name_bn": "ইয়ামড্রক হ্রদ", "name_de": "Yamzhog Yumco", "name_en": "Yamdrok", "name_es": "Yamdrok", "name_fr": "Yamdrok-Tso", "name_el": "Γιάμζο Γιο΄ύμκο", "name_hi": "यमद्रोक झील", "name_hu": "Jamdok-tó", "name_id": "Yamdrok", "name_it": "Yamzho Yumco", "name_ja": "ヤムドク湖", "name_ko": "암드록쵸 호수", "name_nl": "Yamdrok", "name_pl": "Yamzho Yumco", "name_pt": "Lago Yamdrok", "name_ru": "Ямджо-Юмцо", "name_sv": "Yamzho Yumco", "name_tr": "Yamdrok", "name_vi": "Yamdrok", "name_zh": "羊卓雍错", "ne_id": 1159114885, "name_fa": "یامژو یومکو", "name_he": "אגם יאמזו יומקו", "name_uk": "Ямжжо-Юмцо", "name_ur": "یامزو یمکو", "name_zht": "羊卓雍錯"}, "geometry": {"type": "Polygon", "coordinates": [[[90.889746, 28.933545], [90.866699, 28.9271], [90.855859, 28.927783], [90.834668, 28.932861], [90.808398, 28.938232], [90.768066, 28.914307], [90.751563, 28.874854], [90.739258, 28.865625], [90.715137, 28.88252], [90.67002, 28.863867], [90.631445, 28.838037], [90.590332, 28.797119], [90.566113, 28.787207], [90.534668, 28.78623], [90.508203, 28.804492], [90.478711, 28.834961], [90.453516, 28.859619], [90.447363, 28.877539], [90.455859, 28.887109], [90.473828, 28.884863], [90.491797, 28.869824], [90.510254, 28.859277], [90.530273, 28.860986], [90.560547, 28.873975], [90.593555, 28.902637], [90.621094, 28.939062], [90.646973, 28.974609], [90.672461, 29.01084], [90.664062, 29.046582], [90.65918, 29.088672], [90.653516, 29.126025], [90.630176, 29.150879], [90.589746, 29.167139], [90.534473, 29.164941], [90.477148, 29.14502], [90.423633, 29.111328], [90.388086, 29.093164], [90.386328, 29.107422], [90.424219, 29.137695], [90.50293, 29.188086], [90.562012, 29.211133], [90.632617, 29.192383], [90.691602, 29.161377], [90.729297, 29.129932], [90.725684, 29.108545], [90.71875, 29.093555], [90.720996, 29.072314], [90.730469, 29.05166], [90.768066, 29.012305], [90.788184, 28.990771], [90.828809, 28.989355], [90.844434, 29.012793], [90.876172, 29.023779], [90.918945, 29.02085], [90.963086, 29.003027], [90.99248, 28.977979], [90.988184, 28.950537], [91.002539, 28.904346], [90.992773, 28.892285], [90.955664, 28.911816], [90.930859, 28.923291], [90.889746, 28.933545]]]}}, {"type": "Feature", "properties": {"scalerank": 0, "featurecla": "Lake", "name": "Ozero Tenis", "name_alt": "L. Tenis", "note": null, "admin": null, "namepar": null, "min_zoom": 4.7, "min_label": 6, "name_abb": "O. Tenis", "label": "Ozero Tenis", "wikidataid": "-1", "name_ar": "بحيرة تينيس", "name_bn": "ওজেরো তেনিস", "name_de": "Ozero Tenis", "name_en": "Ozero Tenis", "name_es": "Lago Tenis", "name_fr": "Ozero Tenis", "name_el": "Οζέρο Τένις", "name_hi": "ओज़ेरो टेनिस", "name_hu": "Tenis-tó", "name_id": "Danau Tenis", "name_it": "Ozero Tenis", "name_ja": "テニス湖", "name_ko": "오제로 테니스", "name_nl": "Ozero Tenis", "name_pl": "Jezioro Tenis", "name_pt": "Lago Tenis", "name_ru": "озеро Тенис", "name_sv": "Ozero Tenis", "name_tr": "Ozero Tenis", "name_vi": "Hồ Tenis", "name_zh": "捷尼斯湖", "ne_id": 1159114903, "name_fa": "اوزرو تنیس", "name_he": "אגם טניס", "name_uk": "озеро Теніс", "name_ur": "اوزیرو ٹینس", "name_zht": "帝尼斯湖"}, "geometry": {"type": "Polygon", "coordinates": [[[72.00918, 56.177051], [71.988672, 56.142773], [71.947461, 56.109131], [71.869043, 56.106445], [71.817285, 56.09502], [71.777734, 56.086768], [71.750488, 56.064014], [71.717578, 56.057959], [71.675879, 56.066895], [71.662207, 56.114893], [71.624609, 56.177637], [71.64248, 56.191406], [71.721484, 56.197021], [71.819727, 56.189453], [71.862305, 56.192041], [71.880078, 56.205908], [71.941211, 56.21123], [72.002637, 56.202002], [72.00918, 56.177051]]]}}, {"type": "Feature", "properties": {"scalerank": 0, "featurecla": "Lake", "name": "Ozero Chërnoye", "name_alt": "L. Chërnoye", "note": null, "admin": null, "namepar": null, "min_zoom": 4.7, "min_label": 6, "name_abb": "O. Chërnoye", "label": "Ozero Chërnoye", "wikidataid": "-1", "name_ar": "بحيرة تشيرنوي", "name_bn": "ওজেরো চেরনোয়ে", "name_de": "Ozero Chërnoye", "name_en": "Ozero Chernoye", "name_es": "Lago Chërnoye", "name_fr": "Ozero Chërnoye", "name_el": "Οζέρο Τσερνόιε", "name_hi": "ओज़ेरो चेर्नॉय", "name_hu": "Csërnoje-tó", "name_id": "Danau Chërnoye", "name_it": "Ozero Chërnoye", "name_ja": "チェルノエ湖", "name_ko": "오제로 체르노예", "name_nl": "Ozero Chërnoye", "name_pl": "Jezioro Chërnoye", "name_pt": "Lago Chërnoye", "name_ru": "озеро Черное", "name_sv": "Ozero Tjernoje", "name_tr": "Ozero Chërnoye", "name_vi": "Hồ Chërnoye", "name_zh": "切尔诺耶湖", "ne_id": 1159114929, "name_fa": "اوزرو چرنویه", "name_he": "אגם צ'רנויה", "name_uk": "озеро Чорне", "name_ur": "اوزیرو چرنوئے", "name_zht": "車諾耶湖"}, "geometry": {"type": "Polygon", "coordinates": [[[67.640039, 55.791797], [67.621094, 55.780029], [67.608398, 55.764795], [67.594141, 55.749756], [67.503711, 55.713037], [67.396191, 55.718018], [67.297852, 55.745264], [67.296484, 55.777344], [67.320508, 55.814844], [67.347852, 55.850879], [67.350684, 55.867529], [67.381738, 55.869189], [67.433105, 55.835156], [67.483008, 55.806445], [67.536328, 55.806055], [67.595117, 55.821338], [67.668262, 55.817236], [67.678516, 55.800684], [67.640039, 55.791797]]]}}, {"type": "Feature", "properties": {"scalerank": 0, "featurecla": "Lake", "name": null, "name_alt": null, "note": "_untitled_12", "admin": null, "namepar": null, "min_zoom": 4.7, "min_label": 6, "name_abb": null, "label": null, "wikidataid": null, "name_ar": null, "name_bn": null, "name_de": null, "name_en": null, "name_es": null, "name_fr": null, "name_el": null, "name_hi": null, "name_hu": null, "name_id": null, "name_it": null, "name_ja": null, "name_ko": null, "name_nl": null, "name_pl": null, "name_pt": null, "name_ru": null, "name_sv": null, "name_tr": null, "name_vi": null, "name_zh": null, "ne_id": 1159114951, "name_fa": null, "name_he": null, "name_uk": null, "name_ur": null, "name_zht": null}, "geometry": {"type": "Polygon", "coordinates": [[[32.931152, 65.957227], [32.974414, 65.9396], [33.055078, 65.929883], [33.086523, 65.909375], [33.081055, 65.879395], [33.075586, 65.851953], [33.07207, 65.832715], [32.945898, 65.793945], [32.799512, 65.762451], [32.742773, 65.769336], [32.735938, 65.786816], [32.734375, 65.80542], [32.703613, 65.830469], [32.778125, 65.858057], [32.84209, 65.876465], [32.84873, 65.893506], [32.837598, 65.9125], [32.794922, 65.929248], [32.745215, 65.947803], [32.750586, 65.974512], [32.78639841119207, 66.0], [32.865774378627094, 66.0], [32.863086, 65.997559], [32.870508, 65.98335], [32.910449, 65.974756], [32.931152, 65.957227]]]}}, {"type": "Feature", "properties": {"scalerank": 0, "featurecla": "Lake", "name": "Võrtsjärv", "name_alt": null, "note": null, "admin": null, "namepar": null, "min_zoom": 4.7, "min_label": 6, "name_abb": "Võrtsjärv", "label": "Võrtsjärv", "wikidataid": "Q211516", "name_ar": "فورجاف", "name_bn": "ভর্টসজার্ভ", "name_de": "Võrtsjärv", "name_en": "Võrtsjärv", "name_es": "Võrtsjärv", "name_fr": "Võrtsjärv", "name_el": "Βίρτσγιαρβ", "name_hi": "वोर्त्स्जार्व", "name_hu": "Võrts-tó", "name_id": "Võrtsjärv", "name_it": "Võrtsjärv", "name_ja": "ヴォルツ湖", "name_ko": "페르트스야르프", "name_nl": "Võrtsjärv", "name_pl": "Võrtsjärv", "name_pt": "Võrtsjärv", "name_ru": "Выртсъярв", "name_sv": "Võrtsjärv", "name_tr": "Võrtsjärv", "name_vi": "Hồ Võrtsjärv", "name_zh": "沃尔茨湖", "ne_id": 1159115043, "name_fa": "دریاچه وورتسیارو", "name_he": "אגם וורטסיארב", "name_uk": "Виртс'ярв", "name_ur": "وورٹسجارو", "name_zht": "沃爾茨湖"}, "geometry": {"type": "Polygon", "coordinates": [[[26.140625, 58.268799], [26.110254, 58.209814], [26.084766, 58.143457], [26.050977, 58.14585], [26.003711, 58.219482], [25.92793, 58.305127], [25.940918, 58.344971], [25.966113, 58.381641], [26.019043, 58.39624], [26.077441, 58.391162], [26.121484, 58.373682], [26.142773, 58.327344], [26.140625, 58.268799]]]}}, {"type": "Feature", "properties": {"scalerank": 0, "featurecla": "Lake", "name": null, "name_alt": null, "note": "_untitled_11", "admin": null, "namepar": null, "min_zoom": 4.7, "min_label": 6, "name_abb": null, "label": null, "wikidataid": null, "name_ar": null, "name_bn": null, "name_de": null, "name_en": null, "name_es": null, "name_fr": null, "name_el": null, "name_hi": null, "name_hu": null, "name_id": null, "name_it": null, "name_ja": null, "name_ko": null, "name_nl": null, "name_pl": null, "name_pt": null, "name_ru": null, "name_sv": null, "name_tr": null, "name_vi": null, "name_zh": null, "ne_id": 1159115089, "name_fa": null, "name_he": null, "name_uk": null, "name_ur": null, "name_zht": null}, "geometry": {"type": "Polygon", "coordinates": [[[12.929883, 63.685693], [13.012402, 63.711963], [13.116504, 63.725586], [13.20918, 63.724365], [13.273438, 63.710791], [13.299512, 63.69541], [13.276367, 63.686426], [13.160059, 63.6896], [13.109766, 63.670752], [13.085352, 63.650293], [13.097168, 63.607812], [13.119141, 63.554346], [13.212988, 63.486182], [13.358203, 63.450586], [13.334863, 63.427246], [13.242578, 63.451514], [13.179395, 63.471045], [13.113086, 63.497217], [13.010059, 63.544189], [12.93623, 63.600098], [12.899316, 63.652441], [12.929883, 63.685693]]]}}, {"type": "Feature", "properties": {"scalerank": 0, "featurecla": "Lake", "name": "Lake Sevan", "name_alt": "Lake Sevana", "note": null, "admin": null, "namepar": null, "min_zoom": 4.7, "min_label": 6, "name_abb": "L. Sevan", "label": "Lake Sevan", "wikidataid": "Q181932", "name_ar": "بحيرة سيفان", "name_bn": "লেক সেভেন", "name_de": "Sewansee", "name_en": "Sevan", "name_es": "Sevan", "name_fr": "Sevan", "name_el": "λίμνη Σεβάν", "name_hi": "सेवन झील", "name_hu": "Szeván-tó", "name_id": "Sevan", "name_it": "Sevan", "name_ja": "セヴァン湖", "name_ko": "세반호", "name_nl": "Sevanmeer", "name_pl": "Sewan", "name_pt": "Sevan", "name_ru": "Севан", "name_sv": "Sevansjön", "name_tr": "Sevan", "name_vi": "Sevan", "name_zh": "塞凡湖", "ne_id": 1159115109, "name_fa": "دریاچه سوان", "name_he": "ימת סוואן", "name_uk": "Севан", "name_ur": "جھیل سیوان", "name_zht": "塞凡湖"}, "geometry": {"type": "Polygon", "coordinates": [[[44.972266, 40.542334], [44.988867, 40.582324], [44.98623, 40.611572], [45.014551, 40.614355], [45.095313, 40.590332], [45.241699, 40.510205], [45.31084, 40.488281], [45.372949, 40.47915], [45.437012, 40.435156], [45.536719, 40.364697], [45.601953, 40.318262], [45.63623, 40.278711], [45.655762, 40.242676], [45.65918, 40.21543], [45.651367, 40.194971], [45.607617, 40.172168], [45.543164, 40.155518], [45.480664, 40.155957], [45.38877, 40.151416], [45.312695, 40.148828], [45.275879, 40.163818], [45.248438, 40.197461], [45.218262, 40.295898], [45.183496, 40.385254], [45.15332, 40.403564], [45.124609, 40.428174], [45.095313, 40.461084], [45.039844, 40.490479], [44.989648, 40.51499], [44.972266, 40.542334]]]}}, {"type": "Feature", "properties": {"scalerank": 0, "featurecla": "Lake", "name": "Hoh Xil Hu", "name_alt": null, "note": null, "admin": null, "namepar": null, "min_zoom": 4.7, "min_label": 6, "name_abb": "Hoh Xil Hu", "label": "Hoh Xil Hu", "wikidataid": "Q10913764", "name_ar": "بحيرة هو زيل", "name_bn": "হো জিল হু", "name_de": "Hoh Xil Hu", "name_en": "Hoh Xil Hu", "name_es": "Hoh Xil Hu", "name_fr": "Hoh Xil Lake", "name_el": "Χο Ξιλ Χου", "name_hi": "होह ज़िल हु", "name_hu": "Hoh Xil Hu", "name_id": "Danau Hoh Xil", "name_it": "Hoh Xil Hu", "name_ja": "可可西里湖", "name_ko": "호 실 후", "name_nl": "Hoh Xil Lake", "name_pl": "Jezioro Hoh Xil", "name_pt": "Lago Hoh Xil", "name_ru": "озеро Кукушили", "name_sv": "Hoh Xil Hu", "name_tr": "Hoh Xil Hu", "name_vi": "Hồ Hy Nhĩ", "name_zh": "可可西里湖", "ne_id": 1159115243, "name_fa": "هو ایکسیل هو", "name_he": "הו סיל", "name_uk": "Кукушилі", "name_ur": "ہو زل ہو", "name_zht": "可可西里湖"}, "geometry": {"type": "Polygon", "coordinates": [[[91.30293, 35.57373], [91.286133, 35.544434], [91.267969, 35.528369], [91.165039, 35.546875], [91.043359, 35.565039], [90.979199, 35.609277], [90.950391, 35.633594], [90.952734, 35.64541], [90.992969, 35.653467], [91.032617, 35.650195], [91.114844, 35.636572], [91.199219, 35.634033], [91.221875, 35.645508], [91.271289, 35.629346], [91.31582, 35.595117], [91.30293, 35.57373]]]}}, {"type": "Feature", "properties": {"scalerank": 0, "featurecla": "Alkaline Lake", "name": "Lake Hammar", "name_alt": null, "note": null, "admin": null, "namepar": null, "min_zoom": 4.7, "min_label": 6, "name_abb": "L. Hammar", "label": "Lake Hammar", "wikidataid": "Q2668029", "name_ar": "هور الحمّار", "name_bn": "লেক হ্যামার", "name_de": "Hammar-See", "name_en": "Hammar", "name_es": "Hammar", "name_fr": "Al-hammar", "name_el": "Λίμνη Χαμάρ", "name_hi": "हमार झील", "name_hu": "Hammar-tó", "name_id": "Danau Hammar", "name_it": "Lake Hammar", "name_ja": "ハンマール湖", "name_ko": "레이크 함마르", "name_nl": "Lake Hammar", "name_pl": "Jezioro Hammar", "name_pt": "Lago Hammar", "name_ru": "Эль-Хаммар", "name_sv": "Hammar", "name_tr": "Hamar", "name_vi": "Hồ Hammar", "name_zh": "哈马尔湖", "ne_id": 1159126873, "name_fa": "هور حمار", "name_he": "אגם האמר", "name_uk": "озеро Гаммар", "name_ur": "جھیل حمار", "name_zht": "哈马尔湖"}, "geometry": {"type": "Polygon", "coordinates": [[[47.573145, 30.663623], [47.491309, 30.663135], [47.406934, 30.677881], [47.245313, 30.710645], [47.103711, 30.740186], [47.039746, 30.742383], [46.953027, 30.733057], [46.878809, 30.727344], [46.852051, 30.721729], [46.822168, 30.725342], [46.807227, 30.7375], [46.804199, 30.763672], [46.801758, 30.785986], [46.791602, 30.802539], [46.765332, 30.816553], [46.750488, 30.823242], [46.718652, 30.836816], [46.711719, 30.866846], [46.748438, 30.902539], [46.800879, 30.912939], [46.818262, 30.9146], [46.860742, 30.91665], [46.89668, 30.899609], [46.925977, 30.891602], [46.983008, 30.856738], [47.062793, 30.828076], [47.10332, 30.825781], [47.145898, 30.813525], [47.194434, 30.800244], [47.289746, 30.771533], [47.357422, 30.782324], [47.429199, 30.811865], [47.471973, 30.813965], [47.499805, 30.808936], [47.503906, 30.796777], [47.530176, 30.767773], [47.590039, 30.712549], [47.608496, 30.689453], [47.573145, 30.663623]]]}}, {"type": "Feature", "properties": {"scalerank": 0, "featurecla": "Alkaline Lake", "name": "Khyargas Nuur", "name_alt": "Hyargas Nuur", "note": null, "admin": null, "namepar": null, "min_zoom": 4.7, "min_label": 6, "name_abb": "Khyargas Nuur", "label": "Khyargas Nuur", "wikidataid": "Q1125601", "name_ar": "بحيرة خيارجاس", "name_bn": "খ্যারগাস নূর", "name_de": "Chjargas Nuur", "name_en": "Khyargas Nuur", "name_es": "Khyargas", "name_fr": "Khyargas", "name_el": "Χουάγκας Νουρ", "name_hi": "ख्यारगस नूउर", "name_hu": "Hjargasz-tó", "name_id": "Khyargas Nuur", "name_it": "Hjargas nuur", "name_ja": "キヤールガス・ヌール", "name_ko": "캬르가스 누르", "name_nl": "Khyargas Nuur", "name_pl": "Chjargas nuur", "name_pt": "Khyargas", "name_ru": "Хяргас-Нуур", "name_sv": "Khyargas Nuur", "name_tr": "Khyargas Nuur", "name_vi": "Khyargas", "name_zh": "吉爾吉斯湖", "ne_id": 1159126887, "name_fa": "خیارگاس نور", "name_he": "אגם חיארגאס", "name_uk": "Хярґас-Нур", "name_ur": "کھائراگاس نور", "name_zht": "吉爾吉斯湖"}, "geometry": {"type": "Polygon", "coordinates": [[[93.779395, 49.103369], [93.677734, 49.069531], [93.536426, 49.03374], [93.450391, 49.008643], [93.397461, 48.990527], [93.322168, 49.036523], [93.24082, 49.097021], [93.179297, 49.111816], [93.103906, 49.138916], [92.974902, 49.187158], [92.864941, 49.225439], [92.832324, 49.253174], [92.83457, 49.282275], [92.863867, 49.306201], [92.940234, 49.315381], [93.059277, 49.322363], [93.25957, 49.292187], [93.421484, 49.22627], [93.470605, 49.20498], [93.515918, 49.212646], [93.560156, 49.205908], [93.654492, 49.214893], [93.723047, 49.190283], [93.785937, 49.158496], [93.799414, 49.129004], [93.779395, 49.103369]]]}}, {"type": "Feature", "properties": {"scalerank": 0, "featurecla": "Lake", "name": null, "name_alt": null, "note": "_untitled_0", "admin": null, "namepar": null, "min_zoom": 4.7, "min_label": 6, "name_abb": null, "label": null, "wikidataid": null, "name_ar": null, "name_bn": null, "name_de": null, "name_en": null, "name_es": null, "name_fr": null, "name_el": null, "name_hi": null, "name_hu": null, "name_id": null, "name_it": null, "name_ja": null, "name_ko": null, "name_nl": null, "name_pl": null, "name_pt": null, "name_ru": null, "name_sv": null, "name_tr": null, "name_vi": null, "name_zh": null, "ne_id": 1159115267, "name_fa": null, "name_he": null, "name_uk": null, "name_ur": null, "name_zht": null}, "geometry": {"type": "Polygon", "coordinates": [[[85.851172, 30.886084], [85.84541, 30.826562], [85.826563, 30.783496], [85.801562, 30.759033], [85.78252, 30.759277], [85.786133, 30.788965], [85.757031, 30.839893], [85.692285, 30.870166], [85.64043, 30.868555], [85.600391, 30.854932], [85.567676, 30.841504], [85.512598, 30.845752], [85.437988, 30.871289], [85.377246, 30.905664], [85.352344, 30.944092], [85.36084, 30.992236], [85.401758, 31.03501], [85.47627, 31.045459], [85.560742, 31.028418], [85.64668, 31.025049], [85.725195, 31.02793], [85.810352, 31.004541], [85.875391, 30.978223], [85.888965, 30.952246], [85.888086, 30.928809], [85.851172, 30.886084]]]}}, {"type": "Feature", "properties": {"scalerank": 0, "featurecla": "Alkaline Lake", "name": "Lake Assal", "name_alt": null, "note": null, "admin": null, "namepar": null, "min_zoom": 4.7, "min_label": 6, "name_abb": "L. Assal", "label": "Lake Assal", "wikidataid": "Q81239", "name_ar": "بحيرة عسل", "name_bn": "আসাল হ্রদ", "name_de": "Assalsee", "name_en": "Assal", "name_es": "Assal", "name_fr": "Assal", "name_el": "Λίμνη Ασσάλ", "name_hi": "असल झील", "name_hu": "Assal--tó", "name_id": "Assal", "name_it": "Assal", "name_ja": "アッサル湖", "name_ko": "아살호", "name_nl": "Assalmeer", "name_pl": "Asal", "name_pt": "Assal", "name_ru": "Ассаль", "name_sv": "Assalsjön", "name_tr": "Asal", "name_vi": "Assal", "name_zh": "阿萨勒湖", "ne_id": 1159126901, "name_fa": "دریاچه عسل", "name_he": "אגם עסל", "name_uk": "Ассаль", "name_ur": "جھیل اسال", "name_zht": "阿薩勒湖"}, "geometry": {"type": "Polygon", "coordinates": [[[42.441016, 11.640039], [42.41709, 11.629297], [42.398926, 11.64502], [42.395898, 11.671729], [42.398633, 11.693359], [42.411328, 11.712012], [42.436133, 11.697119], [42.446875, 11.677246], [42.441016, 11.640039]]]}}, {"type": "Feature", "properties": {"scalerank": 0, "featurecla": "Lake", "name": "Lake Kyoga", "name_alt": null, "note": null, "admin": null, "namepar": null, "min_zoom": 4.7, "min_label": 6, "name_abb": "L. Kyoga", "label": "Lake Kyoga", "wikidataid": "Q124978", "name_ar": "بحيرة كيوغا", "name_bn": "লেক কিয়োগা", "name_de": "Kyogasee", "name_en": "Kyoga", "name_es": "Kyoga", "name_fr": "Kyoga", "name_el": "Λίμνη Κιόγκα", "name_hi": "क्योगा झील", "name_hu": "Kyoga-tó", "name_id": "Kyoga", "name_it": "Kyoga", "name_ja": "キオガ湖", "name_ko": "키오가호", "name_nl": "Kyogameer", "name_pl": "Kioga", "name_pt": "Kyoga", "name_ru": "Кьога", "name_sv": "Kyogasjön", "name_tr": "Kyoga", "name_vi": "Kyoga", "name_zh": "基奥加湖", "ne_id": 1159114279, "name_fa": "دریاچه کیوگا", "name_he": "קיוגה", "name_uk": "Кйога", "name_ur": "جھیل کائیوگا", "name_zht": "基奧加湖"}, "geometry": {"type": "Polygon", "coordinates": [[[33.442871, 1.640625], [33.333984, 1.623193], [33.227441, 1.584863], [33.161133, 1.541748], [33.125977, 1.503223], [33.139746, 1.48252], [33.205859, 1.476953], [33.258203, 1.470361], [33.250977, 1.453955], [33.208203, 1.429639], [33.196875, 1.399316], [33.242871, 1.385937], [33.281934, 1.402197], [33.303027, 1.419189], [33.317188, 1.419629], [33.321484, 1.398193], [33.326367, 1.355566], [33.304688, 1.305225], [33.270605, 1.252686], [33.260254, 1.222803], [33.229883, 1.25415], [33.166992, 1.28877], [33.123242, 1.312891], [33.019238, 1.381641], [32.898828, 1.430322], [32.868555, 1.431885], [32.863672, 1.418506], [32.867773, 1.404687], [32.891895, 1.380664], [32.893164, 1.311426], [32.860059, 1.332031], [32.823633, 1.387842], [32.786035, 1.4021], [32.763965, 1.394287], [32.751953, 1.357422], [32.742188, 1.339502], [32.660645, 1.375635], [32.580469, 1.411084], [32.554102, 1.436865], [32.536816, 1.496875], [32.544727, 1.521826], [32.610742, 1.51377], [32.735547, 1.54502], [32.800977, 1.580762], [32.80293, 1.571973], [32.797461, 1.556445], [32.811035, 1.549316], [32.862109, 1.555713], [32.937793, 1.562891], [32.981641, 1.553467], [32.998828, 1.547363], [33.022461, 1.55957], [33.066602, 1.601123], [33.101367, 1.633691], [33.112891, 1.624219], [33.128613, 1.615674], [33.162988, 1.638623], [33.205664, 1.6604], [33.236914, 1.669678], [33.269238, 1.664014], [33.310449, 1.655713], [33.357422, 1.677197], [33.414062, 1.731055], [33.445508, 1.72793], [33.456836, 1.684082], [33.470996, 1.670703], [33.48252, 1.653223], [33.486816, 1.642871], [33.442871, 1.640625]]]}}, {"type": "Feature", "properties": {"scalerank": 0, "featurecla": "Reservoir", "name": "Ozero Kubenskoye", "name_alt": null, "note": "_untitled_26", "admin": null, "namepar": null, "min_zoom": 4.7, "min_label": 6, "name_abb": "Oz. Kubenskoye", "label": "Ozero Kubenskoye", "wikidataid": "Q1463552", "name_ar": "بحيرة كوبنسكوي", "name_bn": "ওজেরো কুবেন্সকোয়ে", "name_de": "Kubenasee", "name_en": "Kubenskoe", "name_es": "Kubenskoye", "name_fr": "Koubenskoïe", "name_el": "Οζέρο Κουμπενσκόγιε", "name_hi": "ओज़ेरो कुबेन्सकोये", "name_hu": "Kubenszkoje-tó", "name_id": "Danau Kubenskoye", "name_it": "Kubenskoe", "name_ja": "クベンスコエ湖", "name_ko": "오제로 쿠벤스코예", "name_nl": "Koebenskoe ozero", "name_pl": "Jezioro Kubieńskie", "name_pt": "Lago Kubenskoye", "name_ru": "Кубенское озеро", "name_sv": "Ozero Kubenskoje", "name_tr": "Kubena", "name_vi": "Hồ Ozero Kubenskoye", "name_zh": "库边斯科耶湖", "ne_id": 1159125041, "name_fa": "اوزرو کوبنسکویه", "name_he": "אגם קובנסקויה", "name_uk": "Кубенське озеро", "name_ur": "اوزیرو کوبینسکوئے", "name_zht": "庫邊斯科耶湖"}, "geometry": {"type": "Polygon", "coordinates": [[[39.305469, 59.773584], [39.348438, 59.765527], [39.453711, 59.711426], [39.510938, 59.707178], [39.581738, 59.665186], [39.707129, 59.633789], [39.779785, 59.637793], [39.744238, 59.609717], [39.721484, 59.578271], [39.764063, 59.545947], [39.798145, 59.525195], [39.734375, 59.479834], [39.552539, 59.545947], [39.402148, 59.624268], [39.193945, 59.746875], [39.052539, 59.838721], [39.053516, 59.868457], [39.093359, 59.869336], [39.138867, 59.84165], [39.191992, 59.809326], [39.22959, 59.794434], [39.266992, 59.78252], [39.305469, 59.773584]]]}}, {"type": "Feature", "properties": {"scalerank": 0, "featurecla": "Lake", "name": "Bodensee", "name_alt": "Lake Constance", "note": null, "admin": "admin-0", "namepar": null, "min_zoom": 4.7, "min_label": 6, "name_abb": "Bodensee", "label": "Bodensee", "wikidataid": "Q4127", "name_ar": "بحيرة كونستانس", "name_bn": "বোদেন্সি", "name_de": "Bodensee", "name_en": "Constance", "name_es": "Constanza", "name_fr": "Constance", "name_el": "Λίμνη Κωνσταντίας", "name_hi": "बोडेनसी", "name_hu": "Boden-tó", "name_id": "Konstanz", "name_it": "Costanza", "name_ja": "ボーデン湖", "name_ko": "보덴호", "name_nl": "Bodenmeer", "name_pl": "Jezioro Bodeńskie", "name_pt": "Constança", "name_ru": "Боденское озеро", "name_sv": "Bodensjön", "name_tr": "Konstanz", "name_vi": "Bodensee", "name_zh": "博登湖", "ne_id": 1159114259, "name_fa": "دریاچه کنستانس", "name_he": "ימת קונסטנץ", "name_uk": "Боденське озеро", "name_ur": "جھیل کونسٹانس", "name_zht": "博登湖"}, "geometry": {"type": "Polygon", "coordinates": [[[9.718555, 47.514893], [9.685449, 47.506396], [9.554395, 47.511133], [9.452344, 47.513965], [9.250293, 47.597949], [9.182813, 47.670703], [9.113184, 47.772119], [9.132031, 47.782178], [9.230762, 47.733301], [9.372852, 47.67666], [9.513965, 47.624756], [9.644238, 47.566357], [9.730664, 47.526904], [9.718555, 47.514893]]]}}, {"type": "Feature", "properties": {"scalerank": 0, "featurecla": "Lake", "name": null, "name_alt": null, "note": "_untitled_23", "admin": null, "namepar": null, "min_zoom": 4.7, "min_label": 6, "name_abb": null, "label": null, "wikidataid": null, "name_ar": null, "name_bn": null, "name_de": null, "name_en": null, "name_es": null, "name_fr": null, "name_el": null, "name_hi": null, "name_hu": null, "name_id": null, "name_it": null, "name_ja": null, "name_ko": null, "name_nl": null, "name_pl": null, "name_pt": null, "name_ru": null, "name_sv": null, "name_tr": null, "name_vi": null, "name_zh": null, "ne_id": 1159114461, "name_fa": null, "name_he": null, "name_uk": null, "name_ur": null, "name_zht": null}, "geometry": {"type": "Polygon", "coordinates": [[[23.185352, 61.406641], [23.099805, 61.392041], [23.045703, 61.385742], [22.986523, 61.369336], [22.846582, 61.324072], [22.701953, 61.2625], [22.658594, 61.219043], [22.612891, 61.20166], [22.579102, 61.210986], [22.631543, 61.233984], [22.663086, 61.268066], [22.717871, 61.300391], [22.840625, 61.340723], [22.974805, 61.395166], [23.053418, 61.428809], [23.136719, 61.445508], [23.259863, 61.460449], [23.292578, 61.452051], [23.24873, 61.433105], [23.243848, 61.42417], [23.240625, 61.417139], [23.185352, 61.406641]]]}}, {"type": "Feature", "properties": {"scalerank": 0, "featurecla": "Alkaline Lake", "name": "Dead Sea", "name_alt": null, "note": "_untitled_13", "admin": null, "namepar": null, "min_zoom": 4.7, "min_label": 6, "name_abb": "Dead Sea", "label": "Dead Sea", "wikidataid": "Q23883", "name_ar": "البحر الميت", "name_bn": "মৃত সাগর", "name_de": "Totes Meer", "name_en": "Dead Sea", "name_es": "mar Muerto", "name_fr": "mer Morte", "name_el": "Νεκρά θάλασσα", "name_hi": "मृत सागर", "name_hu": "Holt-tenger", "name_id": "Laut Mati", "name_it": "Mar Morto", "name_ja": "死海", "name_ko": "사해", "name_nl": "Dode Zee", "name_pl": "Morze Martwe", "name_pt": "Mar Morto", "name_ru": "Мёртвое море", "name_sv": "Döda havet", "name_tr": "Lut", "name_vi": "Biển Chết", "name_zh": "死海", "ne_id": 1159126865, "name_fa": "دریای مرده", "name_he": "ים המלח", "name_uk": "Мертве море", "name_ur": "بحیرہ مردار", "name_zht": "死海"}, "geometry": {"type": "Polygon", "coordinates": [[[35.516895, 31.154443], [35.508398, 31.125244], [35.497949, 31.104932], [35.459277, 31.096338], [35.416504, 31.104395], [35.391406, 31.135156], [35.376758, 31.17793], [35.381836, 31.215625], [35.400684, 31.230518], [35.445605, 31.231738], [35.493555, 31.205029], [35.522461, 31.177051], [35.516895, 31.154443]]]}}, {"type": "Feature", "properties": {"scalerank": 0, "featurecla": "Lake", "name": "Sea of Galilee", "name_alt": null, "note": null, "admin": null, "namepar": null, "min_zoom": 4.7, "min_label": 6, "name_abb": "Sea of Galilee", "label": "Sea of Galilee", "wikidataid": "Q126982", "name_ar": "بحيرة طبريا", "name_bn": "গালীল সাগর", "name_de": "Genezareth", "name_en": "Sea of Galilee", "name_es": "mar de Galilea", "name_fr": "Tibériade", "name_el": "Θάλασσα της Γαλιλαίας", "name_hi": "गलील सागर", "name_hu": "Galileai-tenger", "name_id": "Galilea", "name_it": "Tiberiade", "name_ja": "ガリラヤ湖", "name_ko": "갈릴리 호", "name_nl": "Meer van Tiberias", "name_pl": "Jezioro Tyberiadzkie", "name_pt": "Mar da Galileia", "name_ru": "Тивериадское озеро", "name_sv": "Galileiska sjön", "name_tr": "Taberiye", "name_vi": "Biển Galilee", "name_zh": "加利利海", "ne_id": 1159114879, "name_fa": "دریاچه طبریه", "name_he": "הכנרת", "name_uk": "Тиверіадське озеро", "name_ur": "بحیرہ طبريہ", "name_zht": "加利利海"}, "geometry": {"type": "Polygon", "coordinates": [[[35.615918, 32.74917], [35.576855, 32.720312], [35.55127, 32.749609], [35.533887, 32.803418], [35.53916, 32.855615], [35.565039, 32.891602], [35.598926, 32.899707], [35.622852, 32.878369], [35.63584, 32.833838], [35.631641, 32.781641], [35.615918, 32.74917]]]}}, {"type": "Feature", "properties": {"scalerank": 0, "featurecla": "Lake", "name": "Ngoring Hu", "name_alt": null, "note": null, "admin": null, "namepar": null, "min_zoom": 4.7, "min_label": 6, "name_abb": "Ngoring Hu", "label": "Ngoring Hu", "wikidataid": "Q847864", "name_ar": "بحيرة إنجورينغ", "name_bn": "এনগোরিং হু", "name_de": "Ngoring Hu", "name_en": "Ngoring", "name_es": "Eling", "name_fr": "Lac Ngoring", "name_el": "Νγκόρινγκ Χου", "name_hi": "एनगोरिंग हू", "name_hu": "Ngoring Hu", "name_id": "Danau Ngoring", "name_it": "Ngoring Hu", "name_ja": "ゴレン湖", "name_ko": "응고링 후", "name_nl": "Ngoring Lake", "name_pl": "Ngoring Hu", "name_pt": "Lago Ngoring", "name_ru": "Орин-Нур", "name_sv": "Ngoring Hu", "name_tr": "Ngoring Hu", "name_vi": "Hồ Ngạc Lăng", "name_zh": "鄂陵湖", "ne_id": 1159114305, "name_fa": "انگورینگ هو", "name_he": "אגם נגורינג", "name_uk": "Нгорінгху", "name_ur": "اینگورنگ ہو", "name_zht": "鄂陵湖"}, "geometry": {"type": "Polygon", "coordinates": [[[97.861328, 34.822949], [97.801367, 34.826514], [97.75127, 34.828174], [97.71709, 34.826367], [97.694727, 34.830957], [97.688965, 34.812012], [97.683203, 34.791553], [97.647656, 34.787939], [97.602637, 34.797754], [97.575195, 34.824902], [97.54707, 34.875977], [97.55459, 34.901904], [97.582617, 34.929395], [97.624902, 34.953174], [97.643945, 34.978467], [97.636133, 35.002832], [97.650586, 35.027539], [97.686719, 35.05293], [97.734863, 35.080469], [97.762891, 35.088086], [97.794043, 35.033008], [97.79707, 34.981836], [97.801465, 34.932227], [97.84668, 34.882178], [97.887012, 34.838184], [97.861328, 34.822949]]]}}, {"type": "Feature", "properties": {"scalerank": 0, "featurecla": "Lake", "name": "Gyaring Hu", "name_alt": null, "note": null, "admin": null, "namepar": null, "min_zoom": 4.7, "min_label": 6, "name_abb": "Gyaring Hu", "label": "Gyaring Hu", "wikidataid": "Q4128895", "name_ar": "بحيرة جيرنج", "name_bn": "গ্যারিং হু", "name_de": "Gyaring Hu", "name_en": "Gyaring", "name_es": "Zaling", "name_fr": "Gyaring", "name_el": "Γκιάρινγκ Χου", "name_hi": "ग्यारिंग हु", "name_hu": "Gyaring Hu", "name_id": "Danau Gyaring", "name_it": "Gyaring Hu", "name_ja": "ギャリン湖", "name_ko": "갸링 후", "name_nl": "Gyaring Lake", "name_pl": "Gyaring Co", "name_pt": "Lago Gyaring", "name_ru": "Джарин-Нур", "name_sv": "Zhalinghu", "name_tr": "Gyaring Hu", "name_vi": "Hồ Trát Lăng", "name_zh": "扎陵湖", "ne_id": 1159114475, "name_fa": "جیارینگ هو", "name_he": "גיירינג", "name_uk": "Джарін-Ху", "name_ur": "گیرانگ ہو", "name_zht": "扎陵湖"}, "geometry": {"type": "Polygon", "coordinates": [[[97.460156, 34.961328], [97.4125, 34.915967], [97.359961, 34.865479], [97.288281, 34.835449], [97.230469, 34.82583], [97.08418, 34.906836], [97.07207, 34.930615], [97.062402, 34.978613], [97.066504, 34.997266], [97.084668, 34.999902], [97.118066, 35.007812], [97.23125, 35.02251], [97.350977, 35.019678], [97.419238, 34.997461], [97.467676, 34.975732], [97.460156, 34.961328]]]}}, {"type": "Feature", "properties": {"scalerank": 0, "featurecla": "Reservoir", "name": "Toktogul Res.", "name_alt": "Toktogul Suu Saktagychy", "note": null, "admin": null, "namepar": null, "min_zoom": 4.7, "min_label": 6, "name_abb": "Toktogul Suu Saktagychy", "label": "Toktogul Suu Saktagychy", "wikidataid": "Q16508570", "name_ar": "توجتوجول سو ساكاتجيتشي", "name_bn": "টকটোগুল সু সাক্তাগাইচি", "name_de": "Toktogul Reservoir", "name_en": "Toktogul", "name_es": "Toktogul", "name_fr": "Toktogoul", "name_el": "Τοκτογκούλ Σου Σακταγκούτσι", "name_hi": "टोकतोगुल सू सक्ताग्यच्य", "name_hu": "Toktogul Suu Saktagychy", "name_id": "Toktogul Suu Saktagychy", "name_it": "Toktogoul", "name_ja": "トクトグル貯水ダム", "name_ko": "톡토굴 수 삭타기치", "name_nl": "Toktogul Reservoir", "name_pl": "Zbiornik Toktogul", "name_pt": "Represa de Toktogul", "name_ru": "Токтогульское водохранилище", "name_sv": "Toktogul Suu Saktagychy", "name_tr": "Toktogul Suu Saktagychy", "name_vi": "Hồ Toktogul Suu Saktagychy", "name_zh": "托克托古尔水库", "ne_id": 1159125107, "name_fa": "توکتوگول سو ساکتاگیچی", "name_he": "טוקטוגול סואו סאקטאגיצ'י", "name_uk": "Токтогул Суу Сактагичи", "name_ur": "ٹوکٹوگل سو ساکتاگیچی", "name_zht": "托克托古水庫"}, "geometry": {"type": "Polygon", "coordinates": [[[73.266406, 41.754687], [73.202246, 41.74541], [73.107031, 41.757129], [72.972461, 41.755176], [72.839453, 41.739844], [72.679102, 41.663086], [72.653711, 41.667432], [72.635352, 41.687305], [72.657715, 41.701318], [72.689258, 41.728174], [72.708594, 41.767432], [72.687891, 41.822363], [72.658398, 41.874219], [72.685449, 41.899561], [72.817188, 41.897803], [72.940039, 41.87832], [73.011133, 41.855469], [73.085547, 41.828174], [73.239746, 41.801123], [73.300293, 41.776221], [73.291016, 41.759131], [73.266406, 41.754687]]]}}, {"type": "Feature", "properties": {"scalerank": 0, "featurecla": "Lake", "name": "Langa Co", "name_alt": null, "note": null, "admin": null, "namepar": null, "min_zoom": 4.7, "min_label": 6, "name_abb": "Langa Co", "label": "Langa Co", "wikidataid": "Q628327", "name_ar": "لانجت كو", "name_bn": "রাক্ষসতাল", "name_de": "Rakshastal", "name_en": "Rakshastal", "name_es": "'nga Co", "name_fr": "Rakshastal", "name_el": "Λίμνη Ρακσαστάλ", "name_hi": "राक्षस झील", "name_hu": "Raksasztal-tó", "name_id": "Langa Co", "name_it": "Rakshastal", "name_ja": "ラークシャスタール湖", "name_ko": "랑가 코", "name_nl": "Rakshastal", "name_pl": "La'nga Co", "name_pt": "Langa", "name_ru": "Ланга-Цо", "name_sv": "Lannga Co", "name_tr": "Rakshastal", "name_vi": "Hồ Lạp Ngang Thác", "name_zh": "拉昂错", "ne_id": 1159114537, "name_fa": "لانگا کو", "name_he": "אגם לנגה", "name_uk": "Ракшастал", "name_ur": "لانگا کو", "name_zht": "拉昂錯"}, "geometry": {"type": "Polygon", "coordinates": [[[81.289746, 30.616943], [81.254785, 30.608252], [81.211719, 30.610791], [81.158008, 30.633594], [81.125586, 30.662158], [81.150293, 30.687549], [81.184766, 30.720508], [81.184375, 30.804297], [81.199316, 30.8521], [81.233984, 30.862549], [81.275, 30.838818], [81.294434, 30.817285], [81.296484, 30.789258], [81.252246, 30.753271], [81.278516, 30.708984], [81.308691, 30.661816], [81.309082, 30.635547], [81.289746, 30.616943]]]}}, {"type": "Feature", "properties": {"scalerank": 0, "featurecla": "Lake", "name": "Mapam Yumco", "name_alt": null, "note": null, "admin": null, "namepar": null, "min_zoom": 4.7, "min_label": 6, "name_abb": "Mapam Yumco", "label": "Mapam Yumco", "wikidataid": "Q233627", "name_ar": "بحيرة ماناساروفار", "name_bn": "মানস সরোবর", "name_de": "Manasarovar", "name_en": "Manasarovar", "name_es": "Mana Sarovar", "name_fr": "Manasarovar", "name_el": "Μάπαμ Γιουμκό", "name_hi": "मानसरोवर", "name_hu": "Manaszarovar-tó", "name_id": "Mansarovar", "name_it": "Manasarovar", "name_ja": "マナサロワール湖", "name_ko": "마나사로바 호수", "name_nl": "Manasarovar", "name_pl": "Mapam Yumco", "name_pt": "Manasarovar", "name_ru": "Мапам-Юмцо", "name_sv": "Manasarovar", "name_tr": "Manasarovar", "name_vi": "Manasarovar", "name_zh": "玛旁雍错", "ne_id": 1159114553, "name_fa": "دریاچه ماناساروار", "name_he": "מפוטו", "name_uk": "Манасаровар", "name_ur": "جھیل ماناساروار", "name_zht": "瑪旁雍錯"}, "geometry": {"type": "Polygon", "coordinates": [[[81.552441, 30.654443], [81.494043, 30.609863], [81.433691, 30.590869], [81.391992, 30.609717], [81.373047, 30.65918], [81.375781, 30.758154], [81.40918, 30.777832], [81.459668, 30.773828], [81.524414, 30.757178], [81.573633, 30.732617], [81.584082, 30.7], [81.552441, 30.654443]]]}}, {"type": "Feature", "properties": {"scalerank": 0, "featurecla": "Reservoir", "name": "Lake Volta", "name_alt": null, "note": null, "admin": null, "namepar": null, "min_zoom": 4.7, "min_label": 6, "name_abb": "L. Volta", "label": "Lake Volta", "wikidataid": "Q201679", "name_ar": "بحيرة فولتا", "name_bn": "ভোল্টা হ্রদ", "name_de": "Volta-Stausee", "name_en": "Volta", "name_es": "Volta", "name_fr": "Volta", "name_el": "Λίμνη Βόλτα", "name_hi": "वोल्टा झील", "name_hu": "Volta-tó", "name_id": "Volta", "name_it": "Volta", "name_ja": "ヴォルタ湖", "name_ko": "볼타호", "name_nl": "Voltameer", "name_pl": "Wolta", "name_pt": "Volta", "name_ru": "Вольта", "name_sv": "Voltasjön", "name_tr": "Volta", "name_vi": "Volta", "name_zh": "沃尔特水库", "ne_id": 1159125149, "name_fa": "دریاچه ولتا", "name_he": "אגם וולטה", "name_uk": "Вольта", "name_ur": "جھیل وولٹا", "name_zht": "沃爾特水庫"}, "geometry": {"type": "Polygon", "coordinates": [[[0.29873, 6.718604], [0.316992, 6.73833], [0.308594, 6.697852], [0.275977, 6.64834], [0.229688, 6.615869], [0.191992, 6.607471], [0.171875, 6.614648], [0.159961, 6.618066], [0.152051, 6.610645], [0.153711, 6.597021], [0.150781, 6.570215], [0.14668, 6.538281], [0.14043, 6.505322], [0.13291, 6.449561], [0.138086, 6.365967], [0.10332, 6.338184], [0.080957, 6.352637], [0.073291, 6.404053], [0.041113, 6.405176], [-0.010986, 6.379395], [-0.033447, 6.408203], [-0.059912, 6.45166], [-0.099316, 6.489941], [-0.174805, 6.532715], [-0.255273, 6.585498], [-0.323779, 6.621875], [-0.427637, 6.66792], [-0.550293, 6.717285], [-0.633643, 6.75332], [-0.67373, 6.801514], [-0.68374, 6.834424], [-0.659863, 6.83584], [-0.615967, 6.807324], [-0.57959, 6.784717], [-0.55083, 6.81084], [-0.517822, 6.793799], [-0.490576, 6.736719], [-0.46665, 6.722656], [-0.442187, 6.72666], [-0.418652, 6.731006], [-0.409277, 6.765625], [-0.405957, 6.816455], [-0.393359, 6.828125], [-0.367773, 6.772705], [-0.335303, 6.716211], [-0.30542, 6.717187], [-0.270752, 6.722461], [-0.228467, 6.733984], [-0.194043, 6.74126], [-0.175098, 6.724121], [-0.16333, 6.685645], [-0.143652, 6.648047], [-0.096484, 6.628613], [-0.056934, 6.62998], [-0.041309, 6.676855], [-0.025537, 6.720312], [-0.01748, 6.732715], [-0.022852, 6.748047], [-0.049365, 6.768848], [-0.067139, 6.788965], [-0.071338, 6.809424], [-0.066309, 6.825244], [-0.041943, 6.847266], [-0.011475, 6.85293], [0.012305, 6.844824], [0.03042, 6.849658], [0.076709, 6.869678], [0.111719, 6.896631], [0.103711, 6.909619], [0.058984, 6.914014], [0.04165, 6.946484], [0.086621, 6.973926], [0.120313, 6.97124], [0.123242, 6.983154], [0.098877, 7.00415], [0.087939, 7.022803], [0.092969, 7.037012], [0.100977, 7.05293], [0.097559, 7.07998], [0.085547, 7.12124], [0.08457, 7.14707], [0.065918, 7.151221], [0.045117, 7.163916], [0.027637, 7.176318], [0.010205, 7.186816], [0.007324, 7.209375], [0.014648, 7.210693], [0.034766, 7.200244], [0.063232, 7.195361], [0.083252, 7.193701], [0.098682, 7.192822], [0.118164, 7.203174], [0.141504, 7.222461], [0.153027, 7.241211], [0.160449, 7.251807], [0.173926, 7.252393], [0.183887, 7.266162], [0.183887, 7.28667], [0.172461, 7.303857], [0.156055, 7.308887], [0.134668, 7.313428], [0.102051, 7.342773], [0.067529, 7.392773], [0.050146, 7.432324], [0.050586, 7.448828], [0.047363, 7.460059], [0.045605, 7.477539], [-0.002393, 7.500342], [-0.062939, 7.507617], [-0.05835, 7.465625], [-0.06582, 7.444336], [-0.106543, 7.458057], [-0.128125, 7.471533], [-0.136426, 7.495557], [-0.157031, 7.509863], [-0.206836, 7.512354], [-0.242432, 7.516553], [-0.232227, 7.531934], [-0.20791, 7.546387], [-0.168555, 7.549902], [-0.134082, 7.553369], [-0.104932, 7.551172], [-0.071387, 7.54873], [-0.026855, 7.545898], [0.011816, 7.542578], [-0.017773, 7.591895], [-0.06377, 7.641406], [-0.109961, 7.64458], [-0.181982, 7.646582], [-0.242285, 7.638574], [-0.33584, 7.617578], [-0.431836, 7.593652], [-0.474561, 7.589111], [-0.498047, 7.596631], [-0.531152, 7.576221], [-0.60332, 7.553613], [-0.653711, 7.55127], [-0.611328, 7.567041], [-0.543457, 7.599902], [-0.482666, 7.624561], [-0.421533, 7.648828], [-0.356641, 7.664355], [-0.294385, 7.667187], [-0.261963, 7.684229], [-0.255713, 7.706006], [-0.253809, 7.720117], [-0.2104, 7.714062], [-0.161475, 7.721387], [-0.125488, 7.740088], [-0.097656, 7.746436], [-0.100342, 7.755469], [-0.133984, 7.76709], [-0.157275, 7.778564], [-0.159375, 7.794434], [-0.152148, 7.813281], [-0.152441, 7.840869], [-0.169824, 7.889551], [-0.186133, 7.926953], [-0.192383, 7.955225], [-0.223779, 7.977148], [-0.284717, 8.015234], [-0.315186, 8.03999], [-0.34375, 8.038135], [-0.350537, 8.001953], [-0.384473, 7.979834], [-0.416797, 7.972266], [-0.394434, 7.999902], [-0.379395, 8.048145], [-0.41543, 8.078809], [-0.445801, 8.091064], [-0.498242, 8.056885], [-0.526562, 8.062402], [-0.525684, 8.127881], [-0.542871, 8.153564], [-0.561426, 8.134131], [-0.590869, 8.100293], [-0.624365, 8.084912], [-0.642773, 8.086816], [-0.642871, 8.106152], [-0.69292, 8.10957], [-0.755615, 8.101953], [-0.760547, 8.118164], [-0.747754, 8.134521], [-0.721045, 8.134619], [-0.655371, 8.14209], [-0.603809, 8.158594], [-0.6, 8.172949], [-0.621387, 8.191064], [-0.675586, 8.238672], [-0.724268, 8.280273], [-0.753516, 8.296875], [-0.795117, 8.315479], [-0.801367, 8.334375], [-0.783643, 8.365723], [-0.837842, 8.447266], [-0.912158, 8.555127], [-0.9646, 8.60376], [-0.998926, 8.63042], [-1.04082, 8.645605], [-1.086523, 8.639893], [-1.128418, 8.632324], [-1.140918, 8.594629], [-1.152783, 8.551318], [-1.180078, 8.603613], [-1.218896, 8.658252], [-1.25376, 8.667627], [-1.303857, 8.696582], [-1.35127, 8.72373], [-1.40459, 8.738965], [-1.442676, 8.731348], [-1.488379, 8.69707], [-1.544922, 8.663574], [-1.604541, 8.64375], [-1.663574, 8.628516], [-1.71499, 8.63042], [-1.663379, 8.673242], [-1.591211, 8.695166], [-1.518848, 8.731348], [-1.466211, 8.760986], [-1.412012, 8.780811], [-1.376465, 8.80459], [-1.355469, 8.792334], [-1.294092, 8.750391], [-1.269336, 8.725635], [-1.126123, 8.704687], [-1.061768, 8.721826], [-1.06748, 8.750391], [-1.096094, 8.78374], [-1.133691, 8.812988], [-1.145166, 8.873633], [-1.174414, 8.94458], [-1.178711, 8.979053], [-1.17793, 9.026514], [-1.174121, 9.07417], [-1.151709, 9.116602], [-1.130322, 9.076074], [-1.126514, 9.028418], [-1.124805, 8.980762], [-1.120801, 8.929395], [-1.105566, 8.897021], [-1.075293, 8.853027], [-1.044531, 8.843066], [-1.025586, 8.84375], [-0.996533, 8.775293], [-0.931152, 8.653125], [-0.873389, 8.585547], [-0.842578, 8.579004], [-0.81665, 8.599512], [-0.817578, 8.650488], [-0.823437, 8.706885], [-0.808887, 8.743115], [-0.79082, 8.761377], [-0.782324, 8.756055], [-0.795361, 8.721045], [-0.806055, 8.688672], [-0.769678, 8.655566], [-0.722412, 8.638525], [-0.70542, 8.643066], [-0.706836, 8.624902], [-0.757031, 8.577539], [-0.804639, 8.519922], [-0.797021, 8.49707], [-0.781836, 8.468555], [-0.721094, 8.402148], [-0.659961, 8.356641], [-0.626562, 8.329248], [-0.594336, 8.288379], [-0.565723, 8.274805], [-0.554395, 8.25083], [-0.526611, 8.232373], [-0.484668, 8.209473], [-0.448535, 8.209473], [-0.393604, 8.221484], [-0.355127, 8.242725], [-0.317871, 8.244043], [-0.285547, 8.253125], [-0.245361, 8.245117], [-0.201953, 8.213086], [-0.192529, 8.186182], [-0.256592, 8.184912], [-0.32085, 8.177246], [-0.330371, 8.157812], [-0.308398, 8.14248], [-0.262549, 8.108398], [-0.190186, 8.052588], [-0.127881, 8.011182], [-0.103223, 7.975732], [-0.081836, 7.876367], [-0.052344, 7.811475], [-0.024023, 7.792578], [0.00166, 7.793018], [0.018994, 7.788672], [0.054639, 7.792187], [0.070166, 7.821143], [0.05791, 7.862549], [0.056152, 7.885645], [0.05918, 7.919678], [0.073438, 7.969385], [0.078711, 8.003271], [0.061572, 8.04082], [0.07002, 8.080957], [0.099023, 8.092969], [0.129297, 8.086426], [0.153809, 8.078027], [0.170313, 8.086328], [0.165137, 8.115234], [0.151758, 8.161035], [0.12334, 8.209961], [0.105273, 8.241992], [0.136719, 8.253613], [0.169238, 8.289111], [0.198047, 8.338184], [0.217383, 8.363281], [0.160742, 8.380957], [0.091992, 8.403125], [0.080566, 8.429102], [0.092676, 8.460547], [0.090625, 8.499951], [0.085498, 8.547998], [0.105664, 8.583008], [0.135352, 8.597607], [0.149512, 8.633008], [0.160059, 8.700391], [0.183887, 8.741699], [0.197656, 8.738232], [0.184668, 8.689844], [0.168359, 8.625195], [0.152246, 8.592432], [0.127539, 8.574316], [0.121484, 8.518359], [0.112891, 8.457373], [0.102637, 8.433789], [0.114648, 8.415674], [0.178125, 8.399268], [0.24209, 8.379102], [0.260547, 8.355176], [0.279785, 8.340723], [0.293555, 8.334424], [0.284082, 8.326855], [0.242383, 8.321973], [0.214258, 8.314209], [0.21709, 8.295996], [0.190039, 8.251025], [0.183594, 8.205615], [0.200977, 8.165771], [0.231055, 8.125439], [0.267773, 8.106152], [0.266797, 8.094336], [0.240234, 8.088037], [0.197852, 8.079346], [0.161035, 8.05957], [0.145508, 8.020654], [0.121191, 7.972021], [0.108496, 7.938721], [0.123926, 7.913184], [0.145801, 7.894189], [0.167773, 7.863281], [0.221191, 7.88252], [0.25752, 7.90498], [0.251172, 7.875586], [0.252148, 7.862744], [0.247754, 7.849268], [0.237012, 7.833545], [0.247852, 7.80293], [0.277539, 7.762354], [0.279199, 7.699023], [0.280957, 7.616504], [0.281738, 7.575391], [0.258984, 7.581445], [0.24043, 7.577881], [0.22832, 7.556396], [0.228906, 7.536377], [0.242188, 7.510693], [0.249805, 7.490771], [0.285254, 7.514648], [0.320117, 7.54248], [0.313477, 7.505615], [0.301855, 7.470215], [0.296973, 7.452637], [0.295313, 7.415723], [0.287207, 7.381689], [0.276367, 7.353076], [0.276758, 7.339307], [0.277344, 7.329785], [0.29248, 7.303125], [0.29375, 7.27793], [0.275684, 7.25791], [0.271582, 7.234326], [0.279395, 7.217871], [0.280664, 7.200586], [0.279297, 7.182178], [0.275781, 7.172314], [0.271387, 7.137549], [0.288574, 7.106348], [0.305176, 7.098975], [0.299805, 7.071289], [0.28125, 7.047363], [0.272852, 7.001172], [0.263477, 6.94834], [0.240039, 6.896338], [0.237109, 6.768311], [0.253906, 6.6729], [0.271875, 6.674512], [0.29873, 6.718604]], [[0.180762, 6.725928], [0.15918, 6.766748], [0.114746, 6.795605], [0.061914, 6.807617], [0.01748, 6.77876], [0.011475, 6.717529], [0.04873, 6.694678], [0.089551, 6.658643], [0.130371, 6.679102], [0.180762, 6.725928]]]}}, {"type": "Feature", "properties": {"scalerank": 0, "featurecla": "Lake", "name": "South Aral Sea", "name_alt": "Southern Aral Sea|Large Aral Sea|Big Aral Sea", "note": null, "admin": "admin-0", "namepar": null, "min_zoom": 1, "min_label": 3, "name_abb": "S. Aral Sea", "label": "South Aral Sea", "wikidataid": "Q276776", "name_ar": "بحر آرال الجنوبي", "name_bn": "দক্ষিণ আরাল সাগর", "name_de": "Westlicher Aralsee", "name_en": "South Aral Sea", "name_es": "Mar de Aral Sur", "name_fr": "Grande Aral", "name_el": "Θάλασσα Νότια Αράλ", "name_hi": "दक्षिण अरल सागर", "name_hu": "Dél-Aral-tenger", "name_id": "Laut Aral Selatan", "name_it": "Grande Aral", "name_ja": "南アラル海", "name_ko": "사우스 아랄 씨", "name_nl": "South Aral Sea", "name_pl": "Południowa część Jeziora Aralskiego", "name_pt": "Mar de Aral do Sul", "name_ru": "Большое Аральское море", "name_sv": "Södra Aralsjön", "name_tr": "Güney Aral", "name_vi": "Biển Nam Aral", "name_zh": "南咸海", "ne_id": 1159126555, "name_fa": "دریای آرال جنوبی", "name_he": "ים אראל הדרומי", "name_uk": "Південне Аральське море", "name_ur": "ساؤتھ ایرل سی", "name_zht": "南鹹海"}, "geometry": {"type": "Polygon", "coordinates": [[[58.37249, 45.130523], [58.417007, 45.290684], [58.549367, 45.40771], [58.57403, 45.532132], [58.638358, 45.590201], [58.652714, 45.721985], [58.711704, 45.834903], [58.838334, 45.834166], [58.81367, 45.881653], [58.849377, 45.918096], [59.059936, 45.894536], [59.079078, 45.943495], [59.179204, 45.925826], [59.240311, 45.993926], [59.302889, 46.002393], [59.243992, 45.892328], [59.104846, 45.896745], [58.914165, 45.794779], [58.869437, 45.596097], [58.766184, 45.562685], [58.671948, 45.459614], [58.629247, 45.263779], [58.682255, 45.129787], [58.54679, 45.007574], [58.588019, 44.989905], [58.567036, 44.915178], [58.624462, 44.817997], [58.562619, 44.772352], [58.524336, 44.569155], [58.483107, 44.504367], [58.364275, 44.42472], [58.260032, 44.431481], [58.235001, 44.46093], [58.236776, 44.524463], [58.321139, 44.603021], [58.221012, 44.84671], [58.312075, 45.06201], [58.37249, 45.130523]]]}}, {"type": "Feature", "properties": {"scalerank": 0, "featurecla": "Lake", "name": "North Aral Sea", "name_alt": "Northern Aral Sea|Small Aral Sea", "note": null, "admin": "admin-0", "namepar": null, "min_zoom": 1, "min_label": 3, "name_abb": "N.Aral Sea", "label": "North Aral Sea", "wikidataid": "Q3358037", "name_ar": "بحر آرال الشمالي", "name_bn": "নর্থ আরাল সি", "name_de": "Nördlicher Aralsee", "name_en": "North Aral Sea", "name_es": "Mar de Aral Norte", "name_fr": "Petite mer d'Aral", "name_el": "Βόρεια Λίμνη Αράλη", "name_hi": "उत्तरी अरल सागर", "name_hu": "Észak-Aral-tenger", "name_id": "Laut Aral Utara", "name_it": "Piccolo Aral", "name_ja": "北アラル海", "name_ko": "노스 아랄 씨", "name_nl": "North Aral Sea", "name_pl": "Jezioro Północnoaralskie", "name_pt": "Mar de Aral do Norte", "name_ru": "Малое Аральское море", "name_sv": "Norra Aralsjön", "name_tr": "Kuzey Aral", "name_vi": "Biển Bắc Aral", "name_zh": "北咸海", "ne_id": 1729982865, "name_fa": "دریای آرال شمالی", "name_he": "אגם ים ארל הצפוני", "name_uk": "Мале Аральське море", "name_ur": "نارتھ ایرال سی", "name_zht": "北咸海"}, "geometry": {"type": "Polygon", "coordinates": [[[60.752342, 46.117724], [60.824808, 46.201046], [60.722416, 46.374185], [60.579589, 46.2932], [60.348415, 46.402897], [60.133439, 46.356515], [59.988403, 46.437868], [60.001655, 46.57186], [60.286665, 46.700146], [60.367649, 46.616953], [60.401081, 46.509323], [60.410398, 46.504097], [60.42017, 46.508414], [60.453347, 46.617945], [60.459255, 46.623399], [60.470617, 46.62249], [60.580049, 46.563025], [60.740808, 46.627035], [60.745807, 46.638851], [60.745353, 46.653395], [60.525568, 46.750762], [60.524832, 46.777266], [60.580049, 46.783892], [60.810767, 46.747149], [60.776068, 46.581431], [60.892391, 46.473206], [61.133871, 46.449647], [61.255738, 46.492507], [61.263919, 46.499779], [61.265282, 46.512505], [61.202564, 46.577496], [61.296576, 46.61088], [61.314981, 46.647691], [61.528486, 46.677139], [61.450446, 46.584376], [61.369814, 46.527503], [61.283462, 46.447514], [61.300257, 46.38486], [61.217064, 46.236879], [60.976685, 46.16988], [60.862482, 46.090003], [60.782878, 46.085954], [60.752342, 46.117724]]]}}, {"type": "Feature", "properties": {"scalerank": 0, "featurecla": "Lake", "name": "Barsakelmes Lake", "name_alt": "Tushchybas|Tsche-Bass Bay|Shche-bas Bay", "note": null, "admin": "admin-0", "namepar": null, "min_zoom": 5, "min_label": 6.5, "name_abb": "Barsakelmes L.", "label": "Barsakelmes Lake", "wikidataid": "Q28750379", "name_ar": "بحيرة بارساكيلميس", "name_bn": "বারসাকেল্মেস লেক", "name_de": "Barsakelmes-See", "name_en": "Barsakelmes", "name_es": "Barsakelmes", "name_fr": "Barsakelmes Lake", "name_el": "Λίμνη Μπαρσακέλμες", "name_hi": "बार्सकेल्मेस झील", "name_hu": "Barsakelmes-tó", "name_id": "Danau Barsakelmes", "name_it": "Barsakelmes", "name_ja": "バルサケルムス湖", "name_ko": "바르사켈메스 레이크", "name_nl": "Barsakelmes Lake", "name_pl": "Jezioro Barsakelmes", "name_pt": "Lago Barsakelmes", "name_ru": "озеро Барсакелмс", "name_sv": "Barsakelmes-sjön", "name_tr": "Barsakelmes", "name_vi": "Hồ Barsakelmes", "name_zh": "巴尔萨克梅斯湖", "ne_id": 1729983019, "name_fa": "دریاچه بارساکلمس", "name_he": "אגם ברסקלמס", "name_uk": "Барсакельмес", "name_ur": "بارساکیلمیس جھیل", "name_zht": "巴薩克美斯湖"}, "geometry": {"type": "Polygon", "coordinates": [[[59.591672, 46.209087], [59.504062, 46.318784], [59.730822, 46.321671], [59.784562, 46.284181], [59.813275, 46.123685], [59.728654, 46.082839], [59.591672, 46.209087]]]}}, {"type": "Feature", "properties": {"scalerank": 0, "featurecla": "Lake", "name": "Lake Balkhash", "name_alt": null, "note": null, "admin": null, "namepar": "Balqash Köli", "min_zoom": 1, "min_label": 3, "name_abb": "L.  Balkhash", "label": "Lake Balkhash", "wikidataid": "Q134485", "name_ar": "بحيرة بالكاش", "name_bn": "লেক বালখাশ", "name_de": "Balchaschsee", "name_en": "Balkhash", "name_es": "Baljash", "name_fr": "Balkhach", "name_el": "Λίμνη Μπαλκάς", "name_hi": "बलख़श झील", "name_hu": "Balkas-tó", "name_id": "Balkhash", "name_it": "Balqaš", "name_ja": "バルハシ湖", "name_ko": "발하시호", "name_nl": "Balkasjmeer", "name_pl": "Bałchasz", "name_pt": "Balkhash", "name_ru": "Балхаш", "name_sv": "Balchasjsjön", "name_tr": "Balkaş", "name_vi": "Balkhash", "name_zh": "巴尔喀什湖", "ne_id": 1159113111, "name_fa": "دریاچه بالخاش", "name_he": "ימת בלחש", "name_uk": "Балхаш", "name_ur": "جھیل بالخاش", "name_zht": "巴爾喀什湖"}, "geometry": {"type": "Polygon", "coordinates": [[[79.018848, 46.768457], [79.022168, 46.794922], [79.051855, 46.807715], [79.08418, 46.810107], [79.121875, 46.798828], [79.176758, 46.763867], [79.221973, 46.72041], [79.244727, 46.679688], [79.245117, 46.645166], [79.235547, 46.633545], [79.217285, 46.609717], [79.157422, 46.602783], [79.094922, 46.581592], [79.067969, 46.52583], [79.022754, 46.447461], [78.971094, 46.406006], [78.889844, 46.369922], [78.787402, 46.384814], [78.711328, 46.396387], [78.625293, 46.379834], [78.544336, 46.401367], [78.46543, 46.392432], [78.438379, 46.376855], [78.435156, 46.351758], [78.462109, 46.312793], [78.445117, 46.297168], [78.408691, 46.298828], [78.367383, 46.338525], [78.317285, 46.349854], [78.233398, 46.336865], [78.160645, 46.318652], [78.127539, 46.318652], [78.075195, 46.328271], [78.017578, 46.342627], [77.86543, 46.428662], [77.81748, 46.439404], [77.781152, 46.422852], [77.725781, 46.407129], [77.652148, 46.41543], [77.562598, 46.435449], [77.429297, 46.499658], [77.355273, 46.502246], [77.282031, 46.472949], [77.165137, 46.489014], [77.103906, 46.454248], [77.003613, 46.463672], [76.852637, 46.492285], [76.741797, 46.531982], [76.463965, 46.541895], [76.238477, 46.554883], [76.17627, 46.531982], [76.033301, 46.51167], [75.909375, 46.535742], [75.866992, 46.535645], [75.714551, 46.516455], [75.611328, 46.507178], [75.557813, 46.530322], [75.514844, 46.566699], [75.491602, 46.596484], [75.490234, 46.631006], [75.508203, 46.636182], [75.548047, 46.634473], [75.562402, 46.645996], [75.559766, 46.652979], [75.552832, 46.672559], [75.50918, 46.678027], [75.463281, 46.670605], [75.417188, 46.641113], [75.404004, 46.609717], [75.432129, 46.541895], [75.448047, 46.49834], [75.405664, 46.470801], [75.350098, 46.469873], [75.330078, 46.512695], [75.304004, 46.519385], [75.277734, 46.514893], [75.255859, 46.47417], [75.24082, 46.447656], [75.212207, 46.426611], [75.151855, 46.4375], [75.121094, 46.446436], [75.093164, 46.460889], [75.066699, 46.450977], [75.0125, 46.41709], [74.91123, 46.404639], [74.888086, 46.376562], [74.856641, 46.293945], [74.815234, 46.215625], [74.793848, 46.130273], [74.771387, 46.107812], [74.599219, 46.022217], [74.549902, 46.005908], [74.369922, 46.020068], [74.278027, 46.004053], [74.258203, 45.976709], [74.253125, 45.94165], [74.30332, 45.789795], [74.289258, 45.764697], [74.250781, 45.761035], [74.242871, 45.75166], [74.245313, 45.739502], [74.310938, 45.695459], [74.312695, 45.670947], [74.289453, 45.650635], [74.230762, 45.615332], [74.100586, 45.536865], [74.089355, 45.509082], [74.082813, 45.352051], [74.086523, 45.343506], [74.12832, 45.336865], [74.150977, 45.317285], [74.155664, 45.270557], [74.143359, 45.10293], [74.135645, 45.070166], [74.100977, 45.058594], [74.094238, 45.040088], [74.119531, 44.999707], [74.1, 44.988916], [74.056055, 44.994434], [74.017188, 45.012939], [74.00957, 45.033789], [74.015625, 45.056494], [73.993359, 45.112354], [74.007715, 45.146533], [73.999316, 45.188721], [73.980664, 45.204199], [73.876758, 45.239258], [73.839746, 45.263867], [73.662695, 45.435645], [73.614746, 45.51333], [73.465234, 45.582471], [73.436719, 45.609473], [73.443652, 45.657031], [73.494336, 45.686572], [73.531836, 45.73418], [73.518848, 45.763037], [73.451074, 45.77959], [73.440039, 45.805859], [73.463477, 45.82627], [73.488281, 45.831104], [73.559863, 45.816357], [73.63252, 45.906738], [73.715137, 45.98252], [73.737109, 46.012744], [73.662695, 46.062354], [73.654004, 46.092676], [73.645508, 46.15], [73.679297, 46.183057], [73.751953, 46.202637], [73.774902, 46.206494], [73.829395, 46.185107], [73.897559, 46.207861], [73.981836, 46.186377], [74.020703, 46.204883], [74.026953, 46.222461], [73.949512, 46.288379], [74.023242, 46.369336], [74.094336, 46.427832], [74.279785, 46.470215], [74.374609, 46.518018], [74.42998, 46.578271], [74.524219, 46.622949], [74.553125, 46.690234], [74.625391, 46.7521], [74.804297, 46.780566], [74.939355, 46.816797], [74.974023, 46.814062], [75.088672, 46.813623], [75.162695, 46.774561], [75.200586, 46.758789], [75.338477, 46.729932], [75.426758, 46.7375], [75.825879, 46.818066], [75.950586, 46.795117], [76.203125, 46.780029], [76.297656, 46.752881], [76.335938, 46.728613], [76.405176, 46.662256], [76.450488, 46.640723], [76.496289, 46.635547], [76.6, 46.6646], [76.668359, 46.673389], [76.699609, 46.66748], [76.793066, 46.630664], [76.859277, 46.643848], [77.082422, 46.624609], [77.174805, 46.555957], [77.226367, 46.566699], [77.266016, 46.611377], [77.370313, 46.622754], [77.601562, 46.640039], [77.644727, 46.656055], [77.690039, 46.658643], [77.859961, 46.647852], [78.136328, 46.594922], [78.169336, 46.580176], [78.29707, 46.468555], [78.324316, 46.482227], [78.347852, 46.512061], [78.358789, 46.623437], [78.367773, 46.64292], [78.39707, 46.657666], [78.433203, 46.65249], [78.451953, 46.618066], [78.476465, 46.624609], [78.503906, 46.664697], [78.551367, 46.707373], [78.580566, 46.723096], [78.630273, 46.746973], [78.760938, 46.723828], [78.783887, 46.734912], [78.787305, 46.75498], [78.793066, 46.780029], [78.822949, 46.794824], [78.868164, 46.79873], [78.92959, 46.78833], [78.99082, 46.748633], [79.018848, 46.768457]]]}}, {"type": "Feature", "properties": {"scalerank": 2, "featurecla": "Alkaline Lake", "name": "Syvash", "name_alt": null, "note": null, "admin": null, "namepar": null, "min_zoom": 2, "min_label": 3.7, "name_abb": "Syvash", "label": "Syvash", "wikidataid": "Q1130771", "name_ar": "سيفاش", "name_bn": "সিভ্যাশ", "name_de": "Sywasch", "name_en": "Syvash", "name_es": "Mar de Syvach", "name_fr": "Syvach", "name_el": "Σιβάς", "name_hi": "सिवाशो", "name_hu": "Syvash", "name_id": "Syvash", "name_it": "Sivaš", "name_ja": "腐海", "name_ko": "시바시", "name_nl": "Sivash", "name_pl": "Siwasz", "name_pt": "Sivash", "name_ru": "Сиваш", "name_sv": "Syvasj", "name_tr": "Sivaş", "name_vi": "Hồ Syvash", "name_zh": "锡瓦什湖", "ne_id": 1159126643, "name_fa": "سیواش", "name_he": "אגם סיואש", "name_uk": "Сиваш", "name_ur": "سیواش", "name_zht": "錫瓦什湖"}, "geometry": {"type": "Polygon", "coordinates": [[[35.276367, 45.302148], [35.089453, 45.357861], [35.061914, 45.378711], [35.042578, 45.40249], [35.040234, 45.428516], [35.080273, 45.499316], [35.05166, 45.565137], [35.024219, 45.603857], [35.000293, 45.630713], [34.882031, 45.687305], [34.833887, 45.724561], [34.762305, 45.742969], [34.742676, 45.786475], [34.683008, 45.803613], [34.67627, 45.819141], [34.644922, 45.837451], [34.495215, 45.785303], [34.495117, 45.802832], [34.618262, 45.914844], [34.619238, 45.934961], [34.607617, 45.943799], [34.567773, 45.952393], [34.525195, 45.906543], [34.49668, 45.899219], [34.459766, 45.91709], [34.411719, 45.889795], [34.390039, 45.887891], [34.37998, 45.901318], [34.387891, 45.950391], [34.381836, 45.979199], [34.3625, 46.000342], [34.271484, 46.026855], [34.226953, 46.021436], [34.189746, 46.02959], [34.181934, 46.016064], [34.187109, 45.976562], [34.186621, 45.95625], [34.164453, 45.944385], [34.140332, 45.962598], [34.132812, 46.009717], [34.121484, 46.02583], [34.072363, 46.059277], [33.99834, 46.072266], [33.977734, 46.051807], [33.960156, 46.040039], [33.924316, 46.039111], [33.885059, 46.059912], [33.831348, 46.143408], [33.815234, 46.142334], [33.770508, 46.133301], [33.707617, 46.181787], [33.696191, 46.200293], [33.703906, 46.214844], [33.728027, 46.228125], [33.778125, 46.233984], [33.848242, 46.230713], [33.922266, 46.21333], [34.02959, 46.157324], [34.077637, 46.141504], [34.106836, 46.144336], [34.10332, 46.182178], [34.111719, 46.192773], [34.12959, 46.190186], [34.147168, 46.191357], [34.16377, 46.20293], [34.158008, 46.248486], [34.158594, 46.266602], [34.174609, 46.266016], [34.236426, 46.213867], [34.269531, 46.191357], [34.297656, 46.181396], [34.311523, 46.180078], [34.328613, 46.189795], [34.544238, 46.161182], [34.554883, 46.137793], [34.548242, 46.114893], [34.49248, 46.11333], [34.469141, 46.101123], [34.428516, 46.022363], [34.443359, 45.998828], [34.478711, 45.983252], [34.523242, 45.988135], [34.588477, 46.020703], [34.640234, 46.153027], [34.666699, 46.173486], [34.716406, 46.164648], [34.753711, 46.13125], [34.75459, 46.112695], [34.717676, 46.090479], [34.712891, 46.052832], [34.739844, 46.034961], [34.788867, 46.024463], [34.816211, 45.959473], [34.84043, 45.842969], [34.908984, 45.792627], [35.031836, 45.638184], [35.182031, 45.472217], [35.3, 45.36377], [35.426172, 45.294971], [35.439063, 45.275439], [35.399023, 45.255371], [35.276367, 45.302148]]]}}, {"type": "Feature", "properties": {"scalerank": 2, "featurecla": "Lake", "name": "Lake Saimaa", "name_alt": null, "note": null, "admin": null, "namepar": null, "min_zoom": 2, "min_label": 3.7, "name_abb": "L.  Saimaa", "label": "Lake Saimaa", "wikidataid": "Q192770", "name_ar": "سايما", "name_bn": "লেক সাইমা", "name_de": "Saimaa", "name_en": "Saimaa", "name_es": "Saimaa", "name_fr": "Saimaa", "name_el": "Σάιμαα", "name_hi": "साइमा झील", "name_hu": "Saimaa", "name_id": "Saimaa", "name_it": "Saimaa", "name_ja": "サイマー湖", "name_ko": "사이마호", "name_nl": "Saimaameer", "name_pl": "Saimaa", "name_pt": "Saimaa", "name_ru": "Сайма", "name_sv": "Saimen", "name_tr": "Saimaa", "name_vi": "Saimaa", "name_zh": "塞马湖", "ne_id": 1159113295, "name_fa": "دریاچه سایما", "name_he": "סאימה", "name_uk": "Саїмаа", "name_ur": "سائی ما", "name_zht": "塞馬湖"}, "geometry": {"type": "Polygon", "coordinates": [[[29.49209, 62.088867], [29.469727, 62.07998], [29.492188, 62.045752], [29.552441, 62.002832], [29.614844, 61.983057], [29.638086, 62.004541], [29.685449, 62.003711], [29.756543, 61.949463], [29.775391, 61.906445], [29.776953, 61.889404], [29.732617, 61.874072], [29.727051, 61.847949], [29.694336, 61.834277], [29.660059, 61.826074], [29.609863, 61.802051], [29.531055, 61.778174], [29.476758, 61.742139], [29.426172, 61.734375], [29.289941, 61.648682], [29.265723, 61.614844], [29.115137, 61.600195], [29.098438, 61.578369], [28.941016, 61.625781], [28.730176, 61.67124], [28.629102, 61.641553], [28.608398, 61.617383], [28.760449, 61.609912], [28.789648, 61.589941], [28.722461, 61.580664], [28.679883, 61.558105], [28.679492, 61.524365], [28.692871, 61.483887], [28.645508, 61.476172], [28.582227, 61.472998], [28.567969, 61.441211], [28.463672, 61.399268], [28.40625, 61.37002], [28.345117, 61.349365], [28.35957, 61.331348], [28.476953, 61.33208], [28.64082, 61.351562], [28.662598, 61.367773], [28.71416, 61.351758], [28.82041, 61.297314], [28.866992, 61.247314], [28.787891, 61.20415], [28.609961, 61.161572], [28.358789, 61.093359], [28.291602, 61.07998], [27.9875, 61.079736], [27.946777, 61.067676], [27.918652, 61.080322], [27.891895, 61.114063], [27.881641, 61.157227], [27.965527, 61.188037], [28.082422, 61.178516], [28.172363, 61.152881], [28.197363, 61.163428], [28.17373, 61.188135], [28.072461, 61.233154], [27.861914, 61.252295], [27.677539, 61.232324], [27.625293, 61.213916], [27.519336, 61.22959], [27.40625, 61.259473], [27.432422, 61.270117], [27.435352, 61.295508], [27.367969, 61.325977], [27.302832, 61.329395], [27.270313, 61.324268], [27.264551, 61.378711], [27.300586, 61.43335], [27.27373, 61.468115], [27.297754, 61.483643], [27.296094, 61.557031], [27.27627, 61.65293], [27.329199, 61.692627], [27.327441, 61.631787], [27.33916, 61.596729], [27.358984, 61.530566], [27.45918, 61.523486], [27.476367, 61.538818], [27.472461, 61.549902], [27.470898, 61.599414], [27.487988, 61.618213], [27.49873, 61.6], [27.515039, 61.5771], [27.593164, 61.581348], [27.664648, 61.606836], [27.678125, 61.636377], [27.75752, 61.65625], [27.773047, 61.685254], [27.705078, 61.730664], [27.622559, 61.76416], [27.604785, 61.780811], [27.626367, 61.800977], [27.816309, 61.727881], [27.86582, 61.696436], [27.917773, 61.657031], [27.920996, 61.626855], [27.945996, 61.601367], [27.999609, 61.549316], [28.053809, 61.510547], [28.103906, 61.522412], [28.128906, 61.548975], [28.147266, 61.550732], [28.18457, 61.543945], [28.234375, 61.621289], [28.247949, 61.715625], [28.261719, 61.744482], [28.305566, 61.755518], [28.339355, 61.749268], [28.36875, 61.750781], [28.44209, 61.76792], [28.539062, 61.840869], [28.672168, 61.825586], [28.806738, 61.827783], [28.839746, 61.846289], [28.838379, 61.863477], [28.737109, 61.891016], [28.696973, 61.920703], [28.579199, 61.992773], [28.426855, 62.052441], [28.402832, 62.069141], [28.29668, 62.096777], [28.168164, 62.096094], [28.08623, 62.100439], [28.031934, 62.10835], [27.925684, 62.13335], [27.899219, 62.157227], [27.902441, 62.244482], [27.884863, 62.306104], [27.876563, 62.329248], [27.852051, 62.353955], [27.844043, 62.375635], [27.799609, 62.429395], [27.755371, 62.428613], [27.678906, 62.411963], [27.596875, 62.417822], [27.546973, 62.411963], [27.489453, 62.443066], [27.459082, 62.479443], [27.419434, 62.496094], [27.366602, 62.482324], [27.297168, 62.476758], [27.23584, 62.507227], [27.177734, 62.553418], [27.158887, 62.577295], [27.191113, 62.571777], [27.29541, 62.518018], [27.339453, 62.519141], [27.352051, 62.543555], [27.372754, 62.562402], [27.398047, 62.575684], [27.6, 62.494141], [27.64668, 62.498437], [27.669922, 62.512842], [27.669043, 62.528467], [27.608008, 62.600781], [27.618555, 62.709814], [27.64834, 62.734961], [27.666211, 62.759521], [27.649512, 62.815967], [27.666797, 62.873828], [27.683789, 62.911572], [27.651953, 62.924707], [27.621484, 62.916016], [27.5875, 62.899658], [27.563672, 62.877344], [27.559863, 62.850684], [27.494141, 62.863086], [27.414648, 62.901562], [27.391211, 62.940527], [27.330078, 63.001318], [27.176074, 63.083594], [27.194824, 63.099316], [27.206836, 63.121631], [27.193164, 63.169385], [27.196582, 63.229248], [27.193164, 63.289307], [27.213477, 63.309082], [27.246484, 63.308398], [27.239258, 63.332031], [27.190234, 63.387549], [27.174805, 63.438477], [27.134766, 63.496143], [27.067969, 63.523193], [27.038184, 63.516602], [27.020313, 63.501025], [26.958887, 63.524268], [26.899414, 63.566016], [26.898633, 63.583984], [27.112793, 63.546289], [27.183008, 63.517871], [27.233789, 63.456543], [27.234375, 63.4271], [27.210547, 63.41665], [27.250195, 63.376172], [27.296973, 63.355713], [27.338184, 63.346045], [27.362793, 63.31582], [27.346973, 63.279395], [27.337305, 63.21333], [27.263867, 63.145654], [27.358496, 63.06792], [27.439648, 63.023438], [27.558789, 63.001221], [27.605273, 63.014648], [27.676563, 62.979395], [27.722754, 62.954346], [27.769727, 62.945605], [27.774023, 62.995703], [27.736035, 63.058545], [27.767383, 63.099854], [27.809766, 63.092285], [27.848438, 63.070703], [27.851074, 63.03208], [27.888184, 63.018896], [28.005566, 63.040332], [28.106445, 63.008936], [28.279199, 63.031396], [28.351953, 63.039746], [28.349707, 63.02583], [28.308398, 63.00293], [28.262305, 62.983594], [28.192188, 62.963525], [28.154492, 62.932959], [28.186816, 62.857373], [28.143945, 62.825244], [28.149414, 62.803711], [28.180664, 62.771777], [28.211328, 62.730029], [28.238867, 62.705957], [28.268262, 62.689209], [28.264355, 62.662793], [28.653125, 62.527246], [28.799023, 62.455762], [28.898047, 62.390332], [28.809766, 62.381738], [28.659277, 62.419971], [28.528906, 62.474121], [28.496484, 62.501416], [28.565137, 62.498584], [28.555371, 62.522607], [28.481738, 62.555176], [28.424219, 62.575293], [28.36709, 62.587109], [28.340039, 62.577148], [28.274316, 62.565186], [28.211426, 62.507764], [28.190918, 62.447607], [28.169336, 62.433691], [28.102637, 62.441895], [28.105664, 62.475977], [28.138379, 62.538086], [28.056738, 62.690381], [27.979395, 62.732129], [27.849316, 62.719385], [27.765625, 62.679541], [27.755078, 62.652393], [27.801465, 62.627393], [27.758105, 62.583154], [27.845801, 62.523633], [27.91543, 62.430273], [28.039648, 62.408887], [28.041992, 62.378857], [27.991113, 62.337354], [27.962598, 62.297852], [27.97002, 62.258887], [28.067285, 62.24375], [28.143945, 62.25249], [28.276465, 62.256152], [28.277148, 62.276074], [28.32373, 62.287305], [28.35791, 62.269727], [28.40625, 62.236963], [28.505957, 62.219873], [28.56582, 62.221582], [28.608496, 62.278906], [28.629883, 62.294336], [28.670313, 62.305859], [28.699023, 62.328467], [28.667578, 62.368018], [28.66582, 62.386963], [28.692578, 62.383301], [28.765039, 62.348438], [28.835059, 62.26748], [28.87041, 62.23501], [28.852246, 62.212402], [28.837305, 62.1854], [28.786328, 62.177246], [28.825781, 62.134131], [28.975781, 62.142432], [29.139355, 62.169189], [29.197852, 62.177148], [29.330469, 62.16582], [29.345313, 62.185889], [29.352734, 62.218555], [29.319043, 62.242383], [29.298438, 62.274805], [29.298438, 62.312695], [29.278027, 62.348877], [29.264551, 62.393555], [29.29668, 62.42627], [29.3, 62.47583], [29.261328, 62.55083], [29.279199, 62.59873], [29.33457, 62.600293], [29.351758, 62.570557], [29.363867, 62.530371], [29.421582, 62.522559], [29.508887, 62.466992], [29.626465, 62.418506], [29.650293, 62.427441], [29.611719, 62.461768], [29.588867, 62.500293], [29.592871, 62.526758], [29.616309, 62.559375], [29.632715, 62.597168], [29.697266, 62.609326], [29.775684, 62.577295], [29.825, 62.518115], [29.885352, 62.462744], [29.926172, 62.433594], [29.834961, 62.388721], [29.801855, 62.361768], [29.792578, 62.334766], [29.768457, 62.312988], [29.687598, 62.315869], [29.640625, 62.309912], [29.620215, 62.294287], [29.599023, 62.269775], [29.647852, 62.223389], [29.727441, 62.199316], [29.790723, 62.199512], [29.87373, 62.185059], [29.960449, 62.16377], [29.981543, 62.132812], [29.911133, 62.115186], [29.708301, 62.151074], [29.687598, 62.138037], [29.606641, 62.144775], [29.517773, 62.123096], [29.49209, 62.088867]], [[27.841992, 62.911035], [27.886328, 62.834424], [28.010742, 62.775293], [28.071582, 62.745752], [28.108789, 62.755127], [28.108789, 62.787793], [28.099414, 62.851562], [28.074805, 62.935156], [28.062109, 62.975977], [27.990625, 62.977539], [27.985938, 62.977246], [27.903418, 62.972852], [27.849414, 62.951416], [27.841992, 62.911035]], [[27.676563, 61.310352], [27.658594, 61.354639], [27.628711, 61.383398], [27.555664, 61.396582], [27.508887, 61.408545], [27.417871, 61.437305], [27.360352, 61.421729], [27.328027, 61.400195], [27.367578, 61.369043], [27.475391, 61.315137], [27.587891, 61.266309], [27.637109, 61.273193], [27.676563, 61.310352]], [[27.968848, 61.503174], [27.946289, 61.52749], [27.923242, 61.525928], [27.858594, 61.51875], [27.793945, 61.537891], [27.731641, 61.547461], [27.712207, 61.533789], [27.700488, 61.487598], [27.66582, 61.482812], [27.590332, 61.486426], [27.548438, 61.491211], [27.519629, 61.485205], [27.563965, 61.456445], [27.662207, 61.434912], [27.712207, 61.402783], [27.749609, 61.401367], [27.797559, 61.404932], [27.913672, 61.44209], [27.959277, 61.48042], [27.968848, 61.503174]], [[28.444922, 61.515674], [28.45918, 61.558447], [28.493457, 61.60166], [28.536426, 61.621533], [28.51543, 61.698682], [28.475586, 61.7229], [28.387598, 61.711914], [28.328125, 61.729541], [28.277344, 61.709668], [28.280664, 61.664502], [28.286133, 61.622607], [28.308203, 61.581836], [28.242578, 61.539062], [28.239844, 61.523389], [28.255273, 61.496924], [28.24541, 61.472705], [28.225586, 61.44292], [28.240137, 61.394238], [28.307031, 61.407617], [28.416211, 61.416455], [28.494531, 61.444043], [28.495605, 61.478174], [28.444922, 61.515674]], [[29.442188, 62.037695], [29.363184, 62.104639], [29.322266, 62.12959], [29.232031, 62.126074], [29.186523, 62.12207], [29.102441, 62.117725], [29.019141, 62.124756], [28.938867, 62.104639], [28.809082, 62.081934], [28.70332, 62.081934], [28.691211, 62.036426], [28.714063, 61.994922], [28.827734, 61.962793], [28.944238, 61.873145], [28.989746, 61.802148], [29.136914, 61.775391], [29.25459, 61.807471], [29.309277, 61.869531], [29.327051, 61.944043], [29.341797, 61.970801], [29.40332, 61.974854], [29.444824, 61.948096], [29.474219, 61.950732], [29.476953, 61.966797], [29.442188, 62.037695]]]}}, {"type": "Feature", "properties": {"scalerank": 3, "featurecla": "Lake", "name": "Lake Zaysan", "name_alt": null, "note": null, "admin": null, "namepar": null, "min_zoom": 3, "min_label": 4, "name_abb": "L. Zaysan", "label": "Lake Zaysan", "wikidataid": "Q216621", "name_ar": "بحيرة زيسان", "name_bn": "লেক জেসান", "name_de": "Saissansee", "name_en": "Zaysan", "name_es": "Zaysan", "name_fr": "Zaïssan", "name_el": "Λίμνη Ζαϊσάν", "name_hi": "ज़ायसान झील", "name_hu": "Zaysan-tó", "name_id": "Zaysan", "name_it": "Zajsan", "name_ja": "ザイサン湖", "name_ko": "자이산호", "name_nl": "Zaysanmeer", "name_pl": "Zajsan", "name_pt": "Zaysan", "name_ru": "Зайсан", "name_sv": "Zajsan", "name_tr": "Zaysan", "name_vi": "Zaysan", "name_zh": "斋桑泊", "ne_id": 1159123091, "name_fa": "دریاچه زایسان", "name_he": "אגם זייסאן", "name_uk": "Зайсан", "name_ur": "جھیل زیسان", "name_zht": "齋桑泊"}, "geometry": {"type": "Polygon", "coordinates": [[[84.42666, 47.856885], [84.394336, 47.816162], [84.356836, 47.732129], [84.295996, 47.699121], [84.241797, 47.706445], [83.994336, 47.843262], [83.765625, 47.951172], [83.624609, 48.012793], [83.444531, 48.048828], [83.258984, 48.094629], [83.082617, 48.178223], [83.026758, 48.211865], [83.038574, 48.249609], [83.182129, 48.249365], [83.275098, 48.261328], [83.435254, 48.269971], [83.497559, 48.304541], [83.532617, 48.375146], [83.460742, 48.432275], [83.392188, 48.499854], [83.387012, 48.554004], [83.417383, 48.597461], [83.422656, 48.743213], [83.471191, 48.858203], [83.589453, 48.962402], [83.747266, 49.039258], [83.87168, 49.062695], [84.036133, 49.110596], [84.120605, 49.159082], [84.099805, 49.238037], [83.972461, 49.328809], [83.848535, 49.41709], [83.724414, 49.439551], [83.660352, 49.44292], [83.608008, 49.48623], [83.538965, 49.531885], [83.478906, 49.538232], [83.426465, 49.573389], [83.364844, 49.626074], [83.363672, 49.643848], [83.391211, 49.652393], [83.608203, 49.60625], [83.739844, 49.630957], [83.889844, 49.72041], [83.963574, 49.726367], [83.96123, 49.702637], [83.818262, 49.633643], [83.79668, 49.597119], [83.756543, 49.564355], [83.729492, 49.535205], [83.823145, 49.483936], [84.287793, 49.237695], [84.360645, 49.160547], [84.328613, 49.124854], [84.149023, 49.086035], [83.864062, 48.994385], [83.776758, 48.975391], [83.60918, 48.9104], [83.514063, 48.81333], [83.486914, 48.718262], [83.516797, 48.616846], [83.613379, 48.437256], [83.773926, 48.410449], [83.919434, 48.397217], [83.907129, 48.373535], [83.681934, 48.353418], [83.596191, 48.303027], [83.58125, 48.26748], [83.633594, 48.241504], [83.740039, 48.197656], [83.880664, 48.151904], [84.051465, 48.083496], [84.16709, 48.055957], [84.333887, 48.023096], [84.468359, 47.969385], [84.515625, 47.929883], [84.42666, 47.856885]]]}}, {"type": "Feature", "properties": {"scalerank": 3, "featurecla": "Lake", "name": "Päijänne", "name_alt": null, "note": null, "admin": null, "namepar": null, "min_zoom": 3, "min_label": 4, "name_abb": "Päijänne", "label": "Päijänne", "wikidataid": "Q213769", "name_ar": "باياني", "name_bn": "পাইজান্নে", "name_de": "Päijänne", "name_en": "Päijänne", "name_es": "Päijänne", "name_fr": "Päijänne", "name_el": "Λίμνη Πάγιαννε", "name_hi": "पेजेन्ने", "name_hu": "Päijänne", "name_id": "Päijänne", "name_it": "Päijänne", "name_ja": "パイエンネ湖", "name_ko": "파이옌느", "name_nl": "Päijänne", "name_pl": "Päijänne", "name_pt": "Päijänne", "name_ru": "Пяййянне", "name_sv": "Päijänne", "name_tr": "Päijänne", "name_vi": "Hồ Päijänne", "name_zh": "派延奈湖", "ne_id": 1159113395, "name_fa": "دریاچه پایجانی", "name_he": "אגם פאאיאנה", "name_uk": "Пяйянне", "name_ur": "پائیجانے", "name_zht": "派延奈湖"}, "geometry": {"type": "Polygon", "coordinates": [[[26.986328, 62.857666], [27.092285, 62.84248], [27.084277, 62.833008], [27.017969, 62.831934], [27.018359, 62.800098], [26.957129, 62.794189], [26.880078, 62.795898], [26.91582, 62.744385], [26.982617, 62.686377], [26.952148, 62.652393], [26.99873, 62.613428], [26.983691, 62.603174], [26.895703, 62.623975], [26.852637, 62.605615], [26.818652, 62.563818], [26.825293, 62.526416], [26.850977, 62.497412], [26.886328, 62.495361], [26.930078, 62.481885], [26.908984, 62.456348], [26.77832, 62.478857], [26.735547, 62.494434], [26.724219, 62.553418], [26.690234, 62.595508], [26.662305, 62.582764], [26.665234, 62.550928], [26.629395, 62.479053], [26.580469, 62.412061], [26.500098, 62.391455], [26.425977, 62.365918], [26.431641, 62.329199], [26.419922, 62.317676], [26.379395, 62.345947], [26.384277, 62.380859], [26.407031, 62.418262], [26.46543, 62.427002], [26.507617, 62.424463], [26.510254, 62.452783], [26.557715, 62.490039], [26.526465, 62.538916], [26.382812, 62.566504], [26.273438, 62.551025], [26.23877, 62.521973], [26.238086, 62.481299], [26.254297, 62.437451], [26.288086, 62.406592], [26.312305, 62.367627], [26.276953, 62.339941], [26.172656, 62.35835], [26.127734, 62.328955], [26.128223, 62.279834], [26.089453, 62.29502], [26.049609, 62.347559], [25.99209, 62.37251], [25.955957, 62.355518], [25.978516, 62.311133], [26.002344, 62.276855], [25.974219, 62.253564], [25.945898, 62.210059], [25.951172, 62.144629], [25.922656, 62.148877], [25.898242, 62.199512], [25.87627, 62.205566], [25.826465, 62.148193], [25.820996, 62.07207], [25.87832, 62.020996], [25.85791, 62.001416], [25.789746, 61.992285], [25.774219, 61.966602], [25.70332, 61.96416], [25.64082, 61.950244], [25.632422, 61.916162], [25.651465, 61.903223], [25.700977, 61.885156], [25.682031, 61.868945], [25.615137, 61.841602], [25.588281, 61.792969], [25.62168, 61.773535], [25.68291, 61.801807], [25.721484, 61.812744], [25.723047, 61.778467], [25.680371, 61.711914], [25.682031, 61.637939], [25.705664, 61.600977], [25.62998, 61.6021], [25.585742, 61.591113], [25.582617, 61.540576], [25.573242, 61.494434], [25.640918, 61.466797], [25.606641, 61.44209], [25.543164, 61.422949], [25.557031, 61.392529], [25.547266, 61.334961], [25.580273, 61.307812], [25.759277, 61.278467], [25.977441, 61.255029], [26.0125, 61.234912], [26.027148, 61.211865], [26.081543, 61.195508], [26.118164, 61.210547], [26.105664, 61.245605], [26.1625, 61.3104], [26.275098, 61.374121], [26.278418, 61.360303], [26.237891, 61.316699], [26.25498, 61.284473], [26.256934, 61.247266], [26.233691, 61.242041], [26.211914, 61.263379], [26.172559, 61.271094], [26.147852, 61.256152], [26.175391, 61.218115], [26.196973, 61.175098], [26.184277, 61.147803], [26.241113, 61.10166], [26.216211, 61.080762], [26.178418, 61.059229], [26.175293, 61.040918], [26.150098, 61.003027], [26.095117, 60.963818], [26.025293, 60.961426], [26.070703, 61.003906], [26.101758, 61.101318], [26.026172, 61.169727], [25.96084, 61.190186], [25.9125, 61.183545], [25.870996, 61.168408], [25.7875, 61.215137], [25.670313, 61.272705], [25.621484, 61.262793], [25.645313, 61.23501], [25.656641, 61.205859], [25.582617, 61.166455], [25.531445, 61.114941], [25.563867, 61.079541], [25.603223, 61.054785], [25.591797, 61.023877], [25.54873, 61.026562], [25.518164, 61.061719], [25.480078, 61.087744], [25.454004, 61.072754], [25.405371, 61.058447], [25.355566, 61.075586], [25.397461, 61.115918], [25.458984, 61.15625], [25.499512, 61.228906], [25.46543, 61.280371], [25.441797, 61.27251], [25.430762, 61.25], [25.405957, 61.250635], [25.393555, 61.283887], [25.355566, 61.314551], [25.302539, 61.333691], [25.270508, 61.352246], [25.25459, 61.366162], [25.262891, 61.388232], [25.193848, 61.474512], [25.187891, 61.531787], [25.232617, 61.545996], [25.269922, 61.568262], [25.338477, 61.580371], [25.398145, 61.583789], [25.418164, 61.625928], [25.403027, 61.669971], [25.357617, 61.697168], [25.228027, 61.759375], [25.209277, 61.793652], [25.237305, 61.796191], [25.30625, 61.777197], [25.388672, 61.793506], [25.443555, 61.844092], [25.392969, 61.87168], [25.313867, 61.877832], [25.31748, 61.902002], [25.423438, 61.920654], [25.510352, 61.930713], [25.506152, 61.949902], [25.542773, 61.98916], [25.624512, 62.005273], [25.671484, 62.058789], [25.585547, 62.10127], [25.498438, 62.111182], [25.47207, 62.142139], [25.549512, 62.142676], [25.667871, 62.135596], [25.712891, 62.16167], [25.716406, 62.194238], [25.735254, 62.219189], [25.760742, 62.23457], [25.824023, 62.252002], [25.881152, 62.291748], [25.907129, 62.32998], [25.922461, 62.3854], [25.89707, 62.440771], [25.864648, 62.442871], [25.840527, 62.433008], [25.825, 62.44834], [25.814844, 62.49126], [25.763184, 62.534229], [25.689551, 62.542773], [25.64375, 62.589062], [25.632227, 62.627441], [25.781055, 62.651514], [25.794922, 62.704736], [25.827051, 62.725049], [25.893652, 62.71958], [25.887695, 62.756055], [25.831152, 62.783008], [25.818359, 62.794141], [25.856641, 62.825049], [25.86582, 62.874902], [25.934082, 62.912598], [25.870313, 62.986816], [25.832324, 63.013525], [25.737402, 63.045557], [25.61748, 63.070703], [25.541016, 63.030127], [25.52207, 62.966113], [25.49541, 62.957275], [25.436328, 62.974512], [25.367871, 63.006836], [25.383887, 63.027588], [25.444238, 63.052002], [25.448535, 63.097949], [25.440332, 63.128271], [25.505371, 63.145361], [25.58877, 63.210645], [25.622852, 63.215771], [25.621484, 63.182031], [25.68125, 63.137451], [25.791992, 63.091504], [25.82168, 63.103467], [25.836816, 63.129834], [25.903418, 63.110742], [25.932422, 63.082178], [25.990918, 63.042578], [26.083594, 62.993457], [26.079004, 62.981396], [26.015234, 62.990967], [26.014063, 62.971924], [26.077148, 62.929736], [26.219727, 62.854053], [26.364063, 62.767578], [26.370703, 62.725488], [26.302051, 62.728906], [26.203223, 62.780762], [26.103223, 62.826416], [26.066602, 62.819238], [26.0375, 62.796436], [26.012891, 62.751562], [26.006836, 62.709668], [25.979688, 62.706152], [26.02041, 62.665479], [26.029297, 62.632031], [25.912891, 62.647949], [25.820508, 62.61333], [25.833887, 62.534961], [25.938086, 62.462256], [26.024414, 62.476758], [26.05625, 62.521045], [26.096289, 62.518848], [26.10293, 62.488184], [26.069141, 62.453613], [26.083789, 62.420801], [26.160059, 62.388281], [26.184961, 62.460352], [26.178125, 62.550293], [26.216797, 62.572217], [26.342285, 62.607812], [26.358984, 62.633301], [26.450977, 62.633203], [26.469043, 62.703809], [26.387109, 62.789258], [26.357617, 62.82627], [26.359473, 62.853564], [26.446582, 62.796924], [26.502344, 62.749951], [26.562891, 62.706348], [26.69043, 62.636523], [26.785449, 62.608691], [26.813184, 62.623291], [26.826758, 62.658643], [26.821875, 62.697266], [26.75, 62.742383], [26.689063, 62.787207], [26.670703, 62.816895], [26.594922, 62.871777], [26.568359, 62.9], [26.589746, 62.900879], [26.680176, 62.846045], [26.730176, 62.835889], [26.743359, 62.865625], [26.713281, 62.928955], [26.729102, 62.957129], [26.761523, 62.958984], [26.765039, 62.97959], [26.916699, 63.006592], [26.996484, 63.030811], [27.033496, 63.019434], [26.97793, 62.998389], [26.93125, 62.940771], [26.947656, 62.915625], [26.929883, 62.912744], [26.894141, 62.916846], [26.888672, 62.89458], [26.927246, 62.85874], [26.949902, 62.85166], [26.986328, 62.857666]]]}}, {"type": "Feature", "properties": {"scalerank": 3, "featurecla": "Lake", "name": "Lake Srednye Kuyto", "name_alt": null, "note": null, "admin": null, "namepar": null, "min_zoom": 3, "min_label": 4, "name_abb": "L.  Srednye Kuyto", "label": "Lake Srednye Kuyto", "wikidataid": "Q1894057", "name_ar": "بحيرة سريدني كويتو", "name_bn": "লেক স্রেদন্যে কুইটো", "name_de": "Sredneje Kuito", "name_en": "Srednee Kuyto", "name_es": "Lago Srednye Kuyto", "name_fr": "Lake Srednye Kuyto", "name_el": "Λίμνη Σρέντνιγε Κουγτο", "name_hi": "श्रेडनी कुयतो झील", "name_hu": "Srednye Kuyto-tó", "name_id": "Danau Srednye Kuyto", "name_it": "Lake Srednye Kuyto", "name_ja": "スレドニ・カイト湖", "name_ko": "레이크 스레드니예 쿠이토", "name_nl": "Srednee Koeyto", "name_pl": "Sriednieje Kujto", "name_pt": "Lago Sredneye Kuyto", "name_ru": "Среднее Куйто", "name_sv": "Srednye Kuyto", "name_tr": "Srednye Kuyto Gölü", "name_vi": "Hồ Srednye Kuyto", "name_zh": "中库伊托湖", "ne_id": 1159113481, "name_fa": "دریاچه سردنی کویتو", "name_he": "אגם סרדניה קויטו", "name_uk": "озеро Середнє Куіто", "name_ur": "جھیل سریڈائن کوئٹو", "name_zht": "中庫伊托湖"}, "geometry": {"type": "Polygon", "coordinates": [[[30.397461, 65.15874], [30.466895, 65.124023], [30.645898, 65.073828], [30.803516, 65.104639], [30.90293, 65.121777], [30.929883, 65.157178], [30.974316, 65.182812], [31.345605, 65.181152], [31.576465, 65.137402], [31.615625, 65.11167], [31.628125, 65.064795], [31.660742, 65.031641], [31.829102, 64.959814], [31.94209, 64.896924], [31.95459, 64.863721], [31.905469, 64.879785], [31.752148, 64.934619], [31.663867, 64.944678], [31.54541, 65.002539], [31.509668, 65.039746], [31.510156, 65.066602], [31.481836, 65.096191], [31.37334, 65.115674], [31.245605, 65.116553], [31.191406, 65.101953], [31.180859, 65.078076], [31.129492, 65.077734], [31.019336, 65.092187], [30.985547, 65.082373], [30.906055, 65.073975], [30.839453, 65.043115], [30.813867, 64.982324], [30.742676, 64.943604], [30.661133, 64.939648], [30.54043, 64.931494], [30.555664, 64.949561], [30.605859, 64.977197], [30.720898, 64.994727], [30.709082, 65.020898], [30.533105, 65.063477], [30.403711, 65.112451], [30.361914, 65.148877], [30.397461, 65.15874]]]}}, {"type": "Feature", "properties": {"scalerank": 4, "featurecla": "Reservoir", "name": "Kakhovka Reservoir", "name_alt": null, "note": null, "admin": null, "namepar": null, "min_zoom": 4, "min_label": 5, "name_abb": "Kakhovka Res.", "label": "Kakhovka Reservoir", "wikidataid": "Q1540436", "name_ar": "خزان كاخوفكا", "name_bn": "কাখোভকা রিজার্ভার", "name_de": "Kachowkaer Stausee", "name_en": "Kakhovka", "name_es": "Kajovka", "name_fr": "Kakhovka", "name_el": "Τεχνητή Λίμνη Κάκοβα", "name_hi": "कखोवका जलाशय", "name_hu": "Kakhovka-víztározó", "name_id": "Reservoir Kakhovka", "name_it": "Serbatoio di Kachovka", "name_ja": "カホフカ貯水池", "name_ko": "카호브카 저수지", "name_nl": "Kakhovka", "name_pl": "Zbiornik Kachowski", "name_pt": "Represa de Kakhovka", "name_ru": "Каховское водохранилище", "name_sv": "Kachovka-reservoaren", "name_tr": "Kakhovka Rezervuarı", "name_vi": "chứa nước Kakhovka", "name_zh": "卡霍夫卡水库", "ne_id": 1159124989, "name_fa": "مخزن سد کاخووکا", "name_he": "מאגר קאחובקה", "name_uk": "Каховське водосховище", "name_ur": "کاکھوا ریزروائر", "name_zht": "卡霍夫卡水庫"}, "geometry": {"type": "Polygon", "coordinates": [[[35.269434, 47.450488], [35.213184, 47.449902], [35.049023, 47.428174], [34.960547, 47.406494], [34.807715, 47.463135], [34.592383, 47.520117], [34.419434, 47.486963], [34.189844, 47.419971], [34.176758, 47.389307], [34.183398, 47.345654], [34.172852, 47.324561], [34.097168, 47.316064], [33.904102, 47.15874], [33.718164, 46.940576], [33.699707, 46.89873], [33.687305, 46.860645], [33.559375, 46.822217], [33.539844, 46.83125], [33.575879, 46.882568], [33.629785, 47.033984], [33.655371, 47.050293], [33.666797, 47.041992], [33.704688, 47.06084], [33.761328, 47.119043], [33.777148, 47.1625], [33.834766, 47.212256], [33.933496, 47.282422], [33.962793, 47.33125], [33.964551, 47.358936], [33.947266, 47.451416], [33.936133, 47.541455], [33.983984, 47.555713], [34.066992, 47.55835], [34.147852, 47.542285], [34.210742, 47.536182], [34.240332, 47.574902], [34.266211, 47.589893], [34.31582, 47.566797], [34.380273, 47.55752], [34.436328, 47.568896], [34.486621, 47.592969], [34.730664, 47.577539], [34.99707, 47.587598], [35.087793, 47.675537], [35.085645, 47.824316], [35.105664, 47.841602], [35.130273, 47.840039], [35.242383, 47.647266], [35.301758, 47.491797], [35.269434, 47.450488]]]}}, {"type": "Feature", "properties": {"scalerank": 4, "featurecla": "Reservoir", "name": "Samara Reservoir", "name_alt": "Kuybyshev Reservoir", "note": null, "admin": null, "namepar": null, "min_zoom": 4, "min_label": 5, "name_abb": "Samara Res.", "label": "Samara Reservoir", "wikidataid": "Q745937", "name_ar": "خزان سمارة", "name_bn": "সামারা জলাধার", "name_de": "Kuibyschewer Stausee", "name_en": "Kuybyshev", "name_es": "Kúibyshev", "name_fr": "Kouïbychev", "name_el": "Τεχνητή Λίμνη Σαμαρά", "name_hi": "समारा जलाशय", "name_hu": "Kujbisevi-víztározó", "name_id": "Reservoir Samara", "name_it": "Samara", "name_ja": "クイビシェフ湖", "name_ko": "사마라 레저보어", "name_nl": "Koeybisjevskoe vodochranilisjtsje", "name_pl": "Zbiornik Kujbyszewski", "name_pt": "Represa de Samara", "name_ru": "Куйбышевское водохранилище", "name_sv": "Kujbysjevreservoaren", "name_tr": "Kuybışev Baraj", "name_vi": "Hồ Samara", "name_zh": "古比雪夫水库", "ne_id": 1159125013, "name_fa": "مخزن سد سامارا", "name_he": "מאגר סמארה", "name_uk": "Куйбишевське водосховище", "name_ur": "سامارا ریزروائر", "name_zht": "古比雪夫水庫"}, "geometry": {"type": "Polygon", "coordinates": [[[48.378027, 54.231152], [48.39873, 54.33667], [48.40459, 54.45249], [48.41582, 54.597168], [48.551465, 54.652197], [48.745117, 54.675049], [48.808203, 54.73291], [48.831543, 54.803662], [48.86377, 54.870801], [48.859473, 55.011621], [48.976855, 55.073975], [49.159473, 55.163086], [49.172266, 55.292676], [49.103516, 55.352881], [49.047656, 55.442822], [49.058984, 55.482666], [49.119531, 55.475928], [49.188867, 55.381201], [49.233496, 55.337939], [49.30332, 55.323389], [49.358008, 55.339062], [49.328125, 55.378906], [49.331934, 55.451563], [49.329004, 55.517773], [49.367383, 55.544385], [49.367676, 55.524268], [49.371289, 55.464795], [49.454883, 55.403613], [49.582813, 55.390234], [49.788281, 55.383496], [49.999902, 55.415039], [50.089551, 55.462793], [50.224805, 55.438428], [50.379102, 55.430518], [50.481445, 55.459961], [50.675195, 55.450635], [50.833887, 55.479541], [51.125781, 55.501123], [51.25498, 55.526172], [51.331055, 55.498926], [51.353418, 55.495557], [51.413867, 55.494385], [51.469141, 55.511279], [51.466602, 55.589844], [51.398047, 55.684912], [51.413672, 55.774463], [51.448145, 55.812305], [51.480273, 55.832715], [51.471582, 55.79502], [51.46084, 55.700977], [51.521484, 55.632324], [51.634961, 55.645898], [51.763477, 55.720459], [51.874707, 55.703613], [51.936523, 55.699072], [51.88584, 55.67085], [51.799609, 55.683936], [51.748438, 55.675293], [51.727734, 55.643018], [51.714453, 55.592822], [51.615039, 55.565381], [51.550195, 55.558398], [51.52373, 55.503027], [51.410449, 55.441016], [51.205859, 55.488721], [51.174219, 55.463477], [51.198438, 55.441162], [51.21875, 55.400146], [51.184277, 55.357422], [51.129785, 55.393018], [51.071094, 55.415039], [50.877148, 55.452051], [50.763574, 55.428857], [50.734473, 55.40708], [49.891992, 55.293701], [49.810742, 55.243652], [49.69248, 55.190723], [49.523242, 55.133887], [49.460742, 55.114111], [49.452148, 55.073633], [49.445508, 55.051611], [49.396094, 55.016064], [49.319727, 55.01377], [49.224414, 55.02334], [49.136426, 54.997852], [49.008496, 54.970068], [48.939844, 54.90166], [48.969336, 54.828125], [49.030273, 54.808691], [49.097852, 54.800488], [49.080664, 54.775732], [48.986328, 54.727637], [48.976074, 54.666943], [48.973145, 54.641211], [48.942578, 54.616553], [48.895508, 54.581543], [48.908789, 54.549561], [48.89502, 54.527979], [48.862988, 54.500977], [48.864063, 54.462256], [48.786523, 54.447363], [48.63125, 54.43501], [48.52959, 54.394238], [48.499414, 54.334375], [48.549414, 54.240527], [48.658984, 54.170898], [48.755859, 54.150342], [48.798047, 54.130811], [48.808887, 54.098682], [48.847656, 54.04541], [49.020313, 54.015186], [49.275195, 54.070703], [49.395313, 54.119775], [49.563281, 54.179443], [49.727344, 54.225098], [49.742188, 54.190723], [49.666406, 54.159375], [49.536816, 54.12666], [49.441211, 54.037695], [49.308789, 53.973047], [49.217871, 53.934424], [49.219141, 53.878027], [49.269727, 53.818018], [49.320215, 53.791309], [49.350684, 53.770166], [49.371777, 53.730469], [49.368945, 53.694824], [49.344531, 53.698242], [49.310352, 53.722314], [49.279297, 53.728125], [49.189844, 53.807422], [49.126758, 53.824756], [49.091113, 53.793945], [49.071875, 53.713281], [49.062988, 53.606592], [49.086719, 53.534033], [49.24668, 53.5021], [49.56084, 53.498779], [49.881641, 53.485596], [49.904785, 53.456738], [49.851855, 53.426025], [49.494727, 53.435986], [49.316113, 53.402246], [49.257715, 53.3521], [49.229883, 53.284229], [49.094141, 53.26958], [48.800781, 53.280566], [48.759375, 53.323779], [48.924805, 53.309033], [49.136523, 53.308936], [49.205859, 53.337549], [49.20498, 53.367578], [49.106445, 53.40498], [48.991895, 53.439795], [49.008789, 53.459668], [48.955859, 53.535352], [48.86543, 53.647656], [48.876758, 53.754297], [48.903125, 53.827539], [48.882812, 53.865918], [48.813379, 53.938672], [48.66123, 54.037891], [48.566797, 54.09751], [48.468066, 54.124414], [48.387305, 54.167969], [48.378027, 54.231152]]]}}, {"type": "Feature", "properties": {"scalerank": 5, "featurecla": "Lake", "name": "Danau Toba", "name_alt": null, "note": null, "admin": null, "namepar": null, "min_zoom": 4.7, "min_label": 6, "name_abb": "Danau Toba", "label": "Danau Toba", "wikidataid": "Q183360", "name_ar": "بحيرة توبا", "name_bn": "টোবা হ্রদ", "name_de": "Tobasee", "name_en": "Toba", "name_es": "Toba", "name_fr": "Toba", "name_el": "Λίμνη Τόμπα", "name_hi": "तोबा झील", "name_hu": "Toba-tó", "name_id": "Toba", "name_it": "Toba", "name_ja": "トバ湖", "name_ko": "토바호", "name_nl": "Tobameer", "name_pl": "Toba", "name_pt": "Toba", "name_ru": "Тоба", "name_sv": "Tobasjön", "name_tr": "Toba", "name_vi": "Siêu núi lửa Toba", "name_zh": "多巴湖", "ne_id": 1159114361, "name_fa": "دریاچه توبا", "name_he": "אגם טובה", "name_uk": "Тоба", "name_ur": "ڈانو ٹوبا", "name_zht": "多巴湖"}, "geometry": {"type": "Polygon", "coordinates": [[[99.143457, 2.396631], [99.093066, 2.370264], [98.999023, 2.348828], [98.908008, 2.344434], [98.846289, 2.352539], [98.817969, 2.380273], [98.753906, 2.46748], [98.688867, 2.555127], [98.710938, 2.576953], [98.784277, 2.514551], [98.884668, 2.475781], [98.926758, 2.48252], [98.948828, 2.504443], [98.919043, 2.558203], [98.826172, 2.671143], [98.759961, 2.729395], [98.722754, 2.72373], [98.689648, 2.687646], [98.662109, 2.643848], [98.640527, 2.650293], [98.58125, 2.732373], [98.526172, 2.824121], [98.530469, 2.858594], [98.571875, 2.876367], [98.640234, 2.872705], [98.707422, 2.85376], [98.791797, 2.79917], [98.870117, 2.730664], [98.918359, 2.664648], [98.979102, 2.575293], [99.041504, 2.48252], [99.102148, 2.436963], [99.142969, 2.411963], [99.143457, 2.396631]]]}}, {"type": "Feature", "properties": {"scalerank": 1, "featurecla": "Lake", "name": null, "name_alt": null, "note": "_untitled_21", "admin": null, "namepar": null, "min_zoom": 4.7, "min_label": 6, "name_abb": null, "label": null, "wikidataid": null, "name_ar": null, "name_bn": null, "name_de": null, "name_en": null, "name_es": null, "name_fr": null, "name_el": null, "name_hi": null, "name_hu": null, "name_id": null, "name_it": null, "name_ja": null, "name_ko": null, "name_nl": null, "name_pl": null, "name_pt": null, "name_ru": null, "name_sv": null, "name_tr": null, "name_vi": null, "name_zh": null, "ne_id": 1159114511, "name_fa": null, "name_he": null, "name_uk": null, "name_ur": null, "name_zht": null}, "geometry": {"type": "Polygon", "coordinates": [[[26.567188, 61.616211], [26.544922, 61.609277], [26.473242, 61.611572], [26.346289, 61.655176], [26.24043, 61.717822], [26.182715, 61.729736], [26.121289, 61.716211], [26.07666, 61.703955], [26.072461, 61.678955], [26.085254, 61.657324], [26.10332, 61.647998], [26.123047, 61.657178], [26.143555, 61.669043], [26.166797, 61.65293], [26.183203, 61.629346], [26.172461, 61.600391], [26.158105, 61.564941], [26.148242, 61.545752], [26.113672, 61.54165], [26.05918, 61.554688], [26.006641, 61.589551], [25.958398, 61.618701], [25.9, 61.646973], [25.891406, 61.675391], [25.930859, 61.691455], [25.954688, 61.716602], [25.966016, 61.743262], [25.952734, 61.766846], [25.935547, 61.785742], [25.943945, 61.795996], [26.032324, 61.772168], [26.126465, 61.76748], [26.176367, 61.798145], [26.219434, 61.841211], [26.237402, 61.840967], [26.246094, 61.822412], [26.265234, 61.784668], [26.278418, 61.750586], [26.279102, 61.732812], [26.294629, 61.716113], [26.328711, 61.713818], [26.354297, 61.714844], [26.406348, 61.716797], [26.437988, 61.734912], [26.466016, 61.735352], [26.507031, 61.718164], [26.543457, 61.687549], [26.563379, 61.648242], [26.570215, 61.623145], [26.567188, 61.616211]]]}}, {"type": "Feature", "properties": {"scalerank": 5, "featurecla": "Reservoir", "name": "Lake Nasser", "name_alt": null, "note": null, "admin": null, "namepar": null, "min_zoom": 4.7, "min_label": 6, "name_abb": "L.  Nasser", "label": "Lake Nasser", "wikidataid": "Q182796", "name_ar": "بحيرة ناصر", "name_bn": "নাসের হ্রদ", "name_de": "Nassersee", "name_en": "Nasser", "name_es": "Nasser", "name_fr": "Nasser", "name_el": "Λίμνη Νάσερ", "name_hi": "नासेर झील", "name_hu": "Nasszer-tó", "name_id": "Nasser", "name_it": "Nasser", "name_ja": "ナセル湖", "name_ko": "나세르호", "name_nl": "Nassermeer", "name_pl": "Jezioro Nasera", "name_pt": "Nasser", "name_ru": "Насер", "name_sv": "Nassersjön", "name_tr": "Nasır", "name_vi": "Hồ Nasser", "name_zh": "纳赛尔湖", "ne_id": 1159125095, "name_fa": "دریاچه ناصر", "name_he": "אגם נאצר", "name_uk": "Озеро Насера", "name_ur": "جھیل ناصر", "name_zht": "納賽爾湖"}, "geometry": {"type": "Polygon", "coordinates": [[[32.167285, 22.680371], [32.127344, 22.688379], [32.095508, 22.683008], [32.055566, 22.664648], [32.020215, 22.634131], [31.986328, 22.599658], [31.961914, 22.572949], [31.952734, 22.535205], [31.935742, 22.481104], [31.897461, 22.441406], [31.855371, 22.414746], [31.831055, 22.381006], [31.825684, 22.351318], [31.791211, 22.358057], [31.746094, 22.362695], [31.713574, 22.351465], [31.69375, 22.333984], [31.678516, 22.326855], [31.663672, 22.32207], [31.645215, 22.311719], [31.640234, 22.296973], [31.647656, 22.272998], [31.624902, 22.242285], [31.552344, 22.209033], [31.486523, 22.159277], [31.441016, 22.101855], [31.412109, 22.057227], [31.390625, 21.984473], [31.35459, 21.880518], [31.319336, 21.812256], [31.294531, 21.784814], [31.256543, 21.763525], [31.203223, 21.708838], [31.155957, 21.649219], [31.123535, 21.611523], [31.090625, 21.60918], [31.111914, 21.671094], [31.168945, 21.748828], [31.236133, 21.847949], [31.303223, 21.931641], [31.335742, 22.010352], [31.372363, 22.102686], [31.449707, 22.210059], [31.592969, 22.338721], [31.684082, 22.430078], [31.704297, 22.452881], [31.739746, 22.469922], [31.78457, 22.483496], [31.752344, 22.534863], [31.679102, 22.604199], [31.675684, 22.625781], [31.729102, 22.602832], [31.794238, 22.569238], [31.824219, 22.565186], [31.84082, 22.583398], [31.86377, 22.613525], [31.884375, 22.63916], [31.91123, 22.660889], [31.965039, 22.697754], [32.024219, 22.733594], [32.061133, 22.752441], [32.088379, 22.763525], [32.132227, 22.780566], [32.167188, 22.788281], [32.190723, 22.779492], [32.222461, 22.769336], [32.292188, 22.7229], [32.337402, 22.691016], [32.412891, 22.694482], [32.500586, 22.758057], [32.526172, 22.794727], [32.542188, 22.829248], [32.561719, 22.89917], [32.582031, 22.929102], [32.613867, 22.967529], [32.635547, 23.004199], [32.66748, 23.077539], [32.7, 23.151172], [32.739063, 23.228955], [32.787988, 23.272559], [32.819336, 23.277588], [32.832813, 23.292725], [32.843164, 23.318018], [32.855859, 23.342383], [32.851172, 23.382031], [32.85293, 23.438086], [32.841016, 23.482861], [32.786914, 23.502832], [32.743359, 23.516064], [32.705957, 23.493408], [32.661133, 23.472266], [32.621777, 23.476709], [32.599023, 23.495801], [32.650391, 23.533984], [32.706738, 23.57041], [32.696973, 23.587354], [32.675684, 23.59375], [32.661133, 23.580273], [32.646094, 23.567383], [32.624414, 23.587451], [32.654883, 23.63291], [32.738867, 23.624121], [32.797754, 23.58374], [32.834375, 23.618555], [32.853906, 23.676514], [32.843457, 23.707617], [32.848438, 23.733252], [32.870117, 23.75957], [32.87334, 23.791602], [32.863281, 23.828662], [32.827734, 23.872998], [32.822949, 23.909766], [32.879492, 23.987695], [32.933008, 23.940576], [32.94502, 23.791211], [32.985938, 23.695459], [32.980566, 23.655371], [32.950977, 23.642871], [32.920703, 23.634082], [32.90918, 23.609912], [32.910938, 23.583984], [32.92373, 23.56748], [32.941309, 23.562793], [32.951172, 23.555127], [32.987891, 23.529736], [33.004785, 23.50874], [32.950586, 23.508594], [32.921875, 23.484521], [32.944141, 23.429736], [32.979004, 23.396484], [32.989941, 23.371094], [32.995313, 23.337207], [33.006055, 23.300342], [33.007129, 23.260449], [33.007422, 23.236963], [32.994922, 23.230664], [32.957227, 23.240771], [32.921289, 23.249365], [32.929492, 23.204297], [32.910742, 23.160645], [32.864941, 23.156445], [32.852637, 23.142187], [32.855078, 23.117432], [32.869043, 23.088184], [32.906641, 23.050928], [32.943652, 23.003662], [32.990137, 22.955078], [32.971875, 22.934814], [32.858594, 22.978125], [32.784961, 23.039014], [32.743555, 23.03252], [32.739063, 23.007959], [32.72207, 22.971973], [32.704785, 22.946973], [32.689844, 22.937988], [32.660059, 22.921826], [32.631836, 22.905957], [32.618359, 22.896143], [32.61084, 22.868994], [32.607129, 22.822949], [32.586328, 22.783008], [32.516309, 22.724512], [32.429492, 22.650977], [32.368066, 22.604199], [32.331934, 22.580859], [32.327832, 22.550146], [32.296973, 22.531299], [32.254492, 22.535938], [32.248438, 22.547021], [32.270117, 22.564209], [32.298828, 22.59209], [32.295703, 22.611621], [32.278516, 22.622559], [32.25625, 22.641553], [32.238379, 22.658643], [32.234277, 22.673877], [32.167285, 22.680371]]]}}, {"type": "Feature", "properties": {"scalerank": 1, "featurecla": "Lake", "name": null, "name_alt": null, "note": "_untitled_24", "admin": null, "namepar": null, "min_zoom": 4.7, "min_label": 6, "name_abb": null, "label": null, "wikidataid": null, "name_ar": null, "name_bn": null, "name_de": null, "name_en": null, "name_es": null, "name_fr": null, "name_el": null, "name_hi": null, "name_hu": null, "name_id": null, "name_it": null, "name_ja": null, "name_ko": null, "name_nl": null, "name_pl": null, "name_pt": null, "name_ru": null, "name_sv": null, "name_tr": null, "name_vi": null, "name_zh": null, "ne_id": 1159114413, "name_fa": null, "name_he": null, "name_uk": null, "name_ur": null, "name_zht": null}, "geometry": {"type": "Polygon", "coordinates": [[[24.55752, 61.6396], [24.493359, 61.614063], [24.455664, 61.590137], [24.506738, 61.55249], [24.469336, 61.527979], [24.341895, 61.520215], [24.264648, 61.496436], [24.194238, 61.456738], [24.171875, 61.423096], [24.168555, 61.403516], [24.152832, 61.375977], [24.128418, 61.34375], [24.158398, 61.327539], [24.24043, 61.314941], [24.279297, 61.293164], [24.244531, 61.288721], [24.161133, 61.280469], [24.080469, 61.259521], [24.024023, 61.246777], [24.013965, 61.230615], [24.040723, 61.207178], [24.091797, 61.185107], [24.176367, 61.18252], [24.241895, 61.195117], [24.295508, 61.186963], [24.355176, 61.161865], [24.37207, 61.145215], [24.354102, 61.141797], [24.329883, 61.139014], [24.336914, 61.11958], [24.395703, 61.070557], [24.439258, 61.031201], [24.413965, 61.03584], [24.352148, 61.073145], [24.277246, 61.092676], [24.030176, 61.153857], [23.874805, 61.183252], [23.781348, 61.214111], [23.773047, 61.28252], [23.802539, 61.259912], [23.844824, 61.228223], [23.918848, 61.210547], [23.952051, 61.224023], [23.980762, 61.255762], [24.020996, 61.282031], [24.035352, 61.311816], [24.01748, 61.369092], [24.043262, 61.423096], [24.171191, 61.483594], [24.254102, 61.529492], [24.305566, 61.552734], [24.35752, 61.587451], [24.333203, 61.606592], [24.309473, 61.62124], [24.321484, 61.632715], [24.367676, 61.628809], [24.421973, 61.62085], [24.454004, 61.626123], [24.481055, 61.647412], [24.496973, 61.667773], [24.49082, 61.679004], [24.524121, 61.686914], [24.603613, 61.702539], [24.691113, 61.721387], [24.702148, 61.702148], [24.673633, 61.667822], [24.659277, 61.656104], [24.635156, 61.655518], [24.608398, 61.654492], [24.55752, 61.6396]]]}}, {"type": "Feature", "properties": {"scalerank": 5, "featurecla": "Lake", "name": "Pyhäjärvi", "name_alt": null, "note": null, "admin": null, "namepar": null, "min_zoom": 4.7, "min_label": 6, "name_abb": "Pyhäjärvi", "label": "Pyhäjärvi", "wikidataid": "Q545559", "name_ar": "بياهافي", "name_bn": "প্যহাজার্ভি", "name_de": "Pyhäjärvi", "name_en": "Pyhäjärvi", "name_es": "Pyhä", "name_fr": "Pyhä", "name_el": "Πουχαγάρβι", "name_hi": "पाइहाजर्विक", "name_hu": "Pyhäjärvi", "name_id": "Pyhäjärvi", "name_it": "Pyhäjärvi", "name_ja": "ピュハ湖", "name_ko": "피하야르비", "name_nl": "Pyhäjärvi", "name_pl": "Pyhäjärvi", "name_pt": "Pyhäjärvi", "name_ru": "озеро Нясиярви", "name_sv": "Pyhäjärvi", "name_tr": "Pyhäjärvi", "name_vi": "Hồ Pyhäjärvi", "name_zh": "皮海湖", "ne_id": 1159114429, "name_fa": "پیهاجاروی", "name_he": "אגם פיהאיארוי", "name_uk": "Пюгяярві", "name_ur": "پیہاجاروی", "name_zht": "皮海湖"}, "geometry": {"type": "Polygon", "coordinates": [[[23.506738, 61.39082], [23.527539, 61.368848], [23.567578, 61.348145], [23.646484, 61.331396], [23.706836, 61.317334], [23.711816, 61.30376], [23.71748, 61.286865], [23.724512, 61.270264], [23.71748, 61.261621], [23.675, 61.27583], [23.572266, 61.296143], [23.485254, 61.331299], [23.439648, 61.371484], [23.380371, 61.381885], [23.349023, 61.389551], [23.364746, 61.403125], [23.415527, 61.417676], [23.508691, 61.450732], [23.63877, 61.490723], [23.708594, 61.510889], [23.67666, 61.530566], [23.638379, 61.556104], [23.626758, 61.589258], [23.599316, 61.623389], [23.570312, 61.641406], [23.60293, 61.646875], [23.631934, 61.65166], [23.626758, 61.665234], [23.602832, 61.687891], [23.620605, 61.711523], [23.666992, 61.728076], [23.66748, 61.744922], [23.679785, 61.776855], [23.692383, 61.809814], [23.70332, 61.824512], [23.724512, 61.835742], [23.708203, 61.864795], [23.750879, 61.877197], [23.837793, 61.869824], [23.861328, 61.879053], [23.859375, 61.894141], [23.865137, 61.911133], [23.951465, 61.943555], [24.031641, 61.974219], [24.024609, 61.986719], [24.015918, 62.000293], [24.014551, 62.038135], [24.003418, 62.075977], [23.973828, 62.090186], [23.872656, 62.094873], [23.738086, 62.102881], [23.68125, 62.116309], [23.684277, 62.125049], [23.673438, 62.136621], [23.649121, 62.165625], [23.637988, 62.197461], [23.644531, 62.215479], [23.675195, 62.226709], [23.699023, 62.227441], [23.691211, 62.213477], [23.683105, 62.191113], [23.701172, 62.163574], [23.75, 62.158691], [23.810449, 62.155273], [23.85498, 62.139648], [23.884961, 62.14209], [23.905859, 62.154102], [23.915137, 62.187891], [23.928223, 62.221387], [23.967871, 62.233203], [23.999121, 62.231934], [23.979004, 62.208301], [23.95293, 62.177588], [23.954297, 62.159814], [23.979883, 62.159668], [24.033789, 62.154053], [24.121777, 62.150879], [24.180957, 62.15708], [24.145508, 62.142578], [24.122656, 62.123486], [24.117188, 62.092187], [24.12627, 62.057422], [24.181152, 62.04458], [24.220117, 62.045068], [24.257422, 62.080273], [24.285352, 62.117041], [24.300781, 62.120312], [24.320898, 62.114795], [24.335352, 62.102686], [24.318945, 62.072852], [24.304395, 62.042383], [24.324316, 62.030029], [24.375195, 62.029004], [24.497559, 62.027246], [24.565137, 62.045312], [24.524121, 62.080908], [24.458594, 62.099414], [24.383984, 62.119043], [24.342969, 62.145557], [24.362598, 62.155811], [24.437891, 62.140771], [24.532715, 62.106348], [24.594727, 62.090234], [24.611328, 62.108545], [24.599316, 62.145654], [24.582422, 62.180322], [24.585254, 62.196826], [24.600781, 62.201074], [24.615137, 62.204785], [24.613281, 62.227197], [24.61084, 62.251074], [24.629883, 62.262793], [24.661523, 62.265625], [24.673535, 62.229297], [24.681543, 62.193604], [24.722266, 62.198047], [24.728418, 62.180713], [24.708887, 62.13374], [24.685938, 62.095312], [24.630469, 62.042725], [24.633984, 61.985889], [24.683887, 61.949414], [24.706055, 61.921484], [24.677637, 61.92915], [24.599121, 61.964746], [24.549121, 61.993066], [24.482422, 62.00127], [24.416797, 61.995312], [24.41748, 61.987354], [24.377051, 61.989795], [24.293945, 61.996387], [24.180762, 62.010303], [24.094336, 62.020215], [24.119336, 61.988184], [24.10498, 61.951074], [24.052832, 61.92749], [24.004297, 61.906934], [23.962012, 61.893799], [23.953516, 61.880176], [23.851758, 61.834912], [23.758398, 61.785693], [23.775781, 61.755811], [23.785742, 61.728809], [23.766992, 61.703223], [23.742871, 61.67251], [23.739453, 61.651025], [23.819922, 61.645947], [23.833691, 61.636475], [23.771777, 61.618115], [23.784375, 61.612305], [23.798047, 61.599219], [23.79082, 61.560254], [23.776465, 61.520996], [23.730469, 61.495361], [23.610742, 61.460254], [23.511035, 61.419043], [23.506738, 61.39082]]]}}, {"type": "Feature", "properties": {"scalerank": 5, "featurecla": "Reservoir", "name": "Lake Volta", "name_alt": null, "note": null, "admin": null, "namepar": null, "min_zoom": 4.7, "min_label": 6, "name_abb": "L. Volta", "label": "Lake Volta", "wikidataid": "Q201679", "name_ar": "بحيرة فولتا", "name_bn": "ভোল্টা হ্রদ", "name_de": "Volta-Stausee", "name_en": "Volta", "name_es": "Volta", "name_fr": "Volta", "name_el": "Λίμνη Βόλτα", "name_hi": "वोल्टा झील", "name_hu": "Volta-tó", "name_id": "Volta", "name_it": "Volta", "name_ja": "ヴォルタ湖", "name_ko": "볼타호", "name_nl": "Voltameer", "name_pl": "Wolta", "name_pt": "Volta", "name_ru": "Вольта", "name_sv": "Voltasjön", "name_tr": "Volta", "name_vi": "Volta", "name_zh": "沃尔特水库", "ne_id": 1159125149, "name_fa": "دریاچه ولتا", "name_he": "אגם וולטה", "name_uk": "Вольта", "name_ur": "جھیل وولٹا", "name_zht": "沃爾特水庫"}, "geometry": {"type": "Polygon", "coordinates": [[[0.29873, 6.718604], [0.316992, 6.73833], [0.308594, 6.697852], [0.275977, 6.64834], [0.229688, 6.615869], [0.191992, 6.607471], [0.171875, 6.614648], [0.159961, 6.618066], [0.152051, 6.610645], [0.153711, 6.597021], [0.150781, 6.570215], [0.14668, 6.538281], [0.14043, 6.505322], [0.13291, 6.449561], [0.138086, 6.365967], [0.10332, 6.338184], [0.080957, 6.352637], [0.073291, 6.404053], [0.041113, 6.405176], [-0.010986, 6.379395], [-0.033447, 6.408203], [-0.059912, 6.45166], [-0.099316, 6.489941], [-0.174805, 6.532715], [-0.255273, 6.585498], [-0.323779, 6.621875], [-0.427637, 6.66792], [-0.550293, 6.717285], [-0.633643, 6.75332], [-0.67373, 6.801514], [-0.68374, 6.834424], [-0.659863, 6.83584], [-0.615967, 6.807324], [-0.57959, 6.784717], [-0.55083, 6.81084], [-0.517822, 6.793799], [-0.490576, 6.736719], [-0.46665, 6.722656], [-0.442187, 6.72666], [-0.418652, 6.731006], [-0.409277, 6.765625], [-0.405957, 6.816455], [-0.393359, 6.828125], [-0.367773, 6.772705], [-0.335303, 6.716211], [-0.30542, 6.717187], [-0.270752, 6.722461], [-0.228467, 6.733984], [-0.194043, 6.74126], [-0.175098, 6.724121], [-0.16333, 6.685645], [-0.143652, 6.648047], [-0.096484, 6.628613], [-0.056934, 6.62998], [-0.041309, 6.676855], [-0.025537, 6.720312], [-0.01748, 6.732715], [-0.022852, 6.748047], [-0.049365, 6.768848], [-0.067139, 6.788965], [-0.071338, 6.809424], [-0.066309, 6.825244], [-0.041943, 6.847266], [-0.011475, 6.85293], [0.012305, 6.844824], [0.03042, 6.849658], [0.076709, 6.869678], [0.111719, 6.896631], [0.103711, 6.909619], [0.058984, 6.914014], [0.04165, 6.946484], [0.086621, 6.973926], [0.120313, 6.97124], [0.123242, 6.983154], [0.098877, 7.00415], [0.087939, 7.022803], [0.092969, 7.037012], [0.100977, 7.05293], [0.097559, 7.07998], [0.085547, 7.12124], [0.08457, 7.14707], [0.065918, 7.151221], [0.045117, 7.163916], [0.027637, 7.176318], [0.010205, 7.186816], [0.007324, 7.209375], [0.014648, 7.210693], [0.034766, 7.200244], [0.063232, 7.195361], [0.083252, 7.193701], [0.098682, 7.192822], [0.118164, 7.203174], [0.141504, 7.222461], [0.153027, 7.241211], [0.160449, 7.251807], [0.173926, 7.252393], [0.183887, 7.266162], [0.183887, 7.28667], [0.172461, 7.303857], [0.156055, 7.308887], [0.134668, 7.313428], [0.102051, 7.342773], [0.067529, 7.392773], [0.050146, 7.432324], [0.050586, 7.448828], [0.047363, 7.460059], [0.045605, 7.477539], [-0.002393, 7.500342], [-0.062939, 7.507617], [-0.05835, 7.465625], [-0.06582, 7.444336], [-0.106543, 7.458057], [-0.128125, 7.471533], [-0.136426, 7.495557], [-0.157031, 7.509863], [-0.206836, 7.512354], [-0.242432, 7.516553], [-0.232227, 7.531934], [-0.20791, 7.546387], [-0.168555, 7.549902], [-0.134082, 7.553369], [-0.104932, 7.551172], [-0.071387, 7.54873], [-0.026855, 7.545898], [0.011816, 7.542578], [-0.017773, 7.591895], [-0.06377, 7.641406], [-0.109961, 7.64458], [-0.181982, 7.646582], [-0.242285, 7.638574], [-0.33584, 7.617578], [-0.431836, 7.593652], [-0.474561, 7.589111], [-0.498047, 7.596631], [-0.531152, 7.576221], [-0.60332, 7.553613], [-0.653711, 7.55127], [-0.611328, 7.567041], [-0.543457, 7.599902], [-0.482666, 7.624561], [-0.421533, 7.648828], [-0.356641, 7.664355], [-0.294385, 7.667187], [-0.261963, 7.684229], [-0.255713, 7.706006], [-0.253809, 7.720117], [-0.2104, 7.714062], [-0.161475, 7.721387], [-0.125488, 7.740088], [-0.097656, 7.746436], [-0.100342, 7.755469], [-0.133984, 7.76709], [-0.157275, 7.778564], [-0.159375, 7.794434], [-0.152148, 7.813281], [-0.152441, 7.840869], [-0.169824, 7.889551], [-0.186133, 7.926953], [-0.192383, 7.955225], [-0.223779, 7.977148], [-0.284717, 8.015234], [-0.315186, 8.03999], [-0.34375, 8.038135], [-0.350537, 8.001953], [-0.384473, 7.979834], [-0.416797, 7.972266], [-0.394434, 7.999902], [-0.379395, 8.048145], [-0.41543, 8.078809], [-0.445801, 8.091064], [-0.498242, 8.056885], [-0.526562, 8.062402], [-0.525684, 8.127881], [-0.542871, 8.153564], [-0.561426, 8.134131], [-0.590869, 8.100293], [-0.624365, 8.084912], [-0.642773, 8.086816], [-0.642871, 8.106152], [-0.69292, 8.10957], [-0.755615, 8.101953], [-0.760547, 8.118164], [-0.747754, 8.134521], [-0.721045, 8.134619], [-0.655371, 8.14209], [-0.603809, 8.158594], [-0.6, 8.172949], [-0.621387, 8.191064], [-0.675586, 8.238672], [-0.724268, 8.280273], [-0.753516, 8.296875], [-0.795117, 8.315479], [-0.801367, 8.334375], [-0.783643, 8.365723], [-0.837842, 8.447266], [-0.912158, 8.555127], [-0.9646, 8.60376], [-0.998926, 8.63042], [-1.04082, 8.645605], [-1.086523, 8.639893], [-1.128418, 8.632324], [-1.140918, 8.594629], [-1.152783, 8.551318], [-1.180078, 8.603613], [-1.218896, 8.658252], [-1.25376, 8.667627], [-1.303857, 8.696582], [-1.35127, 8.72373], [-1.40459, 8.738965], [-1.442676, 8.731348], [-1.488379, 8.69707], [-1.544922, 8.663574], [-1.604541, 8.64375], [-1.663574, 8.628516], [-1.71499, 8.63042], [-1.663379, 8.673242], [-1.591211, 8.695166], [-1.518848, 8.731348], [-1.466211, 8.760986], [-1.412012, 8.780811], [-1.376465, 8.80459], [-1.355469, 8.792334], [-1.294092, 8.750391], [-1.269336, 8.725635], [-1.126123, 8.704687], [-1.061768, 8.721826], [-1.06748, 8.750391], [-1.096094, 8.78374], [-1.133691, 8.812988], [-1.145166, 8.873633], [-1.174414, 8.94458], [-1.178711, 8.979053], [-1.17793, 9.026514], [-1.174121, 9.07417], [-1.151709, 9.116602], [-1.130322, 9.076074], [-1.126514, 9.028418], [-1.124805, 8.980762], [-1.120801, 8.929395], [-1.105566, 8.897021], [-1.075293, 8.853027], [-1.044531, 8.843066], [-1.025586, 8.84375], [-0.996533, 8.775293], [-0.931152, 8.653125], [-0.873389, 8.585547], [-0.842578, 8.579004], [-0.81665, 8.599512], [-0.817578, 8.650488], [-0.823437, 8.706885], [-0.808887, 8.743115], [-0.79082, 8.761377], [-0.782324, 8.756055], [-0.795361, 8.721045], [-0.806055, 8.688672], [-0.769678, 8.655566], [-0.722412, 8.638525], [-0.70542, 8.643066], [-0.706836, 8.624902], [-0.757031, 8.577539], [-0.804639, 8.519922], [-0.797021, 8.49707], [-0.781836, 8.468555], [-0.721094, 8.402148], [-0.659961, 8.356641], [-0.626562, 8.329248], [-0.594336, 8.288379], [-0.565723, 8.274805], [-0.554395, 8.25083], [-0.526611, 8.232373], [-0.484668, 8.209473], [-0.448535, 8.209473], [-0.393604, 8.221484], [-0.355127, 8.242725], [-0.317871, 8.244043], [-0.285547, 8.253125], [-0.245361, 8.245117], [-0.201953, 8.213086], [-0.192529, 8.186182], [-0.256592, 8.184912], [-0.32085, 8.177246], [-0.330371, 8.157812], [-0.308398, 8.14248], [-0.262549, 8.108398], [-0.190186, 8.052588], [-0.127881, 8.011182], [-0.103223, 7.975732], [-0.081836, 7.876367], [-0.052344, 7.811475], [-0.024023, 7.792578], [0.00166, 7.793018], [0.018994, 7.788672], [0.054639, 7.792187], [0.070166, 7.821143], [0.05791, 7.862549], [0.056152, 7.885645], [0.05918, 7.919678], [0.073438, 7.969385], [0.078711, 8.003271], [0.061572, 8.04082], [0.07002, 8.080957], [0.099023, 8.092969], [0.129297, 8.086426], [0.153809, 8.078027], [0.170313, 8.086328], [0.165137, 8.115234], [0.151758, 8.161035], [0.12334, 8.209961], [0.105273, 8.241992], [0.136719, 8.253613], [0.169238, 8.289111], [0.198047, 8.338184], [0.217383, 8.363281], [0.160742, 8.380957], [0.091992, 8.403125], [0.080566, 8.429102], [0.092676, 8.460547], [0.090625, 8.499951], [0.085498, 8.547998], [0.105664, 8.583008], [0.135352, 8.597607], [0.149512, 8.633008], [0.160059, 8.700391], [0.183887, 8.741699], [0.197656, 8.738232], [0.184668, 8.689844], [0.168359, 8.625195], [0.152246, 8.592432], [0.127539, 8.574316], [0.121484, 8.518359], [0.112891, 8.457373], [0.102637, 8.433789], [0.114648, 8.415674], [0.178125, 8.399268], [0.24209, 8.379102], [0.260547, 8.355176], [0.279785, 8.340723], [0.293555, 8.334424], [0.284082, 8.326855], [0.242383, 8.321973], [0.214258, 8.314209], [0.21709, 8.295996], [0.190039, 8.251025], [0.183594, 8.205615], [0.200977, 8.165771], [0.231055, 8.125439], [0.267773, 8.106152], [0.266797, 8.094336], [0.240234, 8.088037], [0.197852, 8.079346], [0.161035, 8.05957], [0.145508, 8.020654], [0.121191, 7.972021], [0.108496, 7.938721], [0.123926, 7.913184], [0.145801, 7.894189], [0.167773, 7.863281], [0.221191, 7.88252], [0.25752, 7.90498], [0.251172, 7.875586], [0.252148, 7.862744], [0.247754, 7.849268], [0.237012, 7.833545], [0.247852, 7.80293], [0.277539, 7.762354], [0.279199, 7.699023], [0.280957, 7.616504], [0.281738, 7.575391], [0.258984, 7.581445], [0.24043, 7.577881], [0.22832, 7.556396], [0.228906, 7.536377], [0.242188, 7.510693], [0.249805, 7.490771], [0.285254, 7.514648], [0.320117, 7.54248], [0.313477, 7.505615], [0.301855, 7.470215], [0.296973, 7.452637], [0.295313, 7.415723], [0.287207, 7.381689], [0.276367, 7.353076], [0.276758, 7.339307], [0.277344, 7.329785], [0.29248, 7.303125], [0.29375, 7.27793], [0.275684, 7.25791], [0.271582, 7.234326], [0.279395, 7.217871], [0.280664, 7.200586], [0.279297, 7.182178], [0.275781, 7.172314], [0.271387, 7.137549], [0.288574, 7.106348], [0.305176, 7.098975], [0.299805, 7.071289], [0.28125, 7.047363], [0.272852, 7.001172], [0.263477, 6.94834], [0.240039, 6.896338], [0.237109, 6.768311], [0.253906, 6.6729], [0.271875, 6.674512], [0.29873, 6.718604]], [[0.180762, 6.725928], [0.15918, 6.766748], [0.114746, 6.795605], [0.061914, 6.807617], [0.01748, 6.77876], [0.011475, 6.717529], [0.04873, 6.694678], [0.089551, 6.658643], [0.130371, 6.679102], [0.180762, 6.725928]]]}}, {"type": "Feature", "properties": {"scalerank": 6, "featurecla": "Lake", "name": "Uddjaure", "name_alt": null, "note": null, "admin": null, "namepar": null, "min_zoom": 5, "min_label": 6.5, "name_abb": "Uddjaure", "label": "Uddjaure", "wikidataid": "Q953206", "name_ar": "أودجايور", "name_bn": "উদ্দৌরে", "name_de": "Uddjaure", "name_en": "Uddjaure", "name_es": "Uddjaure", "name_fr": "Uddjaure", "name_el": "Ουντγιάουρε", "name_hi": "उद्जौरे", "name_hu": "Uddjaure", "name_id": "Uddjaure", "name_it": "Uddjaure", "name_ja": "ウッド湖", "name_ko": "웃자우레", "name_nl": "Uddjaure", "name_pl": "Uddjaure", "name_pt": "Uddjaur", "name_ru": "озеро Уддьяуре", "name_sv": "Uddjaure", "name_tr": "Uddjaure", "name_vi": "Hồ Uddjaure", "name_zh": "乌德湖", "ne_id": 1159115361, "name_fa": "اوداجوره", "name_he": "אגם אודיאור", "name_uk": "Удд'яур", "name_ur": "اودا جورے", "name_zht": "烏德湖"}, "geometry": {"type": "Polygon", "coordinates": [[[17.955469, 65.864014], [17.926172, 65.880078], [17.882227, 65.8896], [17.814941, 65.865918], [17.74043, 65.857373], [17.692773, 65.875244], [17.690723, 65.904932], [17.703613, 65.931006], [17.73623, 65.94873], [17.72002, 65.978809], [17.66614118881055, 66.0], [17.946201027155983, 66.0], [17.945215, 65.997363], [17.949219, 65.95874], [17.948145, 65.93418], [17.964258, 65.912256], [18.000879, 65.881982], [17.967285, 65.852295], [17.955469, 65.864014]]]}}, {"type": "Feature", "properties": {"scalerank": 6, "featurecla": "Lake", "name": "Storavan", "name_alt": null, "note": null, "admin": null, "namepar": null, "min_zoom": 5, "min_label": 6.5, "name_abb": "Stornavan", "label": "Stornavan", "wikidataid": "Q204987", "name_ar": "ستورافان", "name_bn": "স্টোরাভান", "name_de": "Storavan", "name_en": "Storavan", "name_es": "Lago Storavan", "name_fr": "Storavan", "name_el": "Στόραβαν", "name_hi": "स्टोरवन", "name_hu": "Storavan", "name_id": "Storavan", "name_it": "Storavan", "name_ja": "ストゥーラバ湖", "name_ko": "스토라반", "name_nl": "Storavan", "name_pl": "Jezioro Storavan", "name_pt": "Storavan", "name_ru": "озеро Стораван", "name_sv": "Storavan", "name_tr": "Storavan", "name_vi": "Hồ Storavan", "name_zh": "斯托拉文湖", "ne_id": 1159115335, "name_fa": "استوراوان", "name_he": "אגם סטורובאן", "name_uk": "Стураван", "name_ur": "اسٹوراوین", "name_zht": "大亞萬湖"}, "geometry": {"type": "Polygon", "coordinates": [[[18.030859, 65.857227], [18.139648, 65.777686], [18.286035, 65.776221], [18.369922, 65.752051], [18.380762, 65.72998], [18.424219, 65.700146], [18.508594, 65.659521], [18.378125, 65.64751], [18.255273, 65.676758], [18.173145, 65.663525], [18.151074, 65.644043], [18.160938, 65.621191], [18.131445, 65.616016], [18.093262, 65.628906], [18.082813, 65.648584], [18.070996, 65.714795], [18.035742, 65.773682], [17.967285, 65.852295], [18.000879, 65.881982], [18.030859, 65.857227]]]}}, {"type": "Feature", "properties": {"scalerank": 1, "featurecla": "Lake", "name": null, "name_alt": null, "note": "_untitled_52", "admin": null, "namepar": null, "min_zoom": 5, "min_label": 6.5, "name_abb": null, "label": null, "wikidataid": null, "name_ar": null, "name_bn": null, "name_de": null, "name_en": null, "name_es": null, "name_fr": null, "name_el": null, "name_hi": null, "name_hu": null, "name_id": null, "name_it": null, "name_ja": null, "name_ko": null, "name_nl": null, "name_pl": null, "name_pt": null, "name_ru": null, "name_sv": null, "name_tr": null, "name_vi": null, "name_zh": null, "ne_id": 1159115381, "name_fa": null, "name_he": null, "name_uk": null, "name_ur": null, "name_zht": null}, "geometry": {"type": "Polygon", "coordinates": [[[15.641895, 63.808154], [15.576465, 63.783545], [15.541895, 63.76001], [15.535742, 63.79834], [15.519922, 63.85], [15.303223, 63.931982], [15.262598, 63.960986], [15.390137, 63.926172], [15.417383, 63.938916], [15.419043, 63.958838], [15.376465, 63.997314], [15.316406, 64.031152], [15.319238, 64.110059], [15.239844, 64.15708], [15.125391, 64.245312], [15.036719, 64.28457], [14.327734, 64.388428], [14.191992, 64.446582], [14.093457, 64.518701], [13.961133, 64.562793], [13.709766, 64.635547], [13.802344, 64.659766], [14.096484, 64.557422], [14.194727, 64.481201], [14.355664, 64.420215], [14.492578, 64.417236], [14.66416, 64.38291], [14.850879, 64.34707], [14.939844, 64.344092], [14.991113, 64.33584], [15.013281, 64.334424], [15.048438, 64.338184], [15.111426, 64.340869], [15.209863, 64.321777], [15.261328, 64.262402], [15.32207, 64.162988], [15.418945, 64.075439], [15.394043, 64.050537], [15.39541, 64.018652], [15.470898, 63.966748], [15.578223, 63.867725], [15.744629, 63.829687], [15.82373, 63.75415], [15.755371, 63.757715], [15.641895, 63.808154]]]}}, {"type": "Feature", "properties": {"scalerank": 1, "featurecla": "Lake", "name": null, "name_alt": null, "note": "_untitled_51", "admin": null, "namepar": null, "min_zoom": 5, "min_label": 6.5, "name_abb": null, "label": null, "wikidataid": null, "name_ar": null, "name_bn": null, "name_de": null, "name_en": null, "name_es": null, "name_fr": null, "name_el": null, "name_hi": null, "name_hu": null, "name_id": null, "name_it": null, "name_ja": null, "name_ko": null, "name_nl": null, "name_pl": null, "name_pt": null, "name_ru": null, "name_sv": null, "name_tr": null, "name_vi": null, "name_zh": null, "ne_id": 1159115407, "name_fa": null, "name_he": null, "name_uk": null, "name_ur": null, "name_zht": null}, "geometry": {"type": "Polygon", "coordinates": [[[13.398926, 64.785498], [13.527148, 64.726807], [13.634766, 64.68623], [13.599512, 64.675244], [13.367969, 64.692871], [13.233594, 64.67085], [13.197852, 64.684473], [13.289844, 64.738281], [13.398926, 64.785498]]]}}, {"type": "Feature", "properties": {"scalerank": 6, "featurecla": "Lake", "name": "Lake Habbaniyah", "name_alt": null, "note": null, "admin": null, "namepar": null, "min_zoom": 5, "min_label": 6.5, "name_abb": "L.  Habbaniyah", "label": "Lake Habbaniyah", "wikidataid": "Q2539972", "name_ar": "بحيرة الحبانية", "name_bn": "লেক হাববানিয়াহ", "name_de": "Al-Habbaniyya", "name_en": "Habbaniyah", "name_es": "Habbaniyah", "name_fr": "Habbaniya", "name_el": "Λίμνη Χαμπανίγια", "name_hi": "हब्बानियाह झील", "name_hu": "Habbaniyah-tó", "name_id": "Danau Habbaniyah", "name_it": "Habbaniyya", "name_ja": "ハバニヤー湖", "name_ko": "레이크 하바니야", "name_nl": "Habbaniyah", "name_pl": "Jezioro al-Habbaniyya", "name_pt": "Lago Habbaniyah", "name_ru": "Эль-Хаббания", "name_sv": "Habbaniyyasjön", "name_tr": "Habbaniye", "name_vi": "Hồ Habbaniyah", "name_zh": "哈巴尼亚湖", "ne_id": 1159123107, "name_fa": "دریاچه حبانیه", "name_he": "אגם חבאנייה", "name_uk": "озеро Хаббанія", "name_ur": "جھیل ہیبانیاہ", "name_zht": "哈巴尼亞湖"}, "geometry": {"type": "Polygon", "coordinates": [[[43.566406, 33.218506], [43.482813, 33.190381], [43.434082, 33.199463], [43.402441, 33.256738], [43.304297, 33.309424], [43.308594, 33.34873], [43.382031, 33.435107], [43.428027, 33.389502], [43.477148, 33.338379], [43.553906, 33.348291], [43.595313, 33.306152], [43.566406, 33.218506]]]}}, {"type": "Feature", "properties": {"scalerank": 6, "featurecla": "Lake", "name": "Lake Skadar", "name_alt": "Lake Scutari", "note": null, "admin": "admin-0", "namepar": null, "min_zoom": 5, "min_label": 6.5, "name_abb": "L.  Skadar", "label": "Lake Skadar", "wikidataid": "Q203811", "name_ar": "بحيرة سكيوتاري", "name_bn": "লেক স্কাদার", "name_de": "Skutarisee", "name_en": "Skadar", "name_es": "Skadar", "name_fr": "Skadar", "name_el": "Λίμνη Σκόδρας", "name_hi": "स्काडार झील", "name_hu": "Shkodrai-tó", "name_id": "Skadar", "name_it": "Scutari", "name_ja": "シュコダル湖", "name_ko": "슈코더르호", "name_nl": "Meer van Shkodër", "name_pl": "Jezioro Szkoderskie", "name_pt": "Escútare", "name_ru": "Шкодер", "name_sv": "Shkodrasjön", "name_tr": "İşkodra", "name_vi": "Hồ Skadar", "name_zh": "斯库台湖", "ne_id": 1159115429, "name_fa": "دریاچه اشکودرا", "name_he": "אגם שקודרה", "name_uk": "Скадарське озеро", "name_ur": "جھیل اسکادار", "name_zht": "斯庫台湖"}, "geometry": {"type": "Polygon", "coordinates": [[[19.363574, 42.289648], [19.391699, 42.227539], [19.450781, 42.156641], [19.480566, 42.108154], [19.467383, 42.078809], [19.394434, 42.088086], [19.216406, 42.158496], [19.098828, 42.277588], [19.175488, 42.277246], [19.293262, 42.264551], [19.363574, 42.289648]]]}}, {"type": "Feature", "properties": {"scalerank": 1, "featurecla": "Lake", "name": null, "name_alt": null, "note": "_untitled_46", "admin": null, "namepar": null, "min_zoom": 5, "min_label": 6.5, "name_abb": null, "label": null, "wikidataid": null, "name_ar": null, "name_bn": null, "name_de": null, "name_en": null, "name_es": null, "name_fr": null, "name_el": null, "name_hi": null, "name_hu": null, "name_id": null, "name_it": null, "name_ja": null, "name_ko": null, "name_nl": null, "name_pl": null, "name_pt": null, "name_ru": null, "name_sv": null, "name_tr": null, "name_vi": null, "name_zh": null, "ne_id": 1159115487, "name_fa": null, "name_he": null, "name_uk": null, "name_ur": null, "name_zht": null}, "geometry": {"type": "Polygon", "coordinates": [[[8.881152, 47.656396], [8.94834, 47.686035], [8.980859, 47.702295], [8.97666, 47.729834], [8.99873, 47.751855], [9.093652, 47.716064], [9.127539, 47.670703], [8.881152, 47.656396]]]}}, {"type": "Feature", "properties": {"scalerank": 1, "featurecla": "Lake", "name": null, "name_alt": null, "note": "_untitled_45", "admin": null, "namepar": null, "min_zoom": 5, "min_label": 6.5, "name_abb": null, "label": null, "wikidataid": null, "name_ar": null, "name_bn": null, "name_de": null, "name_en": null, "name_es": null, "name_fr": null, "name_el": null, "name_hi": null, "name_hu": null, "name_id": null, "name_it": null, "name_ja": null, "name_ko": null, "name_nl": null, "name_pl": null, "name_pt": null, "name_ru": null, "name_sv": null, "name_tr": null, "name_vi": null, "name_zh": null, "ne_id": 1159115515, "name_fa": null, "name_he": null, "name_uk": null, "name_ur": null, "name_zht": null}, "geometry": {"type": "Polygon", "coordinates": [[[36.827051, 62.2229], [36.775977, 62.238818], [36.767969, 62.2604], [36.784277, 62.29126], [36.802051, 62.363867], [36.812988, 62.430273], [36.84707, 62.458936], [36.908691, 62.46626], [37.015332, 62.42793], [37.034863, 62.368408], [37.011621, 62.295459], [37.025488, 62.261719], [36.983008, 62.211182], [36.89834, 62.179346], [36.867383, 62.198096], [36.827051, 62.2229]]]}}, {"type": "Feature", "properties": {"scalerank": 1, "featurecla": "Lake", "name": null, "name_alt": null, "note": "_untitled_44", "admin": null, "namepar": null, "min_zoom": 5, "min_label": 6.5, "name_abb": null, "label": null, "wikidataid": null, "name_ar": null, "name_bn": null, "name_de": null, "name_en": null, "name_es": null, "name_fr": null, "name_el": null, "name_hi": null, "name_hu": null, "name_id": null, "name_it": null, "name_ja": null, "name_ko": null, "name_nl": null, "name_pl": null, "name_pt": null, "name_ru": null, "name_sv": null, "name_tr": null, "name_vi": null, "name_zh": null, "ne_id": 1159115537, "name_fa": null, "name_he": null, "name_uk": null, "name_ur": null, "name_zht": null}, "geometry": {"type": "Polygon", "coordinates": [[[38.891992, 60.584912], [38.889844, 60.664062], [38.844336, 60.734326], [38.86582, 60.777344], [38.937695, 60.76709], [39.085156, 60.718164], [39.172656, 60.679736], [39.185059, 60.616943], [39.187598, 60.496094], [39.150293, 60.44248], [39.095703, 60.394482], [39.03125, 60.395313], [39.027832, 60.410791], [39.041504, 60.437842], [39.068945, 60.474609], [39.054492, 60.5229], [39.008301, 60.57334], [38.958496, 60.59458], [38.908984, 60.585938], [38.891992, 60.584912]]]}}, {"type": "Feature", "properties": {"scalerank": 1, "featurecla": "Lake", "name": null, "name_alt": null, "note": "_untitled_43", "admin": null, "namepar": null, "min_zoom": 5, "min_label": 6.5, "name_abb": null, "label": null, "wikidataid": null, "name_ar": null, "name_bn": null, "name_de": null, "name_en": null, "name_es": null, "name_fr": null, "name_el": null, "name_hi": null, "name_hu": null, "name_id": null, "name_it": null, "name_ja": null, "name_ko": null, "name_nl": null, "name_pl": null, "name_pt": null, "name_ru": null, "name_sv": null, "name_tr": null, "name_vi": null, "name_zh": null, "ne_id": 1159115563, "name_fa": null, "name_he": null, "name_uk": null, "name_ur": null, "name_zht": null}, "geometry": {"type": "Polygon", "coordinates": [[[31.345703, 64.465283], [31.369727, 64.500488], [31.472754, 64.481689], [31.594238, 64.476562], [31.647656, 64.474756], [31.742676, 64.477295], [31.790039, 64.49541], [31.783398, 64.52417], [31.764551, 64.557471], [31.821094, 64.552881], [31.898047, 64.514697], [32.014551, 64.494678], [32.043945, 64.459668], [32.002148, 64.405029], [31.873242, 64.416016], [31.545313, 64.435156], [31.345703, 64.465283]]]}}, {"type": "Feature", "properties": {"scalerank": 6, "featurecla": "Reservoir", "name": "Shardara Bögeni", "name_alt": null, "note": null, "admin": null, "namepar": "Shardara Res.", "min_zoom": 5, "min_label": 6.5, "name_abb": "Shardara Bögeni", "label": "Shardara Bögeni", "wikidataid": "Q2474777", "name_ar": "شاردارا بجيني", "name_bn": "শারদারা বেগেনি", "name_de": "Schardara-Talsperre", "name_en": "Chardara Reservoir", "name_es": "Embalse de Shardara", "name_fr": "Shardara Bgeni", "name_el": "Σαρντάρα Μπγκενί", "name_hi": "शारदरा बगेनिक", "name_hu": "Shardara Bgeni", "name_id": "Shardara Bgeni", "name_it": "Shardara", "name_ja": "シャルダラ貯水池", "name_ko": "샤다라 브게니", "name_nl": "Shardara Reservoir", "name_pl": "Zbiornik Szardarski", "name_pt": "Reserva de Shardara", "name_ru": "Чардаринское водохранилище", "name_sv": "Shardara Bgeni", "name_tr": "Shardara Bgeni", "name_vi": "Hồ Shardara Bgeni", "name_zh": "沙达拉布格尼水库", "ne_id": 1159125247, "name_fa": "شاردارا بگنی", "name_he": "שרדארה בְגֶני", "name_uk": "Шардаринське водосховище", "name_ur": "شاردارا بگینی", "name_zht": "沙達拉水庫"}, "geometry": {"type": "Polygon", "coordinates": [[[68.161719, 41.199561], [68.243066, 41.189111], [68.392969, 41.161035], [68.455859, 41.106787], [68.402734, 41.07793], [68.27998, 41.051562], [68.135352, 41.048291], [68.024316, 41.098779], [67.933398, 41.224609], [67.99082, 41.254736], [68.161719, 41.199561]]]}}, {"type": "Feature", "properties": {"scalerank": 6, "featurecla": "Lake", "name": "Üüreg Nuur", "name_alt": null, "note": null, "admin": null, "namepar": null, "min_zoom": 5, "min_label": 6.5, "name_abb": "Üüreg Nuur", "label": "Üüreg Nuur", "wikidataid": "Q978800", "name_ar": "بحيرة ريج", "name_bn": "রেগ নুর", "name_de": "Reg Nuur", "name_en": "Üüreg", "name_es": "Üüreg", "name_fr": "Üüreg", "name_el": "Ρεγκ Νουρ", "name_hi": "रेग नुउर", "name_hu": "Reg Nuur", "name_id": "Reg Nuur", "name_it": "Ùùrėg nuur", "name_ja": "ウウレグ・ヌール", "name_ko": "레그 누르", "name_nl": "Üüreg", "name_pl": "Üüreg nuur", "name_pt": "Lago Reg", "name_ru": "Уурэг-Нуур", "name_sv": "Reg Nuur", "name_tr": "Üüreg", "name_vi": "Uureg", "name_zh": "烏雷格湖", "ne_id": 1159115657, "name_fa": "رگ نور", "name_he": "אגם רג", "name_uk": "Урег-нур", "name_ur": "ریگ نور", "name_zht": "烏雷格湖"}, "geometry": {"type": "Polygon", "coordinates": [[[91.117188, 50.175195], [91.131055, 50.130176], [91.078223, 50.099463], [90.960547, 50.080322], [90.891309, 50.135693], [90.94209, 50.214209], [91.052051, 50.208398], [91.117188, 50.175195]]]}}, {"type": "Feature", "properties": {"scalerank": 1, "featurecla": "Lake", "name": null, "name_alt": null, "note": "_untitled_32", "admin": null, "namepar": null, "min_zoom": 5, "min_label": 6.5, "name_abb": null, "label": null, "wikidataid": null, "name_ar": null, "name_bn": null, "name_de": null, "name_en": null, "name_es": null, "name_fr": null, "name_el": null, "name_hi": null, "name_hu": null, "name_id": null, "name_it": null, "name_ja": null, "name_ko": null, "name_nl": null, "name_pl": null, "name_pt": null, "name_ru": null, "name_sv": null, "name_tr": null, "name_vi": null, "name_zh": null, "ne_id": 1159115681, "name_fa": null, "name_he": null, "name_uk": null, "name_ur": null, "name_zht": null}, "geometry": {"type": "Polygon", "coordinates": [[[90.393945, 33.435596], [90.321777, 33.363184], [90.246582, 33.325098], [90.10127, 33.377246], [90.033301, 33.385254], [90.00625, 33.436621], [90.046973, 33.445215], [90.186426, 33.416211], [90.289551, 33.474707], [90.281934, 33.568701], [90.288672, 33.638281], [90.31875, 33.701758], [90.401367, 33.526318], [90.393945, 33.435596]]]}}, {"type": "Feature", "properties": {"scalerank": 1, "featurecla": "Lake", "name": null, "name_alt": null, "note": "_untitled_31", "admin": null, "namepar": null, "min_zoom": 5, "min_label": 6.5, "name_abb": null, "label": null, "wikidataid": null, "name_ar": null, "name_bn": null, "name_de": null, "name_en": null, "name_es": null, "name_fr": null, "name_el": null, "name_hi": null, "name_hu": null, "name_id": null, "name_it": null, "name_ja": null, "name_ko": null, "name_nl": null, "name_pl": null, "name_pt": null, "name_ru": null, "name_sv": null, "name_tr": null, "name_vi": null, "name_zh": null, "ne_id": 1159115701, "name_fa": null, "name_he": null, "name_uk": null, "name_ur": null, "name_zht": null}, "geometry": {"type": "Polygon", "coordinates": [[[89.770508, 33.468701], [89.832227, 33.480225], [89.876172, 33.505176], [89.935156, 33.522852], [89.969629, 33.479883], [89.91875, 33.375537], [89.889746, 33.329297], [89.82998, 33.255811], [89.805664, 33.285645], [89.785742, 33.416797], [89.734277, 33.447412], [89.709961, 33.46875], [89.770508, 33.468701]]]}}, {"type": "Feature", "properties": {"scalerank": 1, "featurecla": "Lake", "name": null, "name_alt": null, "note": "_untitled_30", "admin": null, "namepar": null, "min_zoom": 5, "min_label": 6.5, "name_abb": null, "label": null, "wikidataid": null, "name_ar": null, "name_bn": null, "name_de": null, "name_en": null, "name_es": null, "name_fr": null, "name_el": null, "name_hi": null, "name_hu": null, "name_id": null, "name_it": null, "name_ja": null, "name_ko": null, "name_nl": null, "name_pl": null, "name_pt": null, "name_ru": null, "name_sv": null, "name_tr": null, "name_vi": null, "name_zh": null, "ne_id": 1159115721, "name_fa": null, "name_he": null, "name_uk": null, "name_ur": null, "name_zht": null}, "geometry": {"type": "Polygon", "coordinates": [[[76.081934, 31.908838], [75.974805, 31.972461], [75.938281, 32.061328], [75.935742, 32.139209], [75.982813, 32.153174], [76.094629, 32.073437], [76.171387, 31.961914], [76.169141, 31.900195], [76.081934, 31.908838]]]}}, {"type": "Feature", "properties": {"scalerank": 1, "featurecla": "Lake", "name": null, "name_alt": null, "note": "_untitled_29", "admin": null, "namepar": null, "min_zoom": 5, "min_label": 6.5, "name_abb": null, "label": null, "wikidataid": null, "name_ar": null, "name_bn": null, "name_de": null, "name_en": null, "name_es": null, "name_fr": null, "name_el": null, "name_hi": null, "name_hu": null, "name_id": null, "name_it": null, "name_ja": null, "name_ko": null, "name_nl": null, "name_pl": null, "name_pt": null, "name_ru": null, "name_sv": null, "name_tr": null, "name_vi": null, "name_zh": null, "ne_id": 1159115741, "name_fa": null, "name_he": null, "name_uk": null, "name_ur": null, "name_zht": null}, "geometry": {"type": "Polygon", "coordinates": [[[91.437012, 31.991016], [91.423926, 32.061914], [91.454688, 32.112158], [91.511426, 32.133203], [91.532422, 32.079736], [91.529492, 31.965869], [91.518359, 31.943018], [91.468945, 31.947461], [91.437012, 31.991016]]]}}, {"type": "Feature", "properties": {"scalerank": 1, "featurecla": "Lake", "name": null, "name_alt": null, "note": "_untitled_28", "admin": null, "namepar": null, "min_zoom": 5, "min_label": 6.5, "name_abb": null, "label": null, "wikidataid": null, "name_ar": null, "name_bn": null, "name_de": null, "name_en": null, "name_es": null, "name_fr": null, "name_el": null, "name_hi": null, "name_hu": null, "name_id": null, "name_it": null, "name_ja": null, "name_ko": null, "name_nl": null, "name_pl": null, "name_pt": null, "name_ru": null, "name_sv": null, "name_tr": null, "name_vi": null, "name_zh": null, "ne_id": 1159115757, "name_fa": null, "name_he": null, "name_uk": null, "name_ur": null, "name_zht": null}, "geometry": {"type": "Polygon", "coordinates": [[[87.424023, 31.911719], [87.489551, 31.954346], [87.546094, 31.96875], [87.590625, 31.947656], [87.595801, 31.903076], [87.530273, 31.84707], [87.414844, 31.85166], [87.424023, 31.911719]]]}}, {"type": "Feature", "properties": {"scalerank": 6, "featurecla": "Lake", "name": "Banggong Co", "name_alt": null, "note": null, "admin": null, "namepar": null, "min_zoom": 5, "min_label": 6.5, "name_abb": "Banggong Co", "label": "Banggong Co", "wikidataid": "Q1032254", "name_ar": "بحيرة بانغونق", "name_bn": "প্যাঙ্গং হ্রদ", "name_de": "Pangong Tso", "name_en": "Pangong Tso", "name_es": "Pangong Tso", "name_fr": "Pangong", "name_el": "Μπανγκόγκ Κο", "name_hi": "पांगोंग त्सो", "name_hu": "Banggong-tó", "name_id": "Pangong Tso", "name_it": "Pangong Tso", "name_ja": "パンゴン湖", "name_ko": "방공 코", "name_nl": "Pangong", "name_pl": "Banggong Co", "name_pt": "Pangong Tso", "name_ru": "Пангонг-Цо", "name_sv": "Pangongsjön", "name_tr": "Pangong", "name_vi": "Pangong Tso", "name_zh": "班公错", "ne_id": 1159115773, "name_fa": "بنگونگ کو", "name_he": "אגם באנגונג", "name_uk": "Пангонг-Цо", "name_ur": "بینگونگ کو", "name_zht": "班公錯"}, "geometry": {"type": "Polygon", "coordinates": [[[78.49043, 33.973535], [78.657813, 33.816455], [78.758008, 33.747266], [78.960547, 33.741016], [78.975586, 33.723486], [78.914062, 33.696631], [78.734277, 33.677002], [78.552637, 33.851172], [78.442969, 33.939404], [78.49043, 33.973535]]]}}, {"type": "Feature", "properties": {"scalerank": 6, "featurecla": "Alkaline Lake", "name": "Tengiz Köli", "name_alt": null, "note": null, "admin": null, "namepar": null, "min_zoom": 5, "min_label": 6.5, "name_abb": "Tengiz Köli", "label": "Tengiz Köli", "wikidataid": "Q931708", "name_ar": "حيرة تنجيز", "name_bn": "টেঙ্গিজ কেলি", "name_de": "Tengizsee", "name_en": "Tengiz", "name_es": "Tengiz", "name_fr": "Tengiz", "name_el": "Τενγκίζ Κάλι", "name_hi": "तेंगिज़ कोलि", "name_hu": "Tengiz-tó", "name_id": "Tengiz", "name_it": "Tengiz", "name_ja": "テンギス湖", "name_ko": "텡기즈 콜리", "name_nl": "Tengizmeer", "name_pl": "Tengyz", "name_pt": "Lago Tengiz", "name_ru": "Тенгиз", "name_sv": "Tengiz Köli", "name_tr": "Tengiz", "name_vi": "Hồ Tengiz Köli", "name_zh": "田吉茲湖", "ne_id": 1159126917, "name_fa": "دریاچه تنگیز", "name_he": "אגם טנגיז", "name_uk": "Тенгіз", "name_ur": "تینگیز کولی", "name_zht": "田吉茲湖"}, "geometry": {"type": "Polygon", "coordinates": [[[69.370508, 50.719238], [69.516309, 50.69292], [69.616699, 50.676172], [69.6125, 50.614502], [69.500098, 50.591113], [69.390039, 50.599023], [69.33457, 50.604492], [69.274902, 50.587744], [69.108691, 50.460107], [69.047168, 50.425684], [69.03584, 50.396533], [69.056738, 50.363867], [69.236621, 50.353516], [69.259082, 50.310596], [69.255762, 50.254346], [69.200195, 50.253662], [69.148145, 50.241162], [69.074023, 50.200537], [68.937793, 50.179004], [68.77832, 50.228418], [68.690234, 50.265967], [68.718945, 50.32998], [68.75918, 50.437988], [68.779004, 50.513379], [68.861328, 50.571045], [68.992773, 50.563867], [69.09082, 50.563867], [69.226758, 50.616211], [69.2875, 50.687988], [69.370508, 50.719238]]]}}, {"type": "Feature", "properties": {"scalerank": 6, "featurecla": "Alkaline Lake", "name": "Qusmuryn Köli", "name_alt": null, "note": null, "admin": null, "namepar": null, "min_zoom": 5, "min_label": 6.5, "name_abb": "Qusmuryn Köli", "label": "Qusmuryn Köli", "wikidataid": "Q2454806", "name_ar": "كوسمورين كولي", "name_bn": "ক্যুসমুর‍্যান কোলি", "name_de": "Qusmuryn Köli", "name_en": "Kushmurun", "name_es": "Qusmuryn Koli", "name_fr": "Qusmuryn Koli", "name_el": "Κουσμουρίνκ Κόλι", "name_hi": "कुस्मुरिन कोलि", "name_hu": "Kušmurun", "name_id": "Qusmuryn Koli", "name_it": "Qusmuryn Köli", "name_ja": "クスムリュン・コリ", "name_ko": "쿠스무린 콜리", "name_nl": "Lake Ubogan", "name_pl": "Kusmuryn", "name_pt": "Lago Qusmuryn", "name_ru": "Кушмурун", "name_sv": "Ozero Kushmurun", "name_tr": "Qusmuryn Köli", "name_vi": "Hồ Ubogan", "name_zh": "库斯马林湖", "ne_id": 1159126933, "name_fa": "کوسمورین کولی", "name_he": "אגם קוסמורין", "name_uk": "Кусмирін Колі", "name_ur": "قسمورین کولی", "name_zht": "庫斯穆林湖"}, "geometry": {"type": "Polygon", "coordinates": [[[64.685352, 52.687402], [64.790039, 52.767773], [64.883594, 52.855957], [64.94873, 52.908105], [64.982324, 52.882861], [64.96709, 52.731152], [64.889844, 52.671875], [64.794043, 52.62373], [64.765332, 52.612793], [64.721973, 52.593945], [64.64873, 52.553125], [64.515039, 52.515723], [64.501367, 52.535059], [64.573633, 52.604883], [64.685352, 52.687402]]]}}, {"type": "Feature", "properties": {"scalerank": 6, "featurecla": "Lake", "name": "Femunden", "name_alt": null, "note": null, "admin": null, "namepar": null, "min_zoom": 5, "min_label": 6.5, "name_abb": "Femunden", "label": "Femunden", "wikidataid": "Q1324437", "name_ar": "فيموندين", "name_bn": "ফেমুন্ডেন", "name_de": "Femundsee", "name_en": "Femund", "name_es": "Femund", "name_fr": "Femunden", "name_el": "Φεμούντεν", "name_hi": "फ़ेमुंडेन", "name_hu": "Femunden", "name_id": "Femunden", "name_it": "Femund", "name_ja": "フェームンデン湖", "name_ko": "페문호", "name_nl": "Femund", "name_pl": "Femunden", "name_pt": "Femund", "name_ru": "Фемунн", "name_sv": "Femunden", "name_tr": "Femund", "name_vi": "Hồ Femunden", "name_zh": "费蒙登湖", "ne_id": 1159115801, "name_fa": "فموندن", "name_he": "פמונד", "name_uk": "Фемунн", "name_ur": "فیمنڈن", "name_zht": "費蒙登湖"}, "geometry": {"type": "Polygon", "coordinates": [[[11.752734, 61.928809], [11.742285, 62.008447], [11.77793, 62.052441], [11.796777, 61.939307], [11.752734, 61.928809]]]}}, {"type": "Feature", "properties": {"scalerank": 6, "featurecla": "Lake", "name": "Femunden", "name_alt": null, "note": null, "admin": null, "namepar": null, "min_zoom": 5, "min_label": 6.5, "name_abb": "Femunden", "label": "Femunden", "wikidataid": "Q1324437", "name_ar": "فيموندين", "name_bn": "ফেমুন্ডেন", "name_de": "Femundsee", "name_en": "Femund", "name_es": "Femund", "name_fr": "Femunden", "name_el": "Φεμούντεν", "name_hi": "फ़ेमुंडेन", "name_hu": "Femunden", "name_id": "Femunden", "name_it": "Femund", "name_ja": "フェームンデン湖", "name_ko": "페문호", "name_nl": "Femund", "name_pl": "Femunden", "name_pt": "Femund", "name_ru": "Фемунн", "name_sv": "Femunden", "name_tr": "Femund", "name_vi": "Hồ Femunden", "name_zh": "费蒙登湖", "ne_id": 1159115821, "name_fa": "فموندن", "name_he": "פמונד", "name_uk": "Фемунн", "name_ur": "فیمنڈن", "name_zht": "費蒙登湖"}, "geometry": {"type": "Polygon", "coordinates": [[[11.893262, 62.299854], [11.892188, 62.399561], [11.922461, 62.421289], [11.966504, 62.406641], [11.95, 62.309717], [11.928906, 62.205127], [11.900098, 62.143604], [11.885059, 62.088623], [11.902148, 62.026123], [11.92666, 61.930908], [11.882715, 61.930908], [11.842871, 62.046143], [11.721289, 62.102734], [11.736035, 62.138379], [11.766113, 62.153516], [11.845508, 62.211865], [11.893262, 62.299854]]]}}]}